
=== batch_00 (attempt 1) ===
    cells in section: 98   stale(MeshMerge(1)) now: 0
    [  0.2 min] 0/0  approve=0 reject=0  vram=224 peak=224  -
    [  0.5 min] 6/98  approve=6 reject=0  vram=1432 peak=1432  Alpine8K_HLODLayer_Merged/Alpine8K_HLODLayer_Instanced_L0_X-8_Y9
    [  0.8 min] 6/98  approve=6 reject=0  vram=2871 peak=2871  Alpine8K_HLODLayer_Merged/Alpine8K_HLODLayer_Instanced_L0_X-8_Y9
    [  1.2 min] 6/98  approve=6 reject=0  vram=2871 peak=2871  Alpine8K_HLODLayer_Merged/Alpine8K_HLODLayer_Instanced_L0_X-8_Y9
    [  1.5 min] 9/98  approve=9 reject=0  vram=2904 peak=2904  Alpine8K_HLODLayer_Merged/Alpine8K_HLODLayer_Instanced_L0_X5_Y-7
    [  1.8 min] 12/98  approve=12 reject=0  vram=3001 peak=3001  Alpine8K_HLODLayer_Merged/Alpine8K_HLODLayer_Instanced_L0_X12_Y4
    [  2.2 min] 15/98  approve=15 reject=0  vram=3049 peak=3049  Alpine8K_HLODLayer_Merged/Alpine8K_HLODLayer_Instanced_L0_X-11_Y-9
    [  2.5 min] 21/98  approve=21 reject=0  vram=3097 peak=3097  Alpine8K_HLODLayer_Merged/Alpine8K_HLODLayer_Instanced_L0_X13_Y-4
    [  2.9 min] 21/98  approve=21 reject=0  vram=3146 peak=3146  Alpine8K_HLODLayer_Merged/Alpine8K_HLODLayer_Instanced_L0_X13_Y-4
    [  3.2 min] 21/98  approve=21 reject=0  vram=3146 peak=3146  Alpine8K_HLODLayer_Merged/Alpine8K_HLODLayer_Instanced_L0_X13_Y-4
    [  3.5 min] 21/98  approve=21 reject=0  vram=3146 peak=3146  Alpine8K_HLODLayer_Merged/Alpine8K_HLODLayer_Instanced_L0_X13_Y-4
    [  3.9 min] 26/98  approve=26 reject=0  vram=3194 peak=3194  Alpine8K_HLODLayer_Merged/Alpine8K_HLODLayer_Instanced_L0_X13_Y-8
    [  4.2 min] 26/98  approve=26 reject=0  vram=3194 peak=3194  Alpine8K_HLODLayer_Merged/Alpine8K_HLODLayer_Instanced_L0_X13_Y-8
    [  4.5 min] 26/98  approve=26 reject=0  vram=3242 peak=3242  Alpine8K_HLODLayer_Merged/Alpine8K_HLODLayer_Instanced_L0_X13_Y-8
    [  4.9 min] 26/98  approve=26 reject=0  vram=3242 peak=3242  Alpine8K_HLODLayer_Merged/Alpine8K_HLODLayer_Instanced_L0_X13_Y-8
    [  5.2 min] 26/98  approve=26 reject=0  vram=3242 peak=3242  Alpine8K_HLODLayer_Merged/Alpine8K_HLODLayer_Instanced_L0_X13_Y-8
    [  5.5 min] 28/98  approve=28 reject=0  vram=3242 peak=3242  Alpine8K_HLODLayer_Merged/Alpine8K_HLODLayer_Instanced_L0_X14_Y1
    [  5.9 min] 28/98  approve=28 reject=0  vram=3291 peak=3291  Alpine8K_HLODLayer_Merged/Alpine8K_HLODLayer_Instanced_L0_X14_Y1
    [  6.2 min] 28/98  approve=28 reject=0  vram=3291 peak=3291  Alpine8K_HLODLayer_Merged/Alpine8K_HLODLayer_Instanced_L0_X14_Y1
    [  6.6 min] 28/98  approve=28 reject=0  vram=3291 peak=3291  Alpine8K_HLODLayer_Merged/Alpine8K_HLODLayer_Instanced_L0_X14_Y1
    [  6.9 min] 30/98  approve=30 reject=0  vram=3917 peak=3917  Alpine8K_HLODLayer_Merged/Alpine8K_HLODLayer_Instanced_L1_X0_Y4
    [  7.2 min] 30/98  approve=30 reject=0  vram=3917 peak=3917  Alpine8K_HLODLayer_Merged/Alpine8K_HLODLayer_Instanced_L1_X0_Y4
    [  7.6 min] 32/98  approve=32 reject=0  vram=4418 peak=4418  Alpine8K_HLODLayer_Merged/Alpine8K_HLODLayer_Instanced_L1_X3_Y-8
    [  7.9 min] 32/98  approve=32 reject=0  vram=4418 peak=4418  Alpine8K_HLODLayer_Merged/Alpine8K_HLODLayer_Instanced_L1_X3_Y-8
    [  8.2 min] 32/98  approve=32 reject=0  vram=4418 peak=4418  Alpine8K_HLODLayer_Merged/Alpine8K_HLODLayer_Instanced_L1_X3_Y-8
    [  8.6 min] 34/98  approve=34 reject=0  vram=4446 peak=4446  Alpine8K_HLODLayer_Merged/Alpine8K_HLODLayer_Instanced_L0_X-6_Y11
    [  8.9 min] 34/98  approve=34 reject=0  vram=4446 peak=4446  Alpine8K_HLODLayer_Merged/Alpine8K_HLODLayer_Instanced_L0_X-6_Y11
    [  9.2 min] 36/98  approve=36 reject=0  vram=4494 peak=4494  Alpine8K_HLODLayer_Merged/Alpine8K_HLODLayer_Instanced_L0_X5_Y15
    [  9.6 min] 40/98  approve=40 reject=0  vram=4542 peak=4542  Alpine8K_HLODLayer_Merged/Alpine8K_HLODLayer_Instanced_L0_X12_Y-3
    [  9.9 min] 40/98  approve=40 reject=0  vram=4591 peak=4591  Alpine8K_HLODLayer_Merged/Alpine8K_HLODLayer_Instanced_L0_X12_Y-3
    [ 10.3 min] 40/98  approve=40 reject=0  vram=4591 peak=4591  Alpine8K_HLODLayer_Merged/Alpine8K_HLODLayer_Instanced_L0_X12_Y-3
    [ 10.6 min] 42/98  approve=42 reject=0  vram=4639 peak=4639  Alpine8K_HLODLayer_Merged/Alpine8K_HLODLayer_Instanced_L0_X-12_Y1
    [ 10.9 min] 44/98  approve=44 reject=0  vram=4687 peak=4687  Alpine8K_HLODLayer_Merged/Alpine8K_HLODLayer_Instanced_L0_X1_Y1
    [ 11.3 min] 46/98  approve=46 reject=0  vram=4687 peak=4687  Alpine8K_HLODLayer_Merged/Alpine8K_HLODLayer_Instanced_L0_X1_Y3
    [ 11.6 min] 46/98  approve=46 reject=0  vram=4736 peak=4736  Alpine8K_HLODLayer_Merged/Alpine8K_HLODLayer_Instanced_L0_X1_Y3
    [ 12.0 min] 48/98  approve=48 reject=0  vram=4736 peak=4736  Alpine8K_HLODLayer_Merged/Alpine8K_HLODLayer_Instanced_L0_X12_Y-10
    [ 12.3 min] 48/98  approve=48 reject=0  vram=4784 peak=4784  Alpine8K_HLODLayer_Merged/Alpine8K_HLODLayer_Instanced_L0_X12_Y-10
    [ 12.7 min] 48/98  approve=48 reject=0  vram=4784 peak=4784  Alpine8K_HLODLayer_Merged/Alpine8K_HLODLayer_Instanced_L0_X12_Y-10
    [ 13.0 min] 50/98  approve=50 reject=0  vram=4784 peak=4784  Alpine8K_HLODLayer_Merged/Alpine8K_HLODLayer_Instanced_L0_X-7_Y-14
    [ 13.3 min] 50/98  approve=50 reject=0  vram=4832 peak=4832  Alpine8K_HLODLayer_Merged/Alpine8K_HLODLayer_Instanced_L0_X-7_Y-14
    [ 13.7 min] 50/98  approve=50 reject=0  vram=4832 peak=4832  Alpine8K_HLODLayer_Merged/Alpine8K_HLODLayer_Instanced_L0_X-7_Y-14
    [ 14.0 min] 52/98  approve=52 reject=0  vram=4832 peak=4832  Alpine8K_HLODLayer_Merged/Alpine8K_HLODLayer_Instanced_L0_X-12_Y-16
    [ 14.3 min] 52/98  approve=52 reject=0  vram=4881 peak=4881  Alpine8K_HLODLayer_Merged/Alpine8K_HLODLayer_Instanced_L0_X-12_Y-16
    [ 14.7 min] 52/98  approve=52 reject=0  vram=4881 peak=4881  Alpine8K_HLODLayer_Merged/Alpine8K_HLODLayer_Instanced_L0_X-12_Y-16
    [ 15.0 min] 56/98  approve=56 reject=0  vram=4929 peak=4929  Alpine8K_HLODLayer_Merged/Alpine8K_HLODLayer_Instanced_L0_X-12_Y-3
    [ 15.3 min] 58/98  approve=58 reject=0  vram=4977 peak=4977  Alpine8K_HLODLayer_Merged/Alpine8K_HLODLayer_Instanced_L0_X10_Y-9
    [ 15.7 min] 58/98  approve=58 reject=0  vram=5026 peak=5026  Alpine8K_HLODLayer_Merged/Alpine8K_HLODLayer_Instanced_L0_X10_Y-9
    [ 16.0 min] 60/98  approve=60 reject=0  vram=5026 peak=5026  Alpine8K_HLODLayer_Merged/Alpine8K_HLODLayer_Instanced_L0_X-6_Y15
    [ 16.4 min] 60/98  approve=60 reject=0  vram=5074 peak=5074  Alpine8K_HLODLayer_Merged/Alpine8K_HLODLayer_Instanced_L0_X-6_Y15
    [ 16.7 min] 60/98  approve=60 reject=0  vram=5074 peak=5074  Alpine8K_HLODLayer_Merged/Alpine8K_HLODLayer_Instanced_L0_X-6_Y15
    [ 17.0 min] 62/98  approve=62 reject=0  vram=5074 peak=5074  Alpine8K_HLODLayer_Merged/Alpine8K_HLODLayer_Instanced_L0_X-13_Y14
    [ 17.4 min] 62/98  approve=62 reject=0  vram=5074 peak=5074  Alpine8K_HLODLayer_Merged/Alpine8K_HLODLayer_Instanced_L0_X-13_Y14
    [ 17.7 min] 62/98  approve=62 reject=0  vram=5122 peak=5122  Alpine8K_HLODLayer_Merged/Alpine8K_HLODLayer_Instanced_L0_X-13_Y14
    [ 18.0 min] 62/98  approve=62 reject=0  vram=5122 peak=5122  Alpine8K_HLODLayer_Merged/Alpine8K_HLODLayer_Instanced_L0_X-13_Y14
    [ 18.4 min] 64/98  approve=64 reject=0  vram=5122 peak=5122  Alpine8K_HLODLayer_Merged/Alpine8K_HLODLayer_Instanced_L0_X-15_Y7
    [ 18.7 min] 64/98  approve=64 reject=0  vram=5171 peak=5171  Alpine8K_HLODLayer_Merged/Alpine8K_HLODLayer_Instanced_L0_X-15_Y7
    [ 19.1 min] 64/98  approve=64 reject=0  vram=5171 peak=5171  Alpine8K_HLODLayer_Merged/Alpine8K_HLODLayer_Instanced_L0_X-15_Y7
    [ 19.4 min] 66/98  approve=66 reject=0  vram=5656 peak=5656  Alpine8K_HLODLayer_Merged/Alpine8K_HLODLayer_Instanced_L1_X4_Y-5
    [ 19.7 min] 66/98  approve=66 reject=0  vram=5656 peak=5656  Alpine8K_HLODLayer_Merged/Alpine8K_HLODLayer_Instanced_L1_X4_Y-5
    [ 20.1 min] 66/98  approve=66 reject=0  vram=5656 peak=5656  Alpine8K_HLODLayer_Merged/Alpine8K_HLODLayer_Instanced_L1_X4_Y-5
    [ 20.4 min] 68/98  approve=68 reject=0  vram=5668 peak=5668  Alpine8K_HLODLayer_Merged/Alpine8K_HLODLayer_Instanced_L0_X14_Y-11
    [ 20.7 min] 68/98  approve=68 reject=0  vram=5716 peak=5716  Alpine8K_HLODLayer_Merged/Alpine8K_HLODLayer_Instanced_L0_X14_Y-11
    [ 21.1 min] 68/98  approve=68 reject=0  vram=5716 peak=5716  Alpine8K_HLODLayer_Merged/Alpine8K_HLODLayer_Instanced_L0_X14_Y-11
    [ 21.4 min] 68/98  approve=68 reject=0  vram=5716 peak=5716  Alpine8K_HLODLayer_Merged/Alpine8K_HLODLayer_Instanced_L0_X14_Y-11
    [ 21.7 min] 70/98  approve=70 reject=0  vram=6233 peak=6233  Alpine8K_HLODLayer_Merged/Alpine8K_HLODLayer_Instanced_L1_X0_Y7
    [ 22.1 min] 70/98  approve=70 reject=0  vram=6233 peak=6233  Alpine8K_HLODLayer_Merged/Alpine8K_HLODLayer_Instanced_L1_X0_Y7
    [ 22.4 min] 72/98  approve=72 reject=0  vram=6261 peak=6261  Alpine8K_HLODLayer_Merged/Alpine8K_HLODLayer_Instanced_L0_X3_Y-2
    [ 22.7 min] 74/98  approve=74 reject=0  vram=6261 peak=6261  Alpine8K_HLODLayer_Merged/Alpine8K_HLODLayer_Instanced_L0_X-15_Y15
    [ 23.1 min] 74/98  approve=74 reject=0  vram=6310 peak=6310  Alpine8K_HLODLayer_Merged/Alpine8K_HLODLayer_Instanced_L0_X-15_Y15
    [ 23.4 min] 76/98  approve=76 reject=0  vram=6796 peak=6796  Alpine8K_HLODLayer_Merged/Alpine8K_HLODLayer_Instanced_L1_X4_Y-7
    [ 23.7 min] 76/98  approve=76 reject=0  vram=6796 peak=6796  Alpine8K_HLODLayer_Merged/Alpine8K_HLODLayer_Instanced_L1_X4_Y-7
    [ 24.1 min] 76/98  approve=76 reject=0  vram=6796 peak=6796  Alpine8K_HLODLayer_Merged/Alpine8K_HLODLayer_Instanced_L1_X4_Y-7
    [ 24.4 min] 78/98  approve=78 reject=0  vram=6776 peak=6796  Alpine8K_HLODLayer_Merged/Alpine8K_HLODLayer_Instanced_L0_X15_Y-8
    [ 24.8 min] 78/98  approve=78 reject=0  vram=6824 peak=6824  Alpine8K_HLODLayer_Merged/Alpine8K_HLODLayer_Instanced_L0_X15_Y-8
    [ 25.1 min] 78/98  approve=78 reject=0  vram=6824 peak=6824  Alpine8K_HLODLayer_Merged/Alpine8K_HLODLayer_Instanced_L0_X15_Y-8
    [ 25.4 min] 80/98  approve=80 reject=0  vram=7341 peak=7341  Alpine8K_HLODLayer_Merged/Alpine8K_HLODLayer_Instanced_L1_X-8_Y0
    [ 25.8 min] 80/98  approve=80 reject=0  vram=7341 peak=7341  Alpine8K_HLODLayer_Merged/Alpine8K_HLODLayer_Instanced_L1_X-8_Y0
    [ 26.1 min] 80/98  approve=80 reject=0  vram=7341 peak=7341  Alpine8K_HLODLayer_Merged/Alpine8K_HLODLayer_Instanced_L1_X-8_Y0
    [ 26.4 min] 82/98  approve=82 reject=0  vram=7806 peak=7806  Alpine8K_HLODLayer_Merged/Alpine8K_HLODLayer_Instanced_L1_X-3_Y7
    [ 26.8 min] 82/98  approve=82 reject=0  vram=7806 peak=7806  Alpine8K_HLODLayer_Merged/Alpine8K_HLODLayer_Instanced_L1_X-3_Y7
    [ 27.1 min] 82/98  approve=82 reject=0  vram=7806 peak=7806  Alpine8K_HLODLayer_Merged/Alpine8K_HLODLayer_Instanced_L1_X-3_Y7
    [ 27.5 min] 84/98  approve=84 reject=0  vram=7786 peak=7806  Alpine8K_HLODLayer_Merged/Alpine8K_HLODLayer_Instanced_L0_X9_Y-4
    [ 27.8 min] 84/98  approve=84 reject=0  vram=7834 peak=7834  Alpine8K_HLODLayer_Merged/Alpine8K_HLODLayer_Instanced_L0_X9_Y-4
    [ 28.1 min] 86/98  approve=86 reject=0  vram=7882 peak=7882  Alpine8K_HLODLayer_Merged/Alpine8K_HLODLayer_Instanced_L0_X-12_Y-12
    [ 28.5 min] 88/98  approve=88 reject=0  vram=7931 peak=7931  Alpine8K_HLODLayer_Merged/Alpine8K_HLODLayer_Instanced_L0_X-6_Y3
    [ 28.8 min] 90/98  approve=90 reject=0  vram=8544 peak=8544  Alpine8K_HLODLayer_Merged/Alpine8K_HLODLayer_Instanced_L1_X-3_Y-2
    [ 29.1 min] 90/98  approve=90 reject=0  vram=8544 peak=8544  Alpine8K_HLODLayer_Merged/Alpine8K_HLODLayer_Instanced_L1_X-3_Y-2
    [ 29.5 min] 92/98  approve=92 reject=0  vram=8524 peak=8544  Alpine8K_HLODLayer_Merged/Alpine8K_HLODLayer_Instanced_L0_X-13_Y12
    [ 29.8 min] 92/98  approve=92 reject=0  vram=8573 peak=8573  Alpine8K_HLODLayer_Merged/Alpine8K_HLODLayer_Instanced_L0_X-13_Y12
    [ 30.1 min] 92/98  approve=92 reject=0  vram=8573 peak=8573  Alpine8K_HLODLayer_Merged/Alpine8K_HLODLayer_Instanced_L0_X-13_Y12
    [ 30.5 min] 94/98  approve=94 reject=0  vram=8573 peak=8573  Alpine8K_HLODLayer_Merged/Alpine8K_HLODLayer_Instanced_L0_X8_Y3
    [ 30.8 min] 94/98  approve=94 reject=0  vram=8621 peak=8621  Alpine8K_HLODLayer_Merged/Alpine8K_HLODLayer_Instanced_L0_X8_Y3
    [ 31.1 min] 96/98  approve=96 reject=0  vram=8621 peak=8621  Alpine8K_HLODLayer_Merged/Alpine8K_HLODLayer_Instanced_L0_X11_Y-7
    [ 31.5 min] 96/98  approve=96 reject=0  vram=8669 peak=8669  Alpine8K_HLODLayer_Merged/Alpine8K_HLODLayer_Instanced_L0_X11_Y-7
    [ 31.8 min] 96/98  approve=96 reject=0  vram=8669 peak=8669  Alpine8K_HLODLayer_Merged/Alpine8K_HLODLayer_Instanced_L0_X11_Y-7
    [ 32.2 min] 98/98  approve=98 reject=0  vram=8718 peak=8718  Alpine8K_HLODLayer_Merged/Alpine8K_HLODLayer_Instanced_L0_X-3_Y5
    [ 32.5 min] 98/98  approve=98 reject=0  vram=12 peak=8718  Alpine8K_HLODLayer_Merged/Alpine8K_HLODLayer_Instanced_L0_X-3_Y5
    done rc=1 in 32.5 min | approve=98 reject=0 | STALE 0 -> 0 (-0), current=1042 | vram peak 8718 MiB | true_exit=True | written=98 torn=0 last_write_to_exit=8.69s
  attribution  building-lines 98  decisions 98  approved 98  rejected 0
    Alpine8K_HLODLayer_Instanced       approve 54     reject 0       from Alpine8K_MainPartition x54
    Alpine8K_HLODLayer_Merged          approve 44     reject 0       from Alpine8K_HLODLayer_Instanced x44
warning: in the working copy of '_verify/hlod/build_20260914b/batches.json', CRLF will be replaced by LF the next time Git touches it
warning: in the working copy of '_verify/hlod/build_20260914b/batch_00.log', LF will be replaced by CRLF the next time Git touches it
[main da79514a] HLOD batch 00: 0 cells de-staled, 0 -> 0 left, 32.5 min, VRAM peak 8718 MiB
 4 files changed, 4278 insertions(+), 1 deletion(-)
 create mode 100644 _verify/hlod/build_20260914b/_commitmsg.txt
 create mode 100644 _verify/hlod/build_20260914b/batch_00.log
 create mode 100644 _verify/hlod/build_20260914b/run_console.log

=== batch_01 (attempt 1) ===
    cells in section: 98   stale(MeshMerge(1)) now: 0
    [  0.2 min] 0/0  approve=0 reject=0  vram=223 peak=223  -
    [  0.5 min] 6/98  approve=6 reject=0  vram=1432 peak=1432  Alpine8K_HLODLayer_Merged/Alpine8K_HLODLayer_Instanced_L0_X-8_Y10
    [  0.8 min] 6/98  approve=6 reject=0  vram=2871 peak=2871  Alpine8K_HLODLayer_Merged/Alpine8K_HLODLayer_Instanced_L0_X-8_Y10
    [  1.2 min] 6/98  approve=6 reject=0  vram=2871 peak=2871  Alpine8K_HLODLayer_Merged/Alpine8K_HLODLayer_Instanced_L0_X-8_Y10
    [  1.5 min] 9/98  approve=9 reject=0  vram=2904 peak=2904  Alpine8K_HLODLayer_Merged/Alpine8K_HLODLayer_Instanced_L0_X-7_Y12
    [  1.8 min] 9/98  approve=9 reject=0  vram=2952 peak=2952  Alpine8K_HLODLayer_Merged/Alpine8K_HLODLayer_Instanced_L0_X-7_Y12
    [  2.2 min] 9/98  approve=9 reject=0  vram=2952 peak=2952  Alpine8K_HLODLayer_Merged/Alpine8K_HLODLayer_Instanced_L0_X-7_Y12
    [  2.5 min] 12/98  approve=12 reject=0  vram=2952 peak=2952  Alpine8K_HLODLayer_Merged/Alpine8K_HLODLayer_Instanced_L0_X-13_Y13
    [  2.9 min] 12/98  approve=12 reject=0  vram=3001 peak=3001  Alpine8K_HLODLayer_Merged/Alpine8K_HLODLayer_Instanced_L0_X-13_Y13
    [  3.2 min] 12/98  approve=12 reject=0  vram=3001 peak=3001  Alpine8K_HLODLayer_Merged/Alpine8K_HLODLayer_Instanced_L0_X-13_Y13
    [  3.5 min] 15/98  approve=15 reject=0  vram=3001 peak=3001  Alpine8K_HLODLayer_Merged/Alpine8K_HLODLayer_Instanced_L0_X3_Y15
    [  3.9 min] 15/98  approve=15 reject=0  vram=3049 peak=3049  Alpine8K_HLODLayer_Merged/Alpine8K_HLODLayer_Instanced_L0_X3_Y15
    [  4.2 min] 18/98  approve=18 reject=0  vram=3049 peak=3049  Alpine8K_HLODLayer_Merged/Alpine8K_HLODLayer_Instanced_L0_X-1_Y7
    [  4.6 min] 18/98  approve=18 reject=0  vram=3097 peak=3097  Alpine8K_HLODLayer_Merged/Alpine8K_HLODLayer_Instanced_L0_X-1_Y7
    [  4.9 min] 18/98  approve=18 reject=0  vram=3097 peak=3097  Alpine8K_HLODLayer_Merged/Alpine8K_HLODLayer_Instanced_L0_X-1_Y7
    [  5.2 min] 18/98  approve=18 reject=0  vram=3097 peak=3097  Alpine8K_HLODLayer_Merged/Alpine8K_HLODLayer_Instanced_L0_X-1_Y7
    [  5.6 min] 21/98  approve=21 reject=0  vram=3097 peak=3097  Alpine8K_HLODLayer_Merged/Alpine8K_HLODLayer_Instanced_L0_X14_Y-1
    [  5.9 min] 21/98  approve=21 reject=0  vram=3146 peak=3146  Alpine8K_HLODLayer_Merged/Alpine8K_HLODLayer_Instanced_L0_X14_Y-1
    [  6.3 min] 21/98  approve=21 reject=0  vram=3146 peak=3146  Alpine8K_HLODLayer_Merged/Alpine8K_HLODLayer_Instanced_L0_X14_Y-1
    [  6.6 min] 21/98  approve=21 reject=0  vram=3146 peak=3146  Alpine8K_HLODLayer_Merged/Alpine8K_HLODLayer_Instanced_L0_X14_Y-1
    [  6.9 min] 24/98  approve=24 reject=0  vram=3194 peak=3194  Alpine8K_HLODLayer_Merged/Alpine8K_HLODLayer_Instanced_L0_X9_Y-7
    [  7.3 min] 24/98  approve=24 reject=0  vram=3194 peak=3194  Alpine8K_HLODLayer_Merged/Alpine8K_HLODLayer_Instanced_L0_X9_Y-7
    [  7.6 min] 26/98  approve=26 reject=0  vram=3194 peak=3194  Alpine8K_HLODLayer_Merged/Alpine8K_HLODLayer_Instanced_L0_X13_Y-16
    [  7.9 min] 26/98  approve=26 reject=0  vram=3242 peak=3242  Alpine8K_HLODLayer_Merged/Alpine8K_HLODLayer_Instanced_L0_X13_Y-16
    [  8.3 min] 28/98  approve=28 reject=0  vram=3242 peak=3242  Alpine8K_HLODLayer_Merged/Alpine8K_HLODLayer_Instanced_L0_X13_Y-7
    [  8.6 min] 28/98  approve=28 reject=0  vram=3290 peak=3290  Alpine8K_HLODLayer_Merged/Alpine8K_HLODLayer_Instanced_L0_X13_Y-7
    [  8.9 min] 28/98  approve=28 reject=0  vram=3290 peak=3290  Alpine8K_HLODLayer_Merged/Alpine8K_HLODLayer_Instanced_L0_X13_Y-7
    [  9.3 min] 28/98  approve=28 reject=0  vram=3290 peak=3290  Alpine8K_HLODLayer_Merged/Alpine8K_HLODLayer_Instanced_L0_X13_Y-7
    [  9.6 min] 30/98  approve=30 reject=0  vram=3371 peak=3371  Alpine8K_HLODLayer_Merged/Alpine8K_HLODLayer_Instanced_L0_X6_Y-9
    [  9.9 min] 32/98  approve=32 reject=0  vram=3419 peak=3419  Alpine8K_HLODLayer_Merged/Alpine8K_HLODLayer_Instanced_L0_X3_Y-3
    [ 10.3 min] 34/98  approve=34 reject=0  vram=3419 peak=3419  Alpine8K_HLODLayer_Merged/Alpine8K_HLODLayer_Instanced_L0_X-11_Y11
    [ 10.6 min] 34/98  approve=34 reject=0  vram=3467 peak=3467  Alpine8K_HLODLayer_Merged/Alpine8K_HLODLayer_Instanced_L0_X-11_Y11
    [ 11.0 min] 34/98  approve=34 reject=0  vram=3467 peak=3467  Alpine8K_HLODLayer_Merged/Alpine8K_HLODLayer_Instanced_L0_X-11_Y11
    [ 11.3 min] 36/98  approve=36 reject=0  vram=3516 peak=3516  Alpine8K_HLODLayer_Merged/Alpine8K_HLODLayer_Instanced_L0_X4_Y-15
    [ 11.6 min] 38/98  approve=38 reject=0  vram=4144 peak=4144  Alpine8K_HLODLayer_Merged/Alpine8K_HLODLayer_Instanced_L1_X3_Y-1
    [ 12.0 min] 38/98  approve=38 reject=0  vram=4144 peak=4144  Alpine8K_HLODLayer_Merged/Alpine8K_HLODLayer_Instanced_L1_X3_Y-1
    [ 12.3 min] 40/98  approve=40 reject=0  vram=4156 peak=4156  Alpine8K_HLODLayer_Merged/Alpine8K_HLODLayer_Instanced_L0_X8_Y-15
    [ 12.6 min] 40/98  approve=40 reject=0  vram=4156 peak=4156  Alpine8K_HLODLayer_Merged/Alpine8K_HLODLayer_Instanced_L0_X8_Y-15
    [ 13.0 min] 40/98  approve=40 reject=0  vram=4204 peak=4204  Alpine8K_HLODLayer_Merged/Alpine8K_HLODLayer_Instanced_L0_X8_Y-15
    [ 13.3 min] 42/98  approve=42 reject=0  vram=4204 peak=4204  Alpine8K_HLODLayer_Merged/Alpine8K_HLODLayer_Instanced_L0_X1_Y2
    [ 13.6 min] 44/98  approve=44 reject=0  vram=4252 peak=4252  Alpine8K_HLODLayer_Merged/Alpine8K_HLODLayer_Instanced_L0_X-12_Y-15
    [ 14.0 min] 44/98  approve=44 reject=0  vram=4252 peak=4252  Alpine8K_HLODLayer_Merged/Alpine8K_HLODLayer_Instanced_L0_X-12_Y-15
    [ 14.3 min] 44/98  approve=44 reject=0  vram=4301 peak=4301  Alpine8K_HLODLayer_Merged/Alpine8K_HLODLayer_Instanced_L0_X-12_Y-15
    [ 14.7 min] 46/98  approve=46 reject=0  vram=4301 peak=4301  Alpine8K_HLODLayer_Merged/Alpine8K_HLODLayer_Instanced_L0_X-13_Y-13
    [ 15.0 min] 46/98  approve=46 reject=0  vram=4349 peak=4349  Alpine8K_HLODLayer_Merged/Alpine8K_HLODLayer_Instanced_L0_X-13_Y-13
    [ 15.3 min] 49/98  approve=48 reject=0  vram=4397 peak=4397  Alpine8K_HLODLayer_Instanced/Alpine8K_MainPartition_L2_X-5_Y3
    [ 15.7 min] 50/98  approve=50 reject=0  vram=4883 peak=4883  Alpine8K_HLODLayer_Merged/Alpine8K_HLODLayer_Instanced_L1_X-5_Y3
    [ 16.0 min] 50/98  approve=50 reject=0  vram=4883 peak=4883  Alpine8K_HLODLayer_Merged/Alpine8K_HLODLayer_Instanced_L1_X-5_Y3
    [ 16.3 min] 52/98  approve=52 reject=0  vram=5444 peak=5444  Alpine8K_HLODLayer_Merged/Alpine8K_HLODLayer_Instanced_L1_X3_Y4
    [ 16.7 min] 52/98  approve=52 reject=0  vram=5444 peak=5444  Alpine8K_HLODLayer_Merged/Alpine8K_HLODLayer_Instanced_L1_X3_Y4
    [ 17.0 min] 54/98  approve=54 reject=0  vram=5473 peak=5473  Alpine8K_HLODLayer_Merged/Alpine8K_HLODLayer_Instanced_L0_X-3_Y2
    [ 17.3 min] 56/98  approve=56 reject=0  vram=5521 peak=5521  Alpine8K_HLODLayer_Merged/Alpine8K_HLODLayer_Instanced_L0_X-12_Y3
    [ 17.7 min] 60/98  approve=60 reject=0  vram=5618 peak=5618  Alpine8K_HLODLayer_Merged/Alpine8K_HLODLayer_Instanced_L0_X6_Y-10
    [ 18.0 min] 62/98  approve=62 reject=0  vram=5634 peak=5634  Alpine8K_HLODLayer_Merged/Alpine8K_HLODLayer_Instanced_L0_X10_Y-2
    [ 18.3 min] 66/98  approve=66 reject=0  vram=5682 peak=5682  Alpine8K_HLODLayer_Merged/Alpine8K_HLODLayer_Instanced_L0_X-14_Y14
    [ 18.7 min] 66/98  approve=66 reject=0  vram=5682 peak=5682  Alpine8K_HLODLayer_Merged/Alpine8K_HLODLayer_Instanced_L0_X-14_Y14
    [ 19.0 min] 66/98  approve=66 reject=0  vram=5731 peak=5731  Alpine8K_HLODLayer_Merged/Alpine8K_HLODLayer_Instanced_L0_X-14_Y14
    [ 19.4 min] 66/98  approve=66 reject=0  vram=5731 peak=5731  Alpine8K_HLODLayer_Merged/Alpine8K_HLODLayer_Instanced_L0_X-14_Y14
    [ 19.7 min] 66/98  approve=66 reject=0  vram=5731 peak=5731  Alpine8K_HLODLayer_Merged/Alpine8K_HLODLayer_Instanced_L0_X-14_Y14
    [ 20.0 min] 68/98  approve=68 reject=0  vram=5779 peak=5779  Alpine8K_HLODLayer_Merged/Alpine8K_HLODLayer_Instanced_L0_X-10_Y1
    [ 20.4 min] 70/98  approve=70 reject=0  vram=6296 peak=6296  Alpine8K_HLODLayer_Merged/Alpine8K_HLODLayer_Instanced_L1_X-2_Y1
    [ 20.7 min] 70/98  approve=70 reject=0  vram=6296 peak=6296  Alpine8K_HLODLayer_Merged/Alpine8K_HLODLayer_Instanced_L1_X-2_Y1
    [ 21.0 min] 72/98  approve=72 reject=0  vram=6324 peak=6324  Alpine8K_HLODLayer_Merged/Alpine8K_HLODLayer_Instanced_L0_X-10_Y-14
    [ 21.4 min] 74/98  approve=74 reject=0  vram=6260 peak=6324  Alpine8K_HLODLayer_Merged/Alpine8K_HLODLayer_Instanced_L0_X6_Y1
    [ 21.7 min] 74/98  approve=74 reject=0  vram=6309 peak=6324  Alpine8K_HLODLayer_Merged/Alpine8K_HLODLayer_Instanced_L0_X6_Y1
    [ 22.0 min] 74/98  approve=74 reject=0  vram=6309 peak=6324  Alpine8K_HLODLayer_Merged/Alpine8K_HLODLayer_Instanced_L0_X6_Y1
    [ 22.4 min] 76/98  approve=76 reject=0  vram=6357 peak=6357  Alpine8K_HLODLayer_Merged/Alpine8K_HLODLayer_Instanced_L0_X-11_Y-7
    [ 22.7 min] 77/98  approve=77 reject=0  vram=7165 peak=7165  Alpine8K_HLODLayer_Instanced/Alpine8K_MainPartition_L2_X7_Y-2
    [ 23.0 min] 78/98  approve=78 reject=0  vram=6842 peak=7165  Alpine8K_HLODLayer_Merged/Alpine8K_HLODLayer_Instanced_L1_X7_Y-2
    [ 23.4 min] 78/98  approve=78 reject=0  vram=6842 peak=7165  Alpine8K_HLODLayer_Merged/Alpine8K_HLODLayer_Instanced_L1_X7_Y-2
    [ 23.7 min] 80/98  approve=80 reject=0  vram=7338 peak=7338  Alpine8K_HLODLayer_Merged/Alpine8K_HLODLayer_Instanced_L1_X1_Y-8
    [ 24.0 min] 80/98  approve=80 reject=0  vram=7338 peak=7338  Alpine8K_HLODLayer_Merged/Alpine8K_HLODLayer_Instanced_L1_X1_Y-8
    [ 24.4 min] 81/98  approve=80 reject=0  vram=7318 peak=7338  Alpine8K_HLODLayer_Instanced/Alpine8K_MainPartition_L2_X4_Y3
    [ 24.7 min] 82/98  approve=82 reject=0  vram=7931 peak=7931  Alpine8K_HLODLayer_Merged/Alpine8K_HLODLayer_Instanced_L1_X4_Y3
    [ 25.1 min] 82/98  approve=82 reject=0  vram=7931 peak=7931  Alpine8K_HLODLayer_Merged/Alpine8K_HLODLayer_Instanced_L1_X4_Y3
    [ 25.4 min] 84/98  approve=84 reject=0  vram=7911 peak=7931  Alpine8K_HLODLayer_Merged/Alpine8K_HLODLayer_Instanced_L0_X-3_Y-16
    [ 25.7 min] 84/98  approve=84 reject=0  vram=7960 peak=7960  Alpine8K_HLODLayer_Merged/Alpine8K_HLODLayer_Instanced_L0_X-3_Y-16
    [ 26.1 min] 86/98  approve=86 reject=0  vram=8444 peak=8444  Alpine8K_HLODLayer_Merged/Alpine8K_HLODLayer_Instanced_L1_X-5_Y2
    [ 26.4 min] 86/98  approve=86 reject=0  vram=8444 peak=8444  Alpine8K_HLODLayer_Merged/Alpine8K_HLODLayer_Instanced_L1_X-5_Y2
    [ 26.7 min] 88/98  approve=88 reject=0  vram=8456 peak=8456  Alpine8K_HLODLayer_Merged/Alpine8K_HLODLayer_Instanced_L0_X13_Y1
    [ 27.1 min] 88/98  approve=88 reject=0  vram=8505 peak=8505  Alpine8K_HLODLayer_Merged/Alpine8K_HLODLayer_Instanced_L0_X13_Y1
    [ 27.4 min] 88/98  approve=88 reject=0  vram=8505 peak=8505  Alpine8K_HLODLayer_Merged/Alpine8K_HLODLayer_Instanced_L0_X13_Y1
    [ 27.7 min] 88/98  approve=88 reject=0  vram=8505 peak=8505  Alpine8K_HLODLayer_Merged/Alpine8K_HLODLayer_Instanced_L0_X13_Y1
    [ 28.1 min] 90/98  approve=90 reject=0  vram=8989 peak=8989  Alpine8K_HLODLayer_Merged/Alpine8K_HLODLayer_Instanced_L1_X7_Y-6
    [ 28.4 min] 90/98  approve=90 reject=0  vram=8989 peak=8989  Alpine8K_HLODLayer_Merged/Alpine8K_HLODLayer_Instanced_L1_X7_Y-6
    [ 28.7 min] 90/98  approve=90 reject=0  vram=8989 peak=8989  Alpine8K_HLODLayer_Merged/Alpine8K_HLODLayer_Instanced_L1_X7_Y-6
    [ 29.1 min] 92/98  approve=92 reject=0  vram=8969 peak=8989  Alpine8K_HLODLayer_Merged/Alpine8K_HLODLayer_Instanced_L0_X-4_Y14
    [ 29.4 min] 92/98  approve=92 reject=0  vram=9018 peak=9018  Alpine8K_HLODLayer_Merged/Alpine8K_HLODLayer_Instanced_L0_X-4_Y14
    [ 29.8 min] 92/98  approve=92 reject=0  vram=9018 peak=9018  Alpine8K_HLODLayer_Merged/Alpine8K_HLODLayer_Instanced_L0_X-4_Y14
    [ 30.1 min] 92/98  approve=92 reject=0  vram=9018 peak=9018  Alpine8K_HLODLayer_Merged/Alpine8K_HLODLayer_Instanced_L0_X-4_Y14
    [ 30.5 min] 94/98  approve=94 reject=0  vram=9018 peak=9018  Alpine8K_HLODLayer_Merged/Alpine8K_HLODLayer_Instanced_L0_X-13_Y9
    [ 30.8 min] 94/98  approve=94 reject=0  vram=9066 peak=9066  Alpine8K_HLODLayer_Merged/Alpine8K_HLODLayer_Instanced_L0_X-13_Y9
    [ 31.1 min] 94/98  approve=94 reject=0  vram=9066 peak=9066  Alpine8K_HLODLayer_Merged/Alpine8K_HLODLayer_Instanced_L0_X-13_Y9
    [ 31.5 min] 96/98  approve=96 reject=0  vram=9066 peak=9066  Alpine8K_HLODLayer_Merged/Alpine8K_HLODLayer_Instanced_L0_X-7_Y7
    [ 31.8 min] 96/98  approve=96 reject=0  vram=9066 peak=9066  Alpine8K_HLODLayer_Merged/Alpine8K_HLODLayer_Instanced_L0_X-7_Y7
    [ 32.1 min] 96/98  approve=96 reject=0  vram=9114 peak=9114  Alpine8K_HLODLayer_Merged/Alpine8K_HLODLayer_Instanced_L0_X-7_Y7
    [ 32.5 min] 96/98  approve=96 reject=0  vram=9114 peak=9114  Alpine8K_HLODLayer_Merged/Alpine8K_HLODLayer_Instanced_L0_X-7_Y7
    [ 32.8 min] 96/98  approve=96 reject=0  vram=9114 peak=9114  Alpine8K_HLODLayer_Merged/Alpine8K_HLODLayer_Instanced_L0_X-7_Y7
    [ 33.2 min] 98/98  approve=98 reject=0  vram=9114 peak=9114  Alpine8K_HLODLayer_Merged/Alpine8K_HLODLayer_Instanced_L0_X-16_Y10
    [ 33.5 min] 98/98  approve=98 reject=0  vram=9114 peak=9114  Alpine8K_HLODLayer_Merged/Alpine8K_HLODLayer_Instanced_L0_X-16_Y10
    [ 33.8 min] 98/98  approve=98 reject=0  vram=9163 peak=9163  Alpine8K_HLODLayer_Merged/Alpine8K_HLODLayer_Instanced_L0_X-16_Y10
    [ 34.2 min] 98/98  approve=98 reject=0  vram=9163 peak=9163  Alpine8K_HLODLayer_Merged/Alpine8K_HLODLayer_Instanced_L0_X-16_Y10
    [ 34.5 min] 98/98  approve=98 reject=0  vram=12 peak=9163  Alpine8K_HLODLayer_Merged/Alpine8K_HLODLayer_Instanced_L0_X-16_Y10
    done rc=1 in 34.5 min | approve=98 reject=0 | STALE 0 -> 0 (-0), current=1042 | vram peak 9163 MiB | true_exit=True | written=98 torn=0 last_write_to_exit=16.94s
  attribution  building-lines 98  decisions 98  approved 98  rejected 0
    Alpine8K_HLODLayer_Instanced       approve 54     reject 0       from Alpine8K_MainPartition x54
    Alpine8K_HLODLayer_Merged          approve 44     reject 0       from Alpine8K_HLODLayer_Instanced x44
warning: in the working copy of '_verify/hlod/build_20260914b/batches.json', CRLF will be replaced by LF the next time Git touches it
warning: in the working copy of '_verify/hlod/build_20260914b/run_console.log', LF will be replaced by CRLF the next time Git touches it
warning: in the working copy of '_verify/hlod/build_20260914b/batch_01.log', LF will be replaced by CRLF the next time Git touches it
[main 4fd1b389] HLOD batch 01: 0 cells de-staled, 0 -> 0 left, 34.5 min, VRAM peak 9163 MiB
 4 files changed, 4545 insertions(+), 3 deletions(-)
 create mode 100644 _verify/hlod/build_20260914b/batch_01.log

=== batch_02 (attempt 1) ===
    cells in section: 98   stale(MeshMerge(1)) now: 0
    [  0.2 min] 0/0  approve=0 reject=0  vram=224 peak=224  -
    [  0.5 min] 6/98  approve=6 reject=0  vram=1432 peak=1432  Alpine8K_HLODLayer_Merged/Alpine8K_HLODLayer_Instanced_L0_X-10_Y11
    [  0.8 min] 6/98  approve=6 reject=0  vram=2871 peak=2871  Alpine8K_HLODLayer_Merged/Alpine8K_HLODLayer_Instanced_L0_X-10_Y11
    [  1.2 min] 6/98  approve=6 reject=0  vram=2904 peak=2904  Alpine8K_HLODLayer_Merged/Alpine8K_HLODLayer_Instanced_L0_X-10_Y11
    [  1.5 min] 9/98  approve=9 reject=0  vram=2952 peak=2952  Alpine8K_HLODLayer_Merged/Alpine8K_HLODLayer_Instanced_L0_X-2_Y-15
    [  1.9 min] 12/98  approve=12 reject=0  vram=2952 peak=2952  Alpine8K_HLODLayer_Merged/Alpine8K_HLODLayer_Instanced_L0_X-10_Y14
    [  2.2 min] 12/98  approve=12 reject=0  vram=3001 peak=3001  Alpine8K_HLODLayer_Merged/Alpine8K_HLODLayer_Instanced_L0_X-10_Y14
    [  2.5 min] 12/98  approve=12 reject=0  vram=3001 peak=3001  Alpine8K_HLODLayer_Merged/Alpine8K_HLODLayer_Instanced_L0_X-10_Y14
    [  2.9 min] 15/98  approve=15 reject=0  vram=3001 peak=3001  Alpine8K_HLODLayer_Merged/Alpine8K_HLODLayer_Instanced_L0_X-6_Y10
    [  3.2 min] 15/98  approve=15 reject=0  vram=3049 peak=3049  Alpine8K_HLODLayer_Merged/Alpine8K_HLODLayer_Instanced_L0_X-6_Y10
    [  3.5 min] 18/98  approve=18 reject=0  vram=3098 peak=3098  Alpine8K_HLODLayer_Merged/Alpine8K_HLODLayer_Instanced_L0_X-8_Y-8
    [  3.9 min] 21/98  approve=21 reject=0  vram=3146 peak=3146  Alpine8K_HLODLayer_Merged/Alpine8K_HLODLayer_Instanced_L0_X-9_Y-13
    [  4.2 min] 26/98  approve=26 reject=0  vram=3194 peak=3194  Alpine8K_HLODLayer_Merged/Alpine8K_HLODLayer_Instanced_L0_X-10_Y3
    [  4.5 min] 28/98  approve=28 reject=0  vram=3291 peak=3291  Alpine8K_HLODLayer_Merged/Alpine8K_HLODLayer_Instanced_L0_X7_Y-12
    [  4.9 min] 29/98  approve=29 reject=0  vram=3300 peak=3300  Alpine8K_HLODLayer_Instanced/Alpine8K_MainPartition_L2_X-2_Y-6
    [  5.2 min] 30/98  approve=30 reject=0  vram=3917 peak=3917  Alpine8K_HLODLayer_Merged/Alpine8K_HLODLayer_Instanced_L1_X-2_Y-6
    [  5.5 min] 30/98  approve=30 reject=0  vram=3917 peak=3917  Alpine8K_HLODLayer_Merged/Alpine8K_HLODLayer_Instanced_L1_X-2_Y-6
    [  5.9 min] 34/98  approve=34 reject=0  vram=3946 peak=3946  Alpine8K_HLODLayer_Merged/Alpine8K_HLODLayer_Instanced_L0_X-16_Y11
    [  6.2 min] 34/98  approve=34 reject=0  vram=3946 peak=3946  Alpine8K_HLODLayer_Merged/Alpine8K_HLODLayer_Instanced_L0_X-16_Y11
    [  6.6 min] 34/98  approve=34 reject=0  vram=3994 peak=3994  Alpine8K_HLODLayer_Merged/Alpine8K_HLODLayer_Instanced_L0_X-16_Y11
    [  6.9 min] 36/98  approve=36 reject=0  vram=3994 peak=3994  Alpine8K_HLODLayer_Merged/Alpine8K_HLODLayer_Instanced_L0_X-14_Y3
    [  7.2 min] 36/98  approve=36 reject=0  vram=4042 peak=4042  Alpine8K_HLODLayer_Merged/Alpine8K_HLODLayer_Instanced_L0_X-14_Y3
    [  7.6 min] 36/98  approve=36 reject=0  vram=4042 peak=4042  Alpine8K_HLODLayer_Merged/Alpine8K_HLODLayer_Instanced_L0_X-14_Y3
    [  7.9 min] 38/98  approve=38 reject=0  vram=4091 peak=4091  Alpine8K_HLODLayer_Merged/Alpine8K_HLODLayer_Instanced_L0_X15_Y6
    [  8.2 min] 40/98  approve=40 reject=0  vram=4621 peak=4621  Alpine8K_HLODLayer_Merged/Alpine8K_HLODLayer_Instanced_L1_X7_Y5
    [  8.6 min] 40/98  approve=40 reject=0  vram=4621 peak=4621  Alpine8K_HLODLayer_Merged/Alpine8K_HLODLayer_Instanced_L1_X7_Y5
    [  8.9 min] 42/98  approve=42 reject=0  vram=5086 peak=5086  Alpine8K_HLODLayer_Merged/Alpine8K_HLODLayer_Instanced_L1_X4_Y-2
    [  9.2 min] 42/98  approve=42 reject=0  vram=5086 peak=5086  Alpine8K_HLODLayer_Merged/Alpine8K_HLODLayer_Instanced_L1_X4_Y-2
    [  9.6 min] 44/98  approve=44 reject=0  vram=5550 peak=5550  Alpine8K_HLODLayer_Merged/Alpine8K_HLODLayer_Instanced_L1_X4_Y1
    [  9.9 min] 44/98  approve=44 reject=0  vram=5550 peak=5550  Alpine8K_HLODLayer_Merged/Alpine8K_HLODLayer_Instanced_L1_X4_Y1
    [ 10.2 min] 46/98  approve=46 reject=0  vram=5530 peak=5550  Alpine8K_HLODLayer_Merged/Alpine8K_HLODLayer_Instanced_L0_X-14_Y-12
    [ 10.6 min] 46/98  approve=46 reject=0  vram=5579 peak=5579  Alpine8K_HLODLayer_Merged/Alpine8K_HLODLayer_Instanced_L0_X-14_Y-12
    [ 10.9 min] 48/98  approve=48 reject=0  vram=5627 peak=5627  Alpine8K_HLODLayer_Merged/Alpine8K_HLODLayer_Instanced_L0_X-4_Y-15
    [ 11.3 min] 50/98  approve=50 reject=0  vram=5675 peak=5675  Alpine8K_HLODLayer_Merged/Alpine8K_HLODLayer_Instanced_L0_X-4_Y4
    [ 11.6 min] 52/98  approve=52 reject=0  vram=5724 peak=5724  Alpine8K_HLODLayer_Merged/Alpine8K_HLODLayer_Instanced_L0_X-6_Y-2
    [ 11.9 min] 54/98  approve=54 reject=0  vram=6241 peak=6241  Alpine8K_HLODLayer_Merged/Alpine8K_HLODLayer_Instanced_L1_X-4_Y-3
    [ 12.3 min] 54/98  approve=54 reject=0  vram=6241 peak=6241  Alpine8K_HLODLayer_Merged/Alpine8K_HLODLayer_Instanced_L1_X-4_Y-3
    [ 12.6 min] 56/98  approve=56 reject=0  vram=6221 peak=6241  Alpine8K_HLODLayer_Merged/Alpine8K_HLODLayer_Instanced_L0_X-15_Y-16
    [ 12.9 min] 56/98  approve=56 reject=0  vram=6221 peak=6241  Alpine8K_HLODLayer_Merged/Alpine8K_HLODLayer_Instanced_L0_X-15_Y-16
    [ 13.3 min] 56/98  approve=56 reject=0  vram=6269 peak=6269  Alpine8K_HLODLayer_Merged/Alpine8K_HLODLayer_Instanced_L0_X-15_Y-16
    [ 13.6 min] 58/98  approve=58 reject=0  vram=6269 peak=6269  Alpine8K_HLODLayer_Merged/Alpine8K_HLODLayer_Instanced_L0_X-8_Y8
    [ 13.9 min] 58/98  approve=58 reject=0  vram=6269 peak=6269  Alpine8K_HLODLayer_Merged/Alpine8K_HLODLayer_Instanced_L0_X-8_Y8
    [ 14.3 min] 58/98  approve=58 reject=0  vram=6317 peak=6317  Alpine8K_HLODLayer_Merged/Alpine8K_HLODLayer_Instanced_L0_X-8_Y8
    [ 14.6 min] 58/98  approve=58 reject=0  vram=6317 peak=6317  Alpine8K_HLODLayer_Merged/Alpine8K_HLODLayer_Instanced_L0_X-8_Y8
    [ 14.9 min] 58/98  approve=58 reject=0  vram=6317 peak=6317  Alpine8K_HLODLayer_Merged/Alpine8K_HLODLayer_Instanced_L0_X-8_Y8
    [ 15.3 min] 60/98  approve=60 reject=0  vram=6802 peak=6802  Alpine8K_HLODLayer_Merged/Alpine8K_HLODLayer_Instanced_L1_X-2_Y4
    [ 15.6 min] 60/98  approve=60 reject=0  vram=6802 peak=6802  Alpine8K_HLODLayer_Merged/Alpine8K_HLODLayer_Instanced_L1_X-2_Y4
    [ 15.9 min] 62/98  approve=62 reject=0  vram=6782 peak=6802  Alpine8K_HLODLayer_Merged/Alpine8K_HLODLayer_Instanced_L0_X14_Y4
    [ 16.3 min] 64/98  approve=64 reject=0  vram=7379 peak=7379  Alpine8K_HLODLayer_Merged/Alpine8K_HLODLayer_Instanced_L1_X0_Y-7
    [ 16.6 min] 64/98  approve=64 reject=0  vram=7379 peak=7379  Alpine8K_HLODLayer_Merged/Alpine8K_HLODLayer_Instanced_L1_X0_Y-7
    [ 17.0 min] 64/98  approve=64 reject=0  vram=7379 peak=7379  Alpine8K_HLODLayer_Merged/Alpine8K_HLODLayer_Instanced_L1_X0_Y-7
    [ 17.3 min] 68/98  approve=68 reject=0  vram=7892 peak=7892  Alpine8K_HLODLayer_Merged/Alpine8K_HLODLayer_Instanced_L1_X-3_Y6
    [ 17.6 min] 68/98  approve=68 reject=0  vram=7892 peak=7892  Alpine8K_HLODLayer_Merged/Alpine8K_HLODLayer_Instanced_L1_X-3_Y6
    [ 18.0 min] 68/98  approve=68 reject=0  vram=7892 peak=7892  Alpine8K_HLODLayer_Merged/Alpine8K_HLODLayer_Instanced_L1_X-3_Y6
    [ 18.3 min] 70/98  approve=70 reject=0  vram=7920 peak=7920  Alpine8K_HLODLayer_Merged/Alpine8K_HLODLayer_Instanced_L0_X10_Y4
    [ 18.6 min] 72/98  approve=72 reject=0  vram=7969 peak=7969  Alpine8K_HLODLayer_Merged/Alpine8K_HLODLayer_Instanced_L0_X3_Y14
    [ 19.0 min] 74/98  approve=74 reject=0  vram=8453 peak=8453  Alpine8K_HLODLayer_Merged/Alpine8K_HLODLayer_Instanced_L1_X4_Y-8
    [ 19.3 min] 74/98  approve=74 reject=0  vram=8453 peak=8453  Alpine8K_HLODLayer_Merged/Alpine8K_HLODLayer_Instanced_L1_X4_Y-8
    [ 19.6 min] 76/98  approve=76 reject=0  vram=8482 peak=8482  Alpine8K_HLODLayer_Merged/Alpine8K_HLODLayer_Instanced_L0_X4_Y-1
    [ 20.0 min] 78/98  approve=78 reject=0  vram=8482 peak=8482  Alpine8K_HLODLayer_Merged/Alpine8K_HLODLayer_Instanced_L0_X6_Y-1
    [ 20.3 min] 78/98  approve=78 reject=0  vram=8530 peak=8530  Alpine8K_HLODLayer_Merged/Alpine8K_HLODLayer_Instanced_L0_X6_Y-1
    [ 20.6 min] 78/98  approve=78 reject=0  vram=8530 peak=8530  Alpine8K_HLODLayer_Merged/Alpine8K_HLODLayer_Instanced_L0_X6_Y-1
    [ 21.0 min] 80/98  approve=80 reject=0  vram=8530 peak=8530  Alpine8K_HLODLayer_Merged/Alpine8K_HLODLayer_Instanced_L0_X14_Y-6
    [ 21.3 min] 80/98  approve=80 reject=0  vram=8530 peak=8530  Alpine8K_HLODLayer_Merged/Alpine8K_HLODLayer_Instanced_L0_X14_Y-6
    [ 21.6 min] 80/98  approve=80 reject=0  vram=8578 peak=8578  Alpine8K_HLODLayer_Merged/Alpine8K_HLODLayer_Instanced_L0_X14_Y-6
    [ 22.0 min] 80/98  approve=80 reject=0  vram=8578 peak=8578  Alpine8K_HLODLayer_Merged/Alpine8K_HLODLayer_Instanced_L0_X14_Y-6
    [ 22.3 min] 80/98  approve=80 reject=0  vram=8578 peak=8578  Alpine8K_HLODLayer_Merged/Alpine8K_HLODLayer_Instanced_L0_X14_Y-6
    [ 22.7 min] 82/98  approve=82 reject=0  vram=8578 peak=8578  Alpine8K_HLODLayer_Merged/Alpine8K_HLODLayer_Instanced_L0_X13_Y-5
    [ 23.0 min] 82/98  approve=82 reject=0  vram=8627 peak=8627  Alpine8K_HLODLayer_Merged/Alpine8K_HLODLayer_Instanced_L0_X13_Y-5
    [ 23.3 min] 82/98  approve=82 reject=0  vram=8627 peak=8627  Alpine8K_HLODLayer_Merged/Alpine8K_HLODLayer_Instanced_L0_X13_Y-5
    [ 23.7 min] 82/98  approve=82 reject=0  vram=8627 peak=8627  Alpine8K_HLODLayer_Merged/Alpine8K_HLODLayer_Instanced_L0_X13_Y-5
    [ 24.0 min] 84/98  approve=84 reject=0  vram=8627 peak=8627  Alpine8K_HLODLayer_Merged/Alpine8K_HLODLayer_Instanced_L0_X10_Y2
    [ 24.4 min] 84/98  approve=84 reject=0  vram=8675 peak=8675  Alpine8K_HLODLayer_Merged/Alpine8K_HLODLayer_Instanced_L0_X10_Y2
    [ 24.7 min] 84/98  approve=84 reject=0  vram=8675 peak=8675  Alpine8K_HLODLayer_Merged/Alpine8K_HLODLayer_Instanced_L0_X10_Y2
    [ 25.0 min] 86/98  approve=86 reject=0  vram=9192 peak=9192  Alpine8K_HLODLayer_Merged/Alpine8K_HLODLayer_Instanced_L1_X-4_Y1
    [ 25.4 min] 86/98  approve=86 reject=0  vram=9192 peak=9192  Alpine8K_HLODLayer_Merged/Alpine8K_HLODLayer_Instanced_L1_X-4_Y1
    [ 25.7 min] 88/98  approve=88 reject=0  vram=9172 peak=9192  Alpine8K_HLODLayer_Merged/Alpine8K_HLODLayer_Instanced_L0_X-7_Y-11
    [ 26.0 min] 88/98  approve=88 reject=0  vram=9220 peak=9220  Alpine8K_HLODLayer_Merged/Alpine8K_HLODLayer_Instanced_L0_X-7_Y-11
    [ 26.4 min] 92/98  approve=92 reject=0  vram=9268 peak=9268  Alpine8K_HLODLayer_Merged/Alpine8K_HLODLayer_Instanced_L0_X9_Y-11
    [ 26.7 min] 92/98  approve=92 reject=0  vram=9317 peak=9317  Alpine8K_HLODLayer_Merged/Alpine8K_HLODLayer_Instanced_L0_X9_Y-11
    [ 27.0 min] 94/98  approve=94 reject=0  vram=9317 peak=9317  Alpine8K_HLODLayer_Merged/Alpine8K_HLODLayer_Instanced_L0_X-13_Y7
    [ 27.4 min] 94/98  approve=94 reject=0  vram=9365 peak=9365  Alpine8K_HLODLayer_Merged/Alpine8K_HLODLayer_Instanced_L0_X-13_Y7
    [ 27.7 min] 94/98  approve=94 reject=0  vram=9365 peak=9365  Alpine8K_HLODLayer_Merged/Alpine8K_HLODLayer_Instanced_L0_X-13_Y7
    [ 28.1 min] 96/98  approve=96 reject=0  vram=9413 peak=9413  Alpine8K_HLODLayer_Merged/Alpine8K_HLODLayer_Instanced_L0_X0_Y3
    [ 28.4 min] 98/98  approve=98 reject=0  vram=9413 peak=9413  Alpine8K_HLODLayer_Merged/Alpine8K_HLODLayer_Instanced_L0_X-7_Y14
    [ 28.7 min] 98/98  approve=98 reject=0  vram=9462 peak=9462  Alpine8K_HLODLayer_Merged/Alpine8K_HLODLayer_Instanced_L0_X-7_Y14
    [ 29.1 min] 98/98  approve=98 reject=0  vram=9462 peak=9462  Alpine8K_HLODLayer_Merged/Alpine8K_HLODLayer_Instanced_L0_X-7_Y14
    [ 29.4 min] 98/98  approve=98 reject=0  vram=7326 peak=9462  Alpine8K_HLODLayer_Merged/Alpine8K_HLODLayer_Instanced_L0_X-7_Y14
    done rc=1 in 29.6 min | approve=98 reject=0 | STALE 0 -> 0 (-0), current=1042 | vram peak 9462 MiB | true_exit=True | written=98 torn=0 last_write_to_exit=16.465s
  attribution  building-lines 98  decisions 98  approved 98  rejected 0
    Alpine8K_HLODLayer_Instanced       approve 54     reject 0       from Alpine8K_MainPartition x54
    Alpine8K_HLODLayer_Merged          approve 44     reject 0       from Alpine8K_HLODLayer_Instanced x44
warning: in the working copy of '_verify/hlod/build_20260914b/batches.json', CRLF will be replaced by LF the next time Git touches it
warning: in the working copy of '_verify/hlod/build_20260914b/run_console.log', LF will be replaced by CRLF the next time Git touches it
warning: in the working copy of '_verify/hlod/build_20260914b/batch_02.log', LF will be replaced by CRLF the next time Git touches it
[main b8108b6e] HLOD batch 02: 0 cells de-staled, 0 -> 0 left, 29.6 min, VRAM peak 9462 MiB
 4 files changed, 4593 insertions(+), 3 deletions(-)
 create mode 100644 _verify/hlod/build_20260914b/batch_02.log

=== batch_03 (attempt 1) ===
    cells in section: 98   stale(MeshMerge(1)) now: 0
    [  0.2 min] 0/0  approve=0 reject=0  vram=224 peak=224  -
    [  0.5 min] 6/98  approve=6 reject=0  vram=1432 peak=1432  Alpine8K_HLODLayer_Merged/Alpine8K_HLODLayer_Instanced_L0_X-9_Y11
    [  0.8 min] 6/98  approve=6 reject=0  vram=2871 peak=2871  Alpine8K_HLODLayer_Merged/Alpine8K_HLODLayer_Instanced_L0_X-9_Y11
    [  1.2 min] 9/98  approve=9 reject=0  vram=2904 peak=2904  Alpine8K_HLODLayer_Merged/Alpine8K_HLODLayer_Instanced_L0_X5_Y-16
    [  1.5 min] 9/98  approve=9 reject=0  vram=2952 peak=2952  Alpine8K_HLODLayer_Merged/Alpine8K_HLODLayer_Instanced_L0_X5_Y-16
    [  1.8 min] 12/98  approve=12 reject=0  vram=3001 peak=3001  Alpine8K_HLODLayer_Merged/Alpine8K_HLODLayer_Instanced_L0_X15_Y14
    [  2.2 min] 18/98  approve=18 reject=0  vram=3049 peak=3049  Alpine8K_HLODLayer_Merged/Alpine8K_HLODLayer_Instanced_L0_X-14_Y5
    [  2.5 min] 18/98  approve=18 reject=0  vram=3097 peak=3097  Alpine8K_HLODLayer_Merged/Alpine8K_HLODLayer_Instanced_L0_X-14_Y5
    [  2.9 min] 21/98  approve=21 reject=0  vram=3097 peak=3097  Alpine8K_HLODLayer_Merged/Alpine8K_HLODLayer_Instanced_L0_X3_Y-12
    [  3.2 min] 24/98  approve=24 reject=0  vram=3194 peak=3194  Alpine8K_HLODLayer_Merged/Alpine8K_HLODLayer_Instanced_L0_X5_Y-15
    [  3.5 min] 25/98  approve=25 reject=0  vram=3835 peak=3835  Alpine8K_HLODLayer_Instanced/Alpine8K_MainPartition_L2_X-2_Y6
    [  3.9 min] 26/98  approve=26 reject=0  vram=3823 peak=3835  Alpine8K_HLODLayer_Merged/Alpine8K_HLODLayer_Instanced_L1_X-2_Y6
    [  4.2 min] 26/98  approve=26 reject=0  vram=3823 peak=3835  Alpine8K_HLODLayer_Merged/Alpine8K_HLODLayer_Instanced_L1_X-2_Y6
    [  4.5 min] 28/98  approve=28 reject=0  vram=4320 peak=4320  Alpine8K_HLODLayer_Merged/Alpine8K_HLODLayer_Instanced_L1_X4_Y-3
    [  4.9 min] 28/98  approve=28 reject=0  vram=4320 peak=4320  Alpine8K_HLODLayer_Merged/Alpine8K_HLODLayer_Instanced_L1_X4_Y-3
    [  5.2 min] 30/98  approve=30 reject=0  vram=4348 peak=4348  Alpine8K_HLODLayer_Merged/Alpine8K_HLODLayer_Instanced_L0_X-1_Y3
    [  5.5 min] 32/98  approve=32 reject=0  vram=4348 peak=4348  Alpine8K_HLODLayer_Merged/Alpine8K_HLODLayer_Instanced_L0_X-8_Y13
    [  5.9 min] 32/98  approve=32 reject=0  vram=4397 peak=4397  Alpine8K_HLODLayer_Merged/Alpine8K_HLODLayer_Instanced_L0_X-8_Y13
    [  6.2 min] 32/98  approve=32 reject=0  vram=4397 peak=4397  Alpine8K_HLODLayer_Merged/Alpine8K_HLODLayer_Instanced_L0_X-8_Y13
    [  6.6 min] 34/98  approve=34 reject=0  vram=4882 peak=4882  Alpine8K_HLODLayer_Merged/Alpine8K_HLODLayer_Instanced_L1_X-6_Y-4
    [  6.9 min] 34/98  approve=34 reject=0  vram=4882 peak=4882  Alpine8K_HLODLayer_Merged/Alpine8K_HLODLayer_Instanced_L1_X-6_Y-4
    [  7.2 min] 36/98  approve=36 reject=0  vram=4862 peak=4882  Alpine8K_HLODLayer_Merged/Alpine8K_HLODLayer_Instanced_L0_X12_Y0
    [  7.6 min] 36/98  approve=36 reject=0  vram=4862 peak=4882  Alpine8K_HLODLayer_Merged/Alpine8K_HLODLayer_Instanced_L0_X12_Y0
    [  7.9 min] 36/98  approve=36 reject=0  vram=4910 peak=4910  Alpine8K_HLODLayer_Merged/Alpine8K_HLODLayer_Instanced_L0_X12_Y0
    [  8.2 min] 36/98  approve=36 reject=0  vram=4910 peak=4910  Alpine8K_HLODLayer_Merged/Alpine8K_HLODLayer_Instanced_L0_X12_Y0
    [  8.6 min] 38/98  approve=38 reject=0  vram=5395 peak=5395  Alpine8K_HLODLayer_Merged/Alpine8K_HLODLayer_Instanced_L1_X-4_Y2
    [  8.9 min] 38/98  approve=38 reject=0  vram=5395 peak=5395  Alpine8K_HLODLayer_Merged/Alpine8K_HLODLayer_Instanced_L1_X-4_Y2
    [  9.2 min] 39/98  approve=38 reject=0  vram=5408 peak=5408  Alpine8K_HLODLayer_Instanced/Alpine8K_MainPartition_L2_X2_Y-3
    [  9.6 min] 40/98  approve=40 reject=0  vram=5893 peak=5893  Alpine8K_HLODLayer_Merged/Alpine8K_HLODLayer_Instanced_L1_X2_Y-3
    [  9.9 min] 41/98  approve=40 reject=0  vram=5873 peak=5893  Alpine8K_HLODLayer_Instanced/Alpine8K_MainPartition_L2_X-8_Y-4
    [ 10.2 min] 42/98  approve=42 reject=0  vram=6358 peak=6358  Alpine8K_HLODLayer_Merged/Alpine8K_HLODLayer_Instanced_L1_X-8_Y-4
    [ 10.6 min] 42/98  approve=42 reject=0  vram=6358 peak=6358  Alpine8K_HLODLayer_Merged/Alpine8K_HLODLayer_Instanced_L1_X-8_Y-4
    [ 10.9 min] 44/98  approve=44 reject=0  vram=6387 peak=6387  Alpine8K_HLODLayer_Merged/Alpine8K_HLODLayer_Instanced_L0_X3_Y2
    [ 11.2 min] 46/98  approve=46 reject=0  vram=6435 peak=6435  Alpine8K_HLODLayer_Merged/Alpine8K_HLODLayer_Instanced_L0_X-13_Y-11
    [ 11.6 min] 48/98  approve=48 reject=0  vram=6920 peak=6920  Alpine8K_HLODLayer_Merged/Alpine8K_HLODLayer_Instanced_L1_X6_Y-4
    [ 11.9 min] 48/98  approve=48 reject=0  vram=6920 peak=6920  Alpine8K_HLODLayer_Merged/Alpine8K_HLODLayer_Instanced_L1_X6_Y-4
    [ 12.3 min] 50/98  approve=50 reject=0  vram=6948 peak=6948  Alpine8K_HLODLayer_Merged/Alpine8K_HLODLayer_Instanced_L0_X10_Y15
    [ 12.6 min] 52/98  approve=52 reject=0  vram=7466 peak=7466  Alpine8K_HLODLayer_Merged/Alpine8K_HLODLayer_Instanced_L1_X-7_Y-3
    [ 12.9 min] 52/98  approve=52 reject=0  vram=7466 peak=7466  Alpine8K_HLODLayer_Merged/Alpine8K_HLODLayer_Instanced_L1_X-7_Y-3
    [ 13.3 min] 53/98  approve=53 reject=0  vram=8414 peak=8414  Alpine8K_HLODLayer_Instanced/Alpine8K_MainPartition_L2_X-2_Y-4
    [ 13.6 min] 54/98  approve=54 reject=0  vram=8059 peak=8414  Alpine8K_HLODLayer_Merged/Alpine8K_HLODLayer_Instanced_L1_X-2_Y-4
    [ 13.9 min] 56/98  approve=56 reject=0  vram=8039 peak=8414  Alpine8K_HLODLayer_Merged/Alpine8K_HLODLayer_Instanced_L0_X10_Y-11
    [ 14.3 min] 56/98  approve=56 reject=0  vram=8087 peak=8414  Alpine8K_HLODLayer_Merged/Alpine8K_HLODLayer_Instanced_L0_X10_Y-11
    [ 14.6 min] 56/98  approve=56 reject=0  vram=8087 peak=8414  Alpine8K_HLODLayer_Merged/Alpine8K_HLODLayer_Instanced_L0_X10_Y-11
    [ 14.9 min] 58/98  approve=58 reject=0  vram=8087 peak=8414  Alpine8K_HLODLayer_Merged/Alpine8K_HLODLayer_Instanced_L0_X-3_Y15
    [ 15.3 min] 58/98  approve=58 reject=0  vram=8135 peak=8414  Alpine8K_HLODLayer_Merged/Alpine8K_HLODLayer_Instanced_L0_X-3_Y15
    [ 15.6 min] 60/98  approve=60 reject=0  vram=8167 peak=8414  Alpine8K_HLODLayer_Merged/Alpine8K_HLODLayer_Instanced_L0_X-16_Y12
    [ 15.9 min] 60/98  approve=60 reject=0  vram=8216 peak=8414  Alpine8K_HLODLayer_Merged/Alpine8K_HLODLayer_Instanced_L0_X-16_Y12
    [ 16.3 min] 60/98  approve=60 reject=0  vram=8216 peak=8414  Alpine8K_HLODLayer_Merged/Alpine8K_HLODLayer_Instanced_L0_X-16_Y12
    [ 16.6 min] 62/98  approve=62 reject=0  vram=8264 peak=8414  Alpine8K_HLODLayer_Merged/Alpine8K_HLODLayer_Instanced_L0_X-2_Y5
    [ 17.0 min] 64/98  approve=64 reject=0  vram=8312 peak=8414  Alpine8K_HLODLayer_Merged/Alpine8K_HLODLayer_Instanced_L0_X-5_Y-12
    [ 17.3 min] 64/98  approve=64 reject=0  vram=8312 peak=8414  Alpine8K_HLODLayer_Merged/Alpine8K_HLODLayer_Instanced_L0_X-5_Y-12
    [ 17.6 min] 68/98  approve=68 reject=0  vram=8361 peak=8414  Alpine8K_HLODLayer_Merged/Alpine8K_HLODLayer_Instanced_L0_X13_Y0
    [ 18.0 min] 68/98  approve=68 reject=0  vram=8409 peak=8414  Alpine8K_HLODLayer_Merged/Alpine8K_HLODLayer_Instanced_L0_X13_Y0
    [ 18.3 min] 68/98  approve=68 reject=0  vram=8409 peak=8414  Alpine8K_HLODLayer_Merged/Alpine8K_HLODLayer_Instanced_L0_X13_Y0
    [ 18.6 min] 68/98  approve=68 reject=0  vram=8409 peak=8414  Alpine8K_HLODLayer_Merged/Alpine8K_HLODLayer_Instanced_L0_X13_Y0
    [ 19.0 min] 70/98  approve=70 reject=0  vram=8409 peak=8414  Alpine8K_HLODLayer_Merged/Alpine8K_HLODLayer_Instanced_L0_X7_Y-6
    [ 19.3 min] 70/98  approve=70 reject=0  vram=8457 peak=8457  Alpine8K_HLODLayer_Merged/Alpine8K_HLODLayer_Instanced_L0_X7_Y-6
    [ 19.6 min] 72/98  approve=72 reject=0  vram=8457 peak=8457  Alpine8K_HLODLayer_Merged/Alpine8K_HLODLayer_Instanced_L0_X-11_Y8
    [ 20.0 min] 72/98  approve=72 reject=0  vram=8506 peak=8506  Alpine8K_HLODLayer_Merged/Alpine8K_HLODLayer_Instanced_L0_X-11_Y8
    [ 20.3 min] 74/98  approve=74 reject=0  vram=8993 peak=8993  Alpine8K_HLODLayer_Merged/Alpine8K_HLODLayer_Instanced_L1_X2_Y-4
    [ 20.6 min] 74/98  approve=74 reject=0  vram=8993 peak=8993  Alpine8K_HLODLayer_Merged/Alpine8K_HLODLayer_Instanced_L1_X2_Y-4
    [ 21.0 min] 76/98  approve=76 reject=0  vram=8877 peak=8993  Alpine8K_HLODLayer_Merged/Alpine8K_HLODLayer_Instanced_L0_X-9_Y-14
    [ 21.3 min] 76/98  approve=76 reject=0  vram=8926 peak=8993  Alpine8K_HLODLayer_Merged/Alpine8K_HLODLayer_Instanced_L0_X-9_Y-14
    [ 21.7 min] 78/98  approve=78 reject=0  vram=8974 peak=8993  Alpine8K_HLODLayer_Merged/Alpine8K_HLODLayer_Instanced_L0_X-10_Y-3
    [ 22.0 min] 80/98  approve=80 reject=0  vram=9459 peak=9459  Alpine8K_HLODLayer_Merged/Alpine8K_HLODLayer_Instanced_L1_X-6_Y-2
    [ 22.3 min] 80/98  approve=80 reject=0  vram=9459 peak=9459  Alpine8K_HLODLayer_Merged/Alpine8K_HLODLayer_Instanced_L1_X-6_Y-2
    [ 22.7 min] 80/98  approve=80 reject=0  vram=9459 peak=9459  Alpine8K_HLODLayer_Merged/Alpine8K_HLODLayer_Instanced_L1_X-6_Y-2
    [ 23.0 min] 82/98  approve=82 reject=0  vram=9955 peak=9955  Alpine8K_HLODLayer_Merged/Alpine8K_HLODLayer_Instanced_L1_X-5_Y-2
    [ 23.3 min] 82/98  approve=82 reject=0  vram=9955 peak=9955  Alpine8K_HLODLayer_Merged/Alpine8K_HLODLayer_Instanced_L1_X-5_Y-2
    [ 23.7 min] 84/98  approve=84 reject=0  vram=9984 peak=9984  Alpine8K_HLODLayer_Merged/Alpine8K_HLODLayer_Instanced_L0_X4_Y12
    [ 24.0 min] 86/98  approve=86 reject=0  vram=10532 peak=10532  Alpine8K_HLODLayer_Merged/Alpine8K_HLODLayer_Instanced_L1_X5_Y3
    [ 24.3 min] 86/98  approve=86 reject=0  vram=10532 peak=10532  Alpine8K_HLODLayer_Merged/Alpine8K_HLODLayer_Instanced_L1_X5_Y3
    [ 24.7 min] 88/98  approve=88 reject=0  vram=10512 peak=10532  Alpine8K_HLODLayer_Merged/Alpine8K_HLODLayer_Instanced_L0_X-16_Y-10
    [ 25.0 min] 88/98  approve=88 reject=0  vram=10561 peak=10561  Alpine8K_HLODLayer_Merged/Alpine8K_HLODLayer_Instanced_L0_X-16_Y-10
    [ 25.3 min] 90/98  approve=90 reject=0  vram=10609 peak=10609  Alpine8K_HLODLayer_Merged/Alpine8K_HLODLayer_Instanced_L0_X2_Y2
    [ 25.7 min] 92/98  approve=92 reject=0  vram=10609 peak=10609  Alpine8K_HLODLayer_Merged/Alpine8K_HLODLayer_Instanced_L0_X4_Y-16
    [ 26.0 min] 92/98  approve=92 reject=0  vram=10658 peak=10658  Alpine8K_HLODLayer_Merged/Alpine8K_HLODLayer_Instanced_L0_X4_Y-16
    [ 26.3 min] 94/98  approve=94 reject=0  vram=10658 peak=10658  Alpine8K_HLODLayer_Merged/Alpine8K_HLODLayer_Instanced_L0_X-8_Y-16
    [ 26.7 min] 94/98  approve=94 reject=0  vram=10706 peak=10706  Alpine8K_HLODLayer_Merged/Alpine8K_HLODLayer_Instanced_L0_X-8_Y-16
    [ 27.0 min] 94/98  approve=94 reject=0  vram=10706 peak=10706  Alpine8K_HLODLayer_Merged/Alpine8K_HLODLayer_Instanced_L0_X-8_Y-16
    [ 27.4 min] 96/98  approve=96 reject=0  vram=10754 peak=10754  Alpine8K_HLODLayer_Merged/Alpine8K_HLODLayer_Instanced_L0_X-10_Y-5
    [ 27.7 min] 98/98  approve=98 reject=0  vram=10754 peak=10754  Alpine8K_HLODLayer_Merged/Alpine8K_HLODLayer_Instanced_L0_X12_Y-16
    [ 28.0 min] 98/98  approve=98 reject=0  vram=10803 peak=10803  Alpine8K_HLODLayer_Merged/Alpine8K_HLODLayer_Instanced_L0_X12_Y-16
    [ 28.4 min] 98/98  approve=98 reject=0  vram=10803 peak=10803  Alpine8K_HLODLayer_Merged/Alpine8K_HLODLayer_Instanced_L0_X12_Y-16
    done rc=1 in 28.6 min | approve=98 reject=0 | STALE 0 -> 0 (-0), current=1042 | vram peak 10803 MiB | true_exit=True | written=98 torn=0 last_write_to_exit=10.289s
  attribution  building-lines 98  decisions 98  approved 98  rejected 0
    Alpine8K_HLODLayer_Instanced       approve 54     reject 0       from Alpine8K_MainPartition x54
    Alpine8K_HLODLayer_Merged          approve 44     reject 0       from Alpine8K_HLODLayer_Instanced x44
warning: in the working copy of '_verify/hlod/build_20260914b/batches.json', CRLF will be replaced by LF the next time Git touches it
warning: in the working copy of '_verify/hlod/build_20260914b/run_console.log', LF will be replaced by CRLF the next time Git touches it
warning: in the working copy of '_verify/hlod/build_20260914b/batch_03.log', LF will be replaced by CRLF the next time Git touches it
[main 0b9deb23] HLOD batch 03: 0 cells de-staled, 0 -> 0 left, 28.6 min, VRAM peak 10803 MiB
 4 files changed, 4856 insertions(+), 3 deletions(-)
 create mode 100644 _verify/hlod/build_20260914b/batch_03.log

=== batch_04 (attempt 1) ===
    cells in section: 98   stale(MeshMerge(1)) now: 0
    [  0.2 min] 0/0  approve=0 reject=0  vram=224 peak=224  -
    [  0.5 min] 6/98  approve=6 reject=0  vram=1432 peak=1432  Alpine8K_HLODLayer_Merged/Alpine8K_HLODLayer_Instanced_L0_X-9_Y12
    [  0.8 min] 6/98  approve=6 reject=0  vram=2871 peak=2871  Alpine8K_HLODLayer_Merged/Alpine8K_HLODLayer_Instanced_L0_X-9_Y12
    [  1.2 min] 6/98  approve=6 reject=0  vram=2872 peak=2872  Alpine8K_HLODLayer_Merged/Alpine8K_HLODLayer_Instanced_L0_X-9_Y12
    [  1.5 min] 6/98  approve=6 reject=0  vram=2872 peak=2872  Alpine8K_HLODLayer_Merged/Alpine8K_HLODLayer_Instanced_L0_X-9_Y12
    [  1.9 min] 9/98  approve=9 reject=0  vram=2953 peak=2953  Alpine8K_HLODLayer_Merged/Alpine8K_HLODLayer_Instanced_L0_X-13_Y-14
    [  2.2 min] 12/98  approve=12 reject=0  vram=2953 peak=2953  Alpine8K_HLODLayer_Merged/Alpine8K_HLODLayer_Instanced_L0_X-16_Y-11
    [  2.5 min] 12/98  approve=12 reject=0  vram=3001 peak=3001  Alpine8K_HLODLayer_Merged/Alpine8K_HLODLayer_Instanced_L0_X-16_Y-11
    [  2.9 min] 15/98  approve=15 reject=0  vram=3001 peak=3001  Alpine8K_HLODLayer_Merged/Alpine8K_HLODLayer_Instanced_L0_X-1_Y-16
    [  3.2 min] 15/98  approve=15 reject=0  vram=3049 peak=3049  Alpine8K_HLODLayer_Merged/Alpine8K_HLODLayer_Instanced_L0_X-1_Y-16
    [  3.5 min] 18/98  approve=18 reject=0  vram=3049 peak=3049  Alpine8K_HLODLayer_Merged/Alpine8K_HLODLayer_Instanced_L0_X-8_Y5
    [  3.9 min] 18/98  approve=18 reject=0  vram=3097 peak=3097  Alpine8K_HLODLayer_Merged/Alpine8K_HLODLayer_Instanced_L0_X-8_Y5
    [  4.2 min] 21/98  approve=21 reject=0  vram=3097 peak=3097  Alpine8K_HLODLayer_Merged/Alpine8K_HLODLayer_Instanced_L0_X-2_Y-16
    [  4.5 min] 21/98  approve=21 reject=0  vram=3146 peak=3146  Alpine8K_HLODLayer_Merged/Alpine8K_HLODLayer_Instanced_L0_X-2_Y-16
    [  4.9 min] 24/98  approve=24 reject=0  vram=3146 peak=3146  Alpine8K_HLODLayer_Merged/Alpine8K_HLODLayer_Instanced_L0_X6_Y-8
    [  5.2 min] 24/98  approve=24 reject=0  vram=3194 peak=3194  Alpine8K_HLODLayer_Merged/Alpine8K_HLODLayer_Instanced_L0_X6_Y-8
    [  5.5 min] 26/98  approve=26 reject=0  vram=3194 peak=3194  Alpine8K_HLODLayer_Merged/Alpine8K_HLODLayer_Instanced_L0_X-12_Y12
    [  5.9 min] 26/98  approve=26 reject=0  vram=3242 peak=3242  Alpine8K_HLODLayer_Merged/Alpine8K_HLODLayer_Instanced_L0_X-12_Y12
    [  6.2 min] 26/98  approve=26 reject=0  vram=3242 peak=3242  Alpine8K_HLODLayer_Merged/Alpine8K_HLODLayer_Instanced_L0_X-12_Y12
    [  6.6 min] 28/98  approve=28 reject=0  vram=3242 peak=3242  Alpine8K_HLODLayer_Merged/Alpine8K_HLODLayer_Instanced_L0_X13_Y-12
    [  6.9 min] 28/98  approve=28 reject=0  vram=3291 peak=3291  Alpine8K_HLODLayer_Merged/Alpine8K_HLODLayer_Instanced_L0_X13_Y-12
    [  7.2 min] 28/98  approve=28 reject=0  vram=3291 peak=3291  Alpine8K_HLODLayer_Merged/Alpine8K_HLODLayer_Instanced_L0_X13_Y-12
    [  7.6 min] 28/98  approve=28 reject=0  vram=3291 peak=3291  Alpine8K_HLODLayer_Merged/Alpine8K_HLODLayer_Instanced_L0_X13_Y-12
    [  7.9 min] 30/98  approve=30 reject=0  vram=3919 peak=3919  Alpine8K_HLODLayer_Merged/Alpine8K_HLODLayer_Instanced_L1_X-3_Y-8
    [  8.2 min] 30/98  approve=30 reject=0  vram=3919 peak=3919  Alpine8K_HLODLayer_Merged/Alpine8K_HLODLayer_Instanced_L1_X-3_Y-8
    [  8.6 min] 31/98  approve=30 reject=0  vram=3931 peak=3931  Alpine8K_HLODLayer_Instanced/Alpine8K_MainPartition_L2_X-1_Y-4
    [  8.9 min] 32/98  approve=32 reject=0  vram=4480 peak=4480  Alpine8K_HLODLayer_Merged/Alpine8K_HLODLayer_Instanced_L1_X-1_Y-4
    [  9.2 min] 34/98  approve=34 reject=0  vram=4460 peak=4480  Alpine8K_HLODLayer_Merged/Alpine8K_HLODLayer_Instanced_L0_X-4_Y6
    [  9.6 min] 36/98  approve=36 reject=0  vram=4557 peak=4557  Alpine8K_HLODLayer_Merged/Alpine8K_HLODLayer_Instanced_L0_X-10_Y-10
    [  9.9 min] 38/98  approve=38 reject=0  vram=4557 peak=4557  Alpine8K_HLODLayer_Merged/Alpine8K_HLODLayer_Instanced_L0_X9_Y-14
    [ 10.2 min] 38/98  approve=38 reject=0  vram=4605 peak=4605  Alpine8K_HLODLayer_Merged/Alpine8K_HLODLayer_Instanced_L0_X9_Y-14
    [ 10.6 min] 38/98  approve=38 reject=0  vram=4605 peak=4605  Alpine8K_HLODLayer_Merged/Alpine8K_HLODLayer_Instanced_L0_X9_Y-14
    [ 10.9 min] 40/98  approve=40 reject=0  vram=4653 peak=4653  Alpine8K_HLODLayer_Merged/Alpine8K_HLODLayer_Instanced_L0_X-7_Y5
    [ 11.2 min] 42/98  approve=42 reject=0  vram=5139 peak=5139  Alpine8K_HLODLayer_Merged/Alpine8K_HLODLayer_Instanced_L1_X3_Y-2
    [ 11.6 min] 42/98  approve=42 reject=0  vram=5139 peak=5139  Alpine8K_HLODLayer_Merged/Alpine8K_HLODLayer_Instanced_L1_X3_Y-2
    [ 11.9 min] 44/98  approve=44 reject=0  vram=5635 peak=5635  Alpine8K_HLODLayer_Merged/Alpine8K_HLODLayer_Instanced_L1_X-7_Y-7
    [ 12.3 min] 44/98  approve=44 reject=0  vram=5635 peak=5635  Alpine8K_HLODLayer_Merged/Alpine8K_HLODLayer_Instanced_L1_X-7_Y-7
    [ 12.6 min] 44/98  approve=44 reject=0  vram=5635 peak=5635  Alpine8K_HLODLayer_Merged/Alpine8K_HLODLayer_Instanced_L1_X-7_Y-7
    [ 12.9 min] 46/98  approve=46 reject=0  vram=5664 peak=5664  Alpine8K_HLODLayer_Merged/Alpine8K_HLODLayer_Instanced_L0_X-4_Y-14
    [ 13.3 min] 48/98  approve=48 reject=0  vram=5712 peak=5712  Alpine8K_HLODLayer_Merged/Alpine8K_HLODLayer_Instanced_L0_X4_Y-12
    [ 13.6 min] 52/98  approve=52 reject=0  vram=5809 peak=5809  Alpine8K_HLODLayer_Merged/Alpine8K_HLODLayer_Instanced_L0_X-5_Y6
    [ 13.9 min] 54/98  approve=54 reject=0  vram=5745 peak=5809  Alpine8K_HLODLayer_Merged/Alpine8K_HLODLayer_Instanced_L0_X-15_Y1
    [ 14.3 min] 54/98  approve=54 reject=0  vram=5745 peak=5809  Alpine8K_HLODLayer_Merged/Alpine8K_HLODLayer_Instanced_L0_X-15_Y1
    [ 14.6 min] 54/98  approve=54 reject=0  vram=5793 peak=5809  Alpine8K_HLODLayer_Merged/Alpine8K_HLODLayer_Instanced_L0_X-15_Y1
    [ 14.9 min] 54/98  approve=54 reject=0  vram=5793 peak=5809  Alpine8K_HLODLayer_Merged/Alpine8K_HLODLayer_Instanced_L0_X-15_Y1
    [ 15.3 min] 56/98  approve=56 reject=0  vram=6278 peak=6278  Alpine8K_HLODLayer_Merged/Alpine8K_HLODLayer_Instanced_L1_X-7_Y2
    [ 15.6 min] 56/98  approve=56 reject=0  vram=6278 peak=6278  Alpine8K_HLODLayer_Merged/Alpine8K_HLODLayer_Instanced_L1_X-7_Y2
    [ 15.9 min] 56/98  approve=56 reject=0  vram=6278 peak=6278  Alpine8K_HLODLayer_Merged/Alpine8K_HLODLayer_Instanced_L1_X-7_Y2
    [ 16.3 min] 58/98  approve=58 reject=0  vram=6742 peak=6742  Alpine8K_HLODLayer_Merged/Alpine8K_HLODLayer_Instanced_L1_X-4_Y-5
    [ 16.6 min] 60/98  approve=60 reject=0  vram=6722 peak=6742  Alpine8K_HLODLayer_Merged/Alpine8K_HLODLayer_Instanced_L0_X11_Y0
    [ 17.0 min] 60/98  approve=60 reject=0  vram=6722 peak=6742  Alpine8K_HLODLayer_Merged/Alpine8K_HLODLayer_Instanced_L0_X11_Y0
    [ 17.3 min] 60/98  approve=60 reject=0  vram=6771 peak=6771  Alpine8K_HLODLayer_Merged/Alpine8K_HLODLayer_Instanced_L0_X11_Y0
    [ 17.6 min] 60/98  approve=60 reject=0  vram=6771 peak=6771  Alpine8K_HLODLayer_Merged/Alpine8K_HLODLayer_Instanced_L0_X11_Y0
    [ 18.0 min] 62/98  approve=62 reject=0  vram=6819 peak=6819  Alpine8K_HLODLayer_Merged/Alpine8K_HLODLayer_Instanced_L0_X3_Y-1
    [ 18.3 min] 64/98  approve=64 reject=0  vram=6819 peak=6819  Alpine8K_HLODLayer_Merged/Alpine8K_HLODLayer_Instanced_L0_X11_Y-1
    [ 18.7 min] 64/98  approve=64 reject=0  vram=6867 peak=6867  Alpine8K_HLODLayer_Merged/Alpine8K_HLODLayer_Instanced_L0_X11_Y-1
    [ 19.0 min] 64/98  approve=64 reject=0  vram=6867 peak=6867  Alpine8K_HLODLayer_Merged/Alpine8K_HLODLayer_Instanced_L0_X11_Y-1
    [ 19.3 min] 65/98  approve=64 reject=0  vram=6868 peak=6868  Alpine8K_HLODLayer_Instanced/Alpine8K_MainPartition_L2_X-2_Y3
    [ 19.7 min] 66/98  approve=66 reject=0  vram=7417 peak=7417  Alpine8K_HLODLayer_Merged/Alpine8K_HLODLayer_Instanced_L1_X-2_Y3
    [ 20.0 min] 66/98  approve=66 reject=0  vram=7417 peak=7417  Alpine8K_HLODLayer_Merged/Alpine8K_HLODLayer_Instanced_L1_X-2_Y3
    [ 20.3 min] 68/98  approve=68 reject=0  vram=7397 peak=7417  Alpine8K_HLODLayer_Merged/Alpine8K_HLODLayer_Instanced_L0_X15_Y2
    [ 20.7 min] 68/98  approve=68 reject=0  vram=7445 peak=7445  Alpine8K_HLODLayer_Merged/Alpine8K_HLODLayer_Instanced_L0_X15_Y2
    [ 21.0 min] 68/98  approve=68 reject=0  vram=7445 peak=7445  Alpine8K_HLODLayer_Merged/Alpine8K_HLODLayer_Instanced_L0_X15_Y2
    [ 21.4 min] 70/98  approve=70 reject=0  vram=7930 peak=7930  Alpine8K_HLODLayer_Merged/Alpine8K_HLODLayer_Instanced_L1_X-7_Y0
    [ 21.7 min] 70/98  approve=70 reject=0  vram=7930 peak=7930  Alpine8K_HLODLayer_Merged/Alpine8K_HLODLayer_Instanced_L1_X-7_Y0
    [ 22.0 min] 70/98  approve=70 reject=0  vram=7930 peak=7930  Alpine8K_HLODLayer_Merged/Alpine8K_HLODLayer_Instanced_L1_X-7_Y0
    [ 22.4 min] 74/98  approve=74 reject=0  vram=8443 peak=8443  Alpine8K_HLODLayer_Merged/Alpine8K_HLODLayer_Instanced_L1_X-1_Y7
    [ 22.7 min] 74/98  approve=74 reject=0  vram=8443 peak=8443  Alpine8K_HLODLayer_Merged/Alpine8K_HLODLayer_Instanced_L1_X-1_Y7
    [ 23.0 min] 74/98  approve=74 reject=0  vram=8443 peak=8443  Alpine8K_HLODLayer_Merged/Alpine8K_HLODLayer_Instanced_L1_X-1_Y7
    [ 23.4 min] 76/98  approve=76 reject=0  vram=8471 peak=8471  Alpine8K_HLODLayer_Merged/Alpine8K_HLODLayer_Instanced_L0_X-8_Y-9
    [ 23.7 min] 78/98  approve=78 reject=0  vram=8988 peak=8988  Alpine8K_HLODLayer_Merged/Alpine8K_HLODLayer_Instanced_L1_X5_Y2
    [ 24.0 min] 78/98  approve=78 reject=0  vram=8988 peak=8988  Alpine8K_HLODLayer_Merged/Alpine8K_HLODLayer_Instanced_L1_X5_Y2
    [ 24.4 min] 80/98  approve=80 reject=0  vram=9016 peak=9016  Alpine8K_HLODLayer_Merged/Alpine8K_HLODLayer_Instanced_L0_X6_Y-6
    [ 24.7 min] 82/98  approve=82 reject=0  vram=9016 peak=9016  Alpine8K_HLODLayer_Merged/Alpine8K_HLODLayer_Instanced_L0_X14_Y-15
    [ 25.1 min] 82/98  approve=82 reject=0  vram=9065 peak=9065  Alpine8K_HLODLayer_Merged/Alpine8K_HLODLayer_Instanced_L0_X14_Y-15
    [ 25.4 min] 82/98  approve=82 reject=0  vram=9065 peak=9065  Alpine8K_HLODLayer_Merged/Alpine8K_HLODLayer_Instanced_L0_X14_Y-15
    [ 25.7 min] 82/98  approve=82 reject=0  vram=9065 peak=9065  Alpine8K_HLODLayer_Merged/Alpine8K_HLODLayer_Instanced_L0_X14_Y-15
    [ 26.1 min] 84/98  approve=84 reject=0  vram=9113 peak=9113  Alpine8K_HLODLayer_Merged/Alpine8K_HLODLayer_Instanced_L0_X-13_Y1
    [ 26.4 min] 88/98  approve=88 reject=0  vram=9210 peak=9210  Alpine8K_HLODLayer_Merged/Alpine8K_HLODLayer_Instanced_L0_X-2_Y2
    [ 26.7 min] 88/98  approve=88 reject=0  vram=9210 peak=9210  Alpine8K_HLODLayer_Merged/Alpine8K_HLODLayer_Instanced_L0_X-2_Y2
    [ 27.1 min] 90/98  approve=90 reject=0  vram=9258 peak=9258  Alpine8K_HLODLayer_Merged/Alpine8K_HLODLayer_Instanced_L0_X5_Y-14
    [ 27.4 min] 92/98  approve=92 reject=0  vram=9306 peak=9306  Alpine8K_HLODLayer_Merged/Alpine8K_HLODLayer_Instanced_L0_X-6_Y0
    [ 27.7 min] 96/98  approve=96 reject=0  vram=9839 peak=9839  Alpine8K_HLODLayer_Merged/Alpine8K_HLODLayer_Instanced_L1_X3_Y-4
    [ 28.1 min] 96/98  approve=96 reject=0  vram=9839 peak=9839  Alpine8K_HLODLayer_Merged/Alpine8K_HLODLayer_Instanced_L1_X3_Y-4
    [ 28.4 min] 97/98  approve=96 reject=0  vram=9819 peak=9839  Alpine8K_HLODLayer_Instanced/Alpine8K_MainPartition_L2_X0_Y1
    [ 28.7 min] 98/98  approve=98 reject=0  vram=10336 peak=10336  Alpine8K_HLODLayer_Merged/Alpine8K_HLODLayer_Instanced_L1_X0_Y1
    [ 29.1 min] 98/98  approve=98 reject=0  vram=10336 peak=10336  Alpine8K_HLODLayer_Merged/Alpine8K_HLODLayer_Instanced_L1_X0_Y1
    [ 29.4 min] 98/98  approve=98 reject=0  vram=12 peak=10336  Alpine8K_HLODLayer_Merged/Alpine8K_HLODLayer_Instanced_L1_X0_Y1
    done rc=1 in 29.6 min | approve=98 reject=0 | STALE 0 -> 0 (-0), current=1042 | vram peak 10336 MiB | true_exit=True | written=98 torn=0 last_write_to_exit=18.18s
  attribution  building-lines 98  decisions 98  approved 98  rejected 0
    Alpine8K_HLODLayer_Instanced       approve 54     reject 0       from Alpine8K_MainPartition x54
    Alpine8K_HLODLayer_Merged          approve 44     reject 0       from Alpine8K_HLODLayer_Instanced x44
warning: in the working copy of '_verify/hlod/build_20260914b/batches.json', CRLF will be replaced by LF the next time Git touches it
warning: in the working copy of '_verify/hlod/build_20260914b/run_console.log', LF will be replaced by CRLF the next time Git touches it
warning: in the working copy of '_verify/hlod/build_20260914b/batch_04.log', LF will be replaced by CRLF the next time Git touches it
[main b1be6955] HLOD batch 04: 0 cells de-staled, 0 -> 0 left, 29.6 min, VRAM peak 10336 MiB
 4 files changed, 4851 insertions(+), 3 deletions(-)
 create mode 100644 _verify/hlod/build_20260914b/batch_04.log

=== batch_05 (attempt 1) ===
    cells in section: 98   stale(MeshMerge(1)) now: 0
    [  0.2 min] 0/0  approve=0 reject=0  vram=224 peak=224  -
    [  0.5 min] 6/98  approve=6 reject=0  vram=1432 peak=1432  Alpine8K_HLODLayer_Merged/Alpine8K_HLODLayer_Instanced_L0_X-9_Y10
    [  0.8 min] 6/98  approve=6 reject=0  vram=2871 peak=2871  Alpine8K_HLODLayer_Merged/Alpine8K_HLODLayer_Instanced_L0_X-9_Y10
    [  1.2 min] 6/98  approve=6 reject=0  vram=2871 peak=2871  Alpine8K_HLODLayer_Merged/Alpine8K_HLODLayer_Instanced_L0_X-9_Y10
    [  1.5 min] 9/98  approve=9 reject=0  vram=2952 peak=2952  Alpine8K_HLODLayer_Merged/Alpine8K_HLODLayer_Instanced_L0_X-8_Y-11
    [  1.8 min] 15/98  approve=15 reject=0  vram=3049 peak=3049  Alpine8K_HLODLayer_Merged/Alpine8K_HLODLayer_Instanced_L0_X5_Y-8
    [  2.2 min] 18/98  approve=18 reject=0  vram=3049 peak=3049  Alpine8K_HLODLayer_Merged/Alpine8K_HLODLayer_Instanced_L0_X-5_Y15
    [  2.5 min] 18/98  approve=18 reject=0  vram=3097 peak=3097  Alpine8K_HLODLayer_Merged/Alpine8K_HLODLayer_Instanced_L0_X-5_Y15
    [  2.8 min] 21/98  approve=21 reject=0  vram=3097 peak=3097  Alpine8K_HLODLayer_Merged/Alpine8K_HLODLayer_Instanced_L0_X-10_Y5
    [  3.2 min] 21/98  approve=21 reject=0  vram=3146 peak=3146  Alpine8K_HLODLayer_Merged/Alpine8K_HLODLayer_Instanced_L0_X-10_Y5
    [  3.5 min] 24/98  approve=24 reject=0  vram=3146 peak=3146  Alpine8K_HLODLayer_Merged/Alpine8K_HLODLayer_Instanced_L0_X-16_Y1
    [  3.9 min] 24/98  approve=24 reject=0  vram=3194 peak=3194  Alpine8K_HLODLayer_Merged/Alpine8K_HLODLayer_Instanced_L0_X-16_Y1
    [  4.2 min] 24/98  approve=24 reject=0  vram=3194 peak=3194  Alpine8K_HLODLayer_Merged/Alpine8K_HLODLayer_Instanced_L0_X-16_Y1
    [  4.5 min] 26/98  approve=26 reject=0  vram=3242 peak=3242  Alpine8K_HLODLayer_Merged/Alpine8K_HLODLayer_Instanced_L0_X9_Y4
    [  4.9 min] 28/98  approve=28 reject=0  vram=3242 peak=3242  Alpine8K_HLODLayer_Merged/Alpine8K_HLODLayer_Instanced_L0_X-15_Y-11
    [  5.2 min] 28/98  approve=28 reject=0  vram=3290 peak=3290  Alpine8K_HLODLayer_Merged/Alpine8K_HLODLayer_Instanced_L0_X-15_Y-11
    [  5.5 min] 30/98  approve=30 reject=0  vram=3919 peak=3919  Alpine8K_HLODLayer_Merged/Alpine8K_HLODLayer_Instanced_L1_X-6_Y1
    [  5.9 min] 30/98  approve=30 reject=0  vram=3919 peak=3919  Alpine8K_HLODLayer_Merged/Alpine8K_HLODLayer_Instanced_L1_X-6_Y1
    [  6.2 min] 32/98  approve=32 reject=0  vram=3947 peak=3947  Alpine8K_HLODLayer_Merged/Alpine8K_HLODLayer_Instanced_L0_X-6_Y-11
    [  6.5 min] 34/98  approve=34 reject=0  vram=4465 peak=4465  Alpine8K_HLODLayer_Merged/Alpine8K_HLODLayer_Instanced_L1_X-1_Y3
    [  6.9 min] 34/98  approve=34 reject=0  vram=4465 peak=4465  Alpine8K_HLODLayer_Merged/Alpine8K_HLODLayer_Instanced_L1_X-1_Y3
    [  7.2 min] 34/98  approve=34 reject=0  vram=4465 peak=4465  Alpine8K_HLODLayer_Merged/Alpine8K_HLODLayer_Instanced_L1_X-1_Y3
    [  7.5 min] 36/98  approve=36 reject=0  vram=4445 peak=4465  Alpine8K_HLODLayer_Merged/Alpine8K_HLODLayer_Instanced_L0_X-14_Y-2
    [  7.9 min] 36/98  approve=36 reject=0  vram=4494 peak=4494  Alpine8K_HLODLayer_Merged/Alpine8K_HLODLayer_Instanced_L0_X-14_Y-2
    [  8.2 min] 36/98  approve=36 reject=0  vram=4494 peak=4494  Alpine8K_HLODLayer_Merged/Alpine8K_HLODLayer_Instanced_L0_X-14_Y-2
    [  8.5 min] 38/98  approve=38 reject=0  vram=4494 peak=4494  Alpine8K_HLODLayer_Merged/Alpine8K_HLODLayer_Instanced_L0_X-11_Y-5
    [  8.9 min] 38/98  approve=38 reject=0  vram=4542 peak=4542  Alpine8K_HLODLayer_Merged/Alpine8K_HLODLayer_Instanced_L0_X-11_Y-5
    [  9.2 min] 40/98  approve=40 reject=0  vram=5029 peak=5029  Alpine8K_HLODLayer_Merged/Alpine8K_HLODLayer_Instanced_L1_X2_Y0
    [  9.6 min] 40/98  approve=40 reject=0  vram=5029 peak=5029  Alpine8K_HLODLayer_Merged/Alpine8K_HLODLayer_Instanced_L1_X2_Y0
    [  9.9 min] 42/98  approve=42 reject=0  vram=5525 peak=5525  Alpine8K_HLODLayer_Merged/Alpine8K_HLODLayer_Instanced_L1_X2_Y-1
    [ 10.2 min] 42/98  approve=42 reject=0  vram=5525 peak=5525  Alpine8K_HLODLayer_Merged/Alpine8K_HLODLayer_Instanced_L1_X2_Y-1
    [ 10.6 min] 44/98  approve=44 reject=0  vram=5505 peak=5525  Alpine8K_HLODLayer_Merged/Alpine8K_HLODLayer_Instanced_L0_X10_Y-8
    [ 10.9 min] 44/98  approve=44 reject=0  vram=5554 peak=5554  Alpine8K_HLODLayer_Merged/Alpine8K_HLODLayer_Instanced_L0_X10_Y-8
    [ 11.2 min] 44/98  approve=44 reject=0  vram=5554 peak=5554  Alpine8K_HLODLayer_Merged/Alpine8K_HLODLayer_Instanced_L0_X10_Y-8
    [ 11.6 min] 46/98  approve=46 reject=0  vram=6039 peak=6039  Alpine8K_HLODLayer_Merged/Alpine8K_HLODLayer_Instanced_L1_X-4_Y0
    [ 11.9 min] 46/98  approve=46 reject=0  vram=6039 peak=6039  Alpine8K_HLODLayer_Merged/Alpine8K_HLODLayer_Instanced_L1_X-4_Y0
    [ 12.2 min] 48/98  approve=48 reject=0  vram=6019 peak=6039  Alpine8K_HLODLayer_Merged/Alpine8K_HLODLayer_Instanced_L0_X-5_Y11
    [ 12.6 min] 48/98  approve=48 reject=0  vram=6019 peak=6039  Alpine8K_HLODLayer_Merged/Alpine8K_HLODLayer_Instanced_L0_X-5_Y11
    [ 12.9 min] 48/98  approve=48 reject=0  vram=6067 peak=6067  Alpine8K_HLODLayer_Merged/Alpine8K_HLODLayer_Instanced_L0_X-5_Y11
    [ 13.3 min] 48/98  approve=48 reject=0  vram=6067 peak=6067  Alpine8K_HLODLayer_Merged/Alpine8K_HLODLayer_Instanced_L0_X-5_Y11
    [ 13.6 min] 50/98  approve=50 reject=0  vram=6067 peak=6067  Alpine8K_HLODLayer_Merged/Alpine8K_HLODLayer_Instanced_L0_X-15_Y-3
    [ 13.9 min] 50/98  approve=50 reject=0  vram=6115 peak=6115  Alpine8K_HLODLayer_Merged/Alpine8K_HLODLayer_Instanced_L0_X-15_Y-3
    [ 14.3 min] 50/98  approve=50 reject=0  vram=6115 peak=6115  Alpine8K_HLODLayer_Merged/Alpine8K_HLODLayer_Instanced_L0_X-15_Y-3
    [ 14.6 min] 50/98  approve=50 reject=0  vram=6115 peak=6115  Alpine8K_HLODLayer_Merged/Alpine8K_HLODLayer_Instanced_L0_X-15_Y-3
    [ 14.9 min] 52/98  approve=52 reject=0  vram=6115 peak=6115  Alpine8K_HLODLayer_Merged/Alpine8K_HLODLayer_Instanced_L0_X-15_Y5
    [ 15.3 min] 52/98  approve=52 reject=0  vram=6164 peak=6164  Alpine8K_HLODLayer_Merged/Alpine8K_HLODLayer_Instanced_L0_X-15_Y5
    [ 15.6 min] 53/98  approve=52 reject=0  vram=6165 peak=6165  Alpine8K_HLODLayer_Instanced/Alpine8K_MainPartition_L2_X6_Y-5
    [ 15.9 min] 54/98  approve=54 reject=0  vram=6649 peak=6649  Alpine8K_HLODLayer_Merged/Alpine8K_HLODLayer_Instanced_L1_X6_Y-5
    [ 16.3 min] 54/98  approve=54 reject=0  vram=6649 peak=6649  Alpine8K_HLODLayer_Merged/Alpine8K_HLODLayer_Instanced_L1_X6_Y-5
    [ 16.6 min] 56/98  approve=56 reject=0  vram=6678 peak=6678  Alpine8K_HLODLayer_Merged/Alpine8K_HLODLayer_Instanced_L0_X0_Y5
    [ 17.0 min] 60/98  approve=60 reject=0  vram=6726 peak=6726  Alpine8K_HLODLayer_Merged/Alpine8K_HLODLayer_Instanced_L0_X14_Y-8
    [ 17.3 min] 60/98  approve=60 reject=0  vram=6726 peak=6726  Alpine8K_HLODLayer_Merged/Alpine8K_HLODLayer_Instanced_L0_X14_Y-8
    [ 17.6 min] 60/98  approve=60 reject=0  vram=6774 peak=6774  Alpine8K_HLODLayer_Merged/Alpine8K_HLODLayer_Instanced_L0_X14_Y-8
    [ 18.0 min] 60/98  approve=60 reject=0  vram=6774 peak=6774  Alpine8K_HLODLayer_Merged/Alpine8K_HLODLayer_Instanced_L0_X14_Y-8
    [ 18.3 min] 62/98  approve=62 reject=0  vram=6823 peak=6823  Alpine8K_HLODLayer_Merged/Alpine8K_HLODLayer_Instanced_L0_X-4_Y0
    [ 18.6 min] 64/98  approve=64 reject=0  vram=6871 peak=6871  Alpine8K_HLODLayer_Merged/Alpine8K_HLODLayer_Instanced_L0_X-4_Y1
    [ 19.0 min] 66/98  approve=66 reject=0  vram=6952 peak=6952  Alpine8K_HLODLayer_Merged/Alpine8K_HLODLayer_Instanced_L0_X-10_Y8
    [ 19.3 min] 68/98  approve=68 reject=0  vram=7000 peak=7000  Alpine8K_HLODLayer_Merged/Alpine8K_HLODLayer_Instanced_L0_X-7_Y15
    [ 19.7 min] 68/98  approve=68 reject=0  vram=7000 peak=7000  Alpine8K_HLODLayer_Merged/Alpine8K_HLODLayer_Instanced_L0_X-7_Y15
    [ 20.0 min] 70/98  approve=70 reject=0  vram=7517 peak=7517  Alpine8K_HLODLayer_Merged/Alpine8K_HLODLayer_Instanced_L1_X-7_Y-8
    [ 20.3 min] 70/98  approve=70 reject=0  vram=7517 peak=7517  Alpine8K_HLODLayer_Merged/Alpine8K_HLODLayer_Instanced_L1_X-7_Y-8
    [ 20.7 min] 72/98  approve=72 reject=0  vram=7545 peak=7545  Alpine8K_HLODLayer_Merged/Alpine8K_HLODLayer_Instanced_L0_X-12_Y0
    [ 21.0 min] 74/98  approve=74 reject=0  vram=7593 peak=7593  Alpine8K_HLODLayer_Merged/Alpine8K_HLODLayer_Instanced_L0_X-4_Y7
    [ 21.3 min] 76/98  approve=76 reject=0  vram=7593 peak=7593  Alpine8K_HLODLayer_Merged/Alpine8K_HLODLayer_Instanced_L0_X1_Y12
    [ 21.7 min] 76/98  approve=76 reject=0  vram=7642 peak=7642  Alpine8K_HLODLayer_Merged/Alpine8K_HLODLayer_Instanced_L0_X1_Y12
    [ 22.0 min] 78/98  approve=78 reject=0  vram=7690 peak=7690  Alpine8K_HLODLayer_Merged/Alpine8K_HLODLayer_Instanced_L0_X4_Y13
    [ 22.3 min] 80/98  approve=80 reject=0  vram=7690 peak=7690  Alpine8K_HLODLayer_Merged/Alpine8K_HLODLayer_Instanced_L0_X-16_Y0
    [ 22.7 min] 80/98  approve=80 reject=0  vram=7738 peak=7738  Alpine8K_HLODLayer_Merged/Alpine8K_HLODLayer_Instanced_L0_X-16_Y0
    [ 23.0 min] 80/98  approve=80 reject=0  vram=7738 peak=7738  Alpine8K_HLODLayer_Merged/Alpine8K_HLODLayer_Instanced_L0_X-16_Y0
    [ 23.4 min] 82/98  approve=82 reject=0  vram=8223 peak=8223  Alpine8K_HLODLayer_Merged/Alpine8K_HLODLayer_Instanced_L1_X-3_Y3
    [ 23.7 min] 82/98  approve=82 reject=0  vram=8223 peak=8223  Alpine8K_HLODLayer_Merged/Alpine8K_HLODLayer_Instanced_L1_X-3_Y3
    [ 24.0 min] 84/98  approve=84 reject=0  vram=8203 peak=8223  Alpine8K_HLODLayer_Merged/Alpine8K_HLODLayer_Instanced_L0_X-9_Y-11
    [ 24.4 min] 86/98  approve=86 reject=0  vram=8251 peak=8251  Alpine8K_HLODLayer_Merged/Alpine8K_HLODLayer_Instanced_L0_X-12_Y-5
    [ 24.7 min] 86/98  approve=86 reject=0  vram=8300 peak=8300  Alpine8K_HLODLayer_Merged/Alpine8K_HLODLayer_Instanced_L0_X-12_Y-5
    [ 25.0 min] 86/98  approve=86 reject=0  vram=8300 peak=8300  Alpine8K_HLODLayer_Merged/Alpine8K_HLODLayer_Instanced_L0_X-12_Y-5
    [ 25.4 min] 88/98  approve=88 reject=0  vram=8348 peak=8348  Alpine8K_HLODLayer_Merged/Alpine8K_HLODLayer_Instanced_L0_X2_Y-13
    [ 25.7 min] 91/98  approve=90 reject=0  vram=8396 peak=8396  Alpine8K_HLODLayer_Instanced/Alpine8K_MainPartition_L2_X-6_Y-3
    [ 26.0 min] 92/98  approve=92 reject=0  vram=8913 peak=8913  Alpine8K_HLODLayer_Merged/Alpine8K_HLODLayer_Instanced_L1_X-6_Y-3
    [ 26.4 min] 92/98  approve=92 reject=0  vram=8913 peak=8913  Alpine8K_HLODLayer_Merged/Alpine8K_HLODLayer_Instanced_L1_X-6_Y-3
    [ 26.7 min] 94/98  approve=94 reject=0  vram=8941 peak=8941  Alpine8K_HLODLayer_Merged/Alpine8K_HLODLayer_Instanced_L0_X-3_Y-1
    [ 27.1 min] 96/98  approve=96 reject=0  vram=8941 peak=8941  Alpine8K_HLODLayer_Merged/Alpine8K_HLODLayer_Instanced_L0_X-9_Y15
    [ 27.4 min] 96/98  approve=96 reject=0  vram=8990 peak=8990  Alpine8K_HLODLayer_Merged/Alpine8K_HLODLayer_Instanced_L0_X-9_Y15
    [ 27.7 min] 98/98  approve=98 reject=0  vram=8990 peak=8990  Alpine8K_HLODLayer_Merged/Alpine8K_HLODLayer_Instanced_L0_X-8_Y7
    [ 28.1 min] 98/98  approve=98 reject=0  vram=6942 peak=9038  Alpine8K_HLODLayer_Merged/Alpine8K_HLODLayer_Instanced_L0_X-8_Y7
    done rc=1 in 28.2 min | approve=98 reject=0 | STALE 0 -> 0 (-0), current=1042 | vram peak 9038 MiB | true_exit=True | written=98 torn=0 last_write_to_exit=14.37s
  attribution  building-lines 98  decisions 98  approved 98  rejected 0
    Alpine8K_HLODLayer_Instanced       approve 54     reject 0       from Alpine8K_MainPartition x54
    Alpine8K_HLODLayer_Merged          approve 44     reject 0       from Alpine8K_HLODLayer_Instanced x44
warning: in the working copy of '_verify/hlod/build_20260914b/batches.json', CRLF will be replaced by LF the next time Git touches it
warning: in the working copy of '_verify/hlod/build_20260914b/run_console.log', LF will be replaced by CRLF the next time Git touches it
warning: in the working copy of '_verify/hlod/build_20260914b/batch_05.log', LF will be replaced by CRLF the next time Git touches it
[main 9bf59e4a] HLOD batch 05: 0 cells de-staled, 0 -> 0 left, 28.2 min, VRAM peak 9038 MiB
 4 files changed, 4553 insertions(+), 3 deletions(-)
 create mode 100644 _verify/hlod/build_20260914b/batch_05.log

=== batch_06 (attempt 1) ===
    cells in section: 98   stale(MeshMerge(1)) now: 0
    [  0.2 min] 0/0  approve=0 reject=0  vram=224 peak=224  -
    [  0.5 min] 6/98  approve=6 reject=0  vram=1432 peak=1432  Alpine8K_HLODLayer_Merged/Alpine8K_HLODLayer_Instanced_L0_X-8_Y11
    [  0.8 min] 6/98  approve=6 reject=0  vram=2872 peak=2872  Alpine8K_HLODLayer_Merged/Alpine8K_HLODLayer_Instanced_L0_X-8_Y11
    [  1.2 min] 6/98  approve=6 reject=0  vram=2872 peak=2872  Alpine8K_HLODLayer_Merged/Alpine8K_HLODLayer_Instanced_L0_X-8_Y11
    [  1.5 min] 9/98  approve=9 reject=0  vram=2905 peak=2905  Alpine8K_HLODLayer_Merged/Alpine8K_HLODLayer_Instanced_L0_X7_Y-15
    [  1.9 min] 9/98  approve=9 reject=0  vram=2953 peak=2953  Alpine8K_HLODLayer_Merged/Alpine8K_HLODLayer_Instanced_L0_X7_Y-15
    [  2.2 min] 15/98  approve=15 reject=0  vram=3002 peak=3002  Alpine8K_HLODLayer_Merged/Alpine8K_HLODLayer_Instanced_L0_X15_Y-11
    [  2.5 min] 15/98  approve=15 reject=0  vram=3002 peak=3002  Alpine8K_HLODLayer_Merged/Alpine8K_HLODLayer_Instanced_L0_X15_Y-11
    [  2.9 min] 15/98  approve=15 reject=0  vram=3050 peak=3050  Alpine8K_HLODLayer_Merged/Alpine8K_HLODLayer_Instanced_L0_X15_Y-11
    [  3.2 min] 15/98  approve=15 reject=0  vram=3050 peak=3050  Alpine8K_HLODLayer_Merged/Alpine8K_HLODLayer_Instanced_L0_X15_Y-11
    [  3.5 min] 21/98  approve=21 reject=0  vram=3098 peak=3098  Alpine8K_HLODLayer_Merged/Alpine8K_HLODLayer_Instanced_L0_X-6_Y7
    [  3.9 min] 21/98  approve=21 reject=0  vram=3098 peak=3098  Alpine8K_HLODLayer_Merged/Alpine8K_HLODLayer_Instanced_L0_X-6_Y7
    [  4.2 min] 21/98  approve=21 reject=0  vram=3147 peak=3147  Alpine8K_HLODLayer_Merged/Alpine8K_HLODLayer_Instanced_L0_X-6_Y7
    [  4.6 min] 21/98  approve=21 reject=0  vram=3147 peak=3147  Alpine8K_HLODLayer_Merged/Alpine8K_HLODLayer_Instanced_L0_X-6_Y7
    [  4.9 min] 24/98  approve=24 reject=0  vram=3195 peak=3195  Alpine8K_HLODLayer_Merged/Alpine8K_HLODLayer_Instanced_L0_X5_Y-6
    [  5.2 min] 26/98  approve=26 reject=0  vram=3821 peak=3821  Alpine8K_HLODLayer_Merged/Alpine8K_HLODLayer_Instanced_L1_X-3_Y4
    [  5.6 min] 26/98  approve=26 reject=0  vram=3821 peak=3821  Alpine8K_HLODLayer_Merged/Alpine8K_HLODLayer_Instanced_L1_X-3_Y4
    [  5.9 min] 28/98  approve=28 reject=0  vram=3801 peak=3821  Alpine8K_HLODLayer_Merged/Alpine8K_HLODLayer_Instanced_L0_X13_Y-2
    [  6.2 min] 28/98  approve=28 reject=0  vram=3801 peak=3821  Alpine8K_HLODLayer_Merged/Alpine8K_HLODLayer_Instanced_L0_X13_Y-2
    [  6.6 min] 28/98  approve=28 reject=0  vram=3849 peak=3849  Alpine8K_HLODLayer_Merged/Alpine8K_HLODLayer_Instanced_L0_X13_Y-2
    [  6.9 min] 28/98  approve=28 reject=0  vram=3849 peak=3849  Alpine8K_HLODLayer_Merged/Alpine8K_HLODLayer_Instanced_L0_X13_Y-2
    [  7.2 min] 29/98  approve=28 reject=0  vram=3849 peak=3849  Alpine8K_HLODLayer_Instanced/Alpine8K_MainPartition_L2_X0_Y0
    [  7.6 min] 30/98  approve=30 reject=0  vram=4366 peak=4366  Alpine8K_HLODLayer_Merged/Alpine8K_HLODLayer_Instanced_L1_X0_Y0
    [  7.9 min] 30/98  approve=30 reject=0  vram=4366 peak=4366  Alpine8K_HLODLayer_Merged/Alpine8K_HLODLayer_Instanced_L1_X0_Y0
    [  8.2 min] 32/98  approve=32 reject=0  vram=4395 peak=4395  Alpine8K_HLODLayer_Merged/Alpine8K_HLODLayer_Instanced_L0_X-5_Y-2
    [  8.6 min] 34/98  approve=34 reject=0  vram=4881 peak=4881  Alpine8K_HLODLayer_Merged/Alpine8K_HLODLayer_Instanced_L1_X-5_Y4
    [  8.9 min] 34/98  approve=34 reject=0  vram=4881 peak=4881  Alpine8K_HLODLayer_Merged/Alpine8K_HLODLayer_Instanced_L1_X-5_Y4
    [  9.3 min] 36/98  approve=36 reject=0  vram=4909 peak=4909  Alpine8K_HLODLayer_Merged/Alpine8K_HLODLayer_Instanced_L0_X-8_Y0
    [  9.6 min] 38/98  approve=38 reject=0  vram=5523 peak=5523  Alpine8K_HLODLayer_Merged/Alpine8K_HLODLayer_Instanced_L1_X0_Y-1
    [  9.9 min] 38/98  approve=38 reject=0  vram=5523 peak=5523  Alpine8K_HLODLayer_Merged/Alpine8K_HLODLayer_Instanced_L1_X0_Y-1
    [ 10.3 min] 40/98  approve=40 reject=0  vram=5988 peak=5988  Alpine8K_HLODLayer_Merged/Alpine8K_HLODLayer_Instanced_L1_X3_Y-5
    [ 10.6 min] 40/98  approve=40 reject=0  vram=5988 peak=5988  Alpine8K_HLODLayer_Merged/Alpine8K_HLODLayer_Instanced_L1_X3_Y-5
    [ 10.9 min] 42/98  approve=42 reject=0  vram=5968 peak=5988  Alpine8K_HLODLayer_Merged/Alpine8K_HLODLayer_Instanced_L0_X15_Y-3
    [ 11.3 min] 42/98  approve=42 reject=0  vram=5968 peak=5988  Alpine8K_HLODLayer_Merged/Alpine8K_HLODLayer_Instanced_L0_X15_Y-3
    [ 11.6 min] 42/98  approve=42 reject=0  vram=6016 peak=6016  Alpine8K_HLODLayer_Merged/Alpine8K_HLODLayer_Instanced_L0_X15_Y-3
    [ 12.0 min] 42/98  approve=42 reject=0  vram=6016 peak=6016  Alpine8K_HLODLayer_Merged/Alpine8K_HLODLayer_Instanced_L0_X15_Y-3
    [ 12.3 min] 44/98  approve=44 reject=0  vram=6016 peak=6016  Alpine8K_HLODLayer_Merged/Alpine8K_HLODLayer_Instanced_L0_X-16_Y4
    [ 12.6 min] 44/98  approve=44 reject=0  vram=6064 peak=6064  Alpine8K_HLODLayer_Merged/Alpine8K_HLODLayer_Instanced_L0_X-16_Y4
    [ 13.0 min] 46/98  approve=46 reject=0  vram=6064 peak=6064  Alpine8K_HLODLayer_Merged/Alpine8K_HLODLayer_Instanced_L0_X-14_Y-3
    [ 13.3 min] 46/98  approve=46 reject=0  vram=6113 peak=6113  Alpine8K_HLODLayer_Merged/Alpine8K_HLODLayer_Instanced_L0_X-14_Y-3
    [ 13.6 min] 46/98  approve=46 reject=0  vram=6113 peak=6113  Alpine8K_HLODLayer_Merged/Alpine8K_HLODLayer_Instanced_L0_X-14_Y-3
    [ 14.0 min] 46/98  approve=46 reject=0  vram=6113 peak=6113  Alpine8K_HLODLayer_Merged/Alpine8K_HLODLayer_Instanced_L0_X-14_Y-3
    [ 14.3 min] 48/98  approve=48 reject=0  vram=6598 peak=6598  Alpine8K_HLODLayer_Merged/Alpine8K_HLODLayer_Instanced_L1_X-5_Y-8
    [ 14.6 min] 48/98  approve=48 reject=0  vram=6598 peak=6598  Alpine8K_HLODLayer_Merged/Alpine8K_HLODLayer_Instanced_L1_X-5_Y-8
    [ 15.0 min] 50/98  approve=50 reject=0  vram=6578 peak=6598  Alpine8K_HLODLayer_Merged/Alpine8K_HLODLayer_Instanced_L0_X13_Y-1
    [ 15.3 min] 50/98  approve=50 reject=0  vram=6578 peak=6598  Alpine8K_HLODLayer_Merged/Alpine8K_HLODLayer_Instanced_L0_X13_Y-1
    [ 15.7 min] 50/98  approve=50 reject=0  vram=6626 peak=6626  Alpine8K_HLODLayer_Merged/Alpine8K_HLODLayer_Instanced_L0_X13_Y-1
    [ 16.0 min] 50/98  approve=50 reject=0  vram=6626 peak=6626  Alpine8K_HLODLayer_Merged/Alpine8K_HLODLayer_Instanced_L0_X13_Y-1
    [ 16.3 min] 51/98  approve=51 reject=0  vram=7328 peak=7328  Alpine8K_HLODLayer_Instanced/Alpine8K_MainPartition_L2_X-7_Y6
    [ 16.7 min] 52/98  approve=52 reject=0  vram=7143 peak=7328  Alpine8K_HLODLayer_Merged/Alpine8K_HLODLayer_Instanced_L1_X-7_Y6
    [ 17.0 min] 52/98  approve=52 reject=0  vram=7143 peak=7328  Alpine8K_HLODLayer_Merged/Alpine8K_HLODLayer_Instanced_L1_X-7_Y6
    [ 17.3 min] 54/98  approve=54 reject=0  vram=7171 peak=7328  Alpine8K_HLODLayer_Merged/Alpine8K_HLODLayer_Instanced_L0_X-6_Y-4
    [ 17.7 min] 56/98  approve=56 reject=0  vram=7171 peak=7328  Alpine8K_HLODLayer_Merged/Alpine8K_HLODLayer_Instanced_L0_X10_Y-7
    [ 18.0 min] 56/98  approve=56 reject=0  vram=7220 peak=7328  Alpine8K_HLODLayer_Merged/Alpine8K_HLODLayer_Instanced_L0_X10_Y-7
    [ 18.4 min] 58/98  approve=58 reject=0  vram=7220 peak=7328  Alpine8K_HLODLayer_Merged/Alpine8K_HLODLayer_Instanced_L0_X-11_Y14
    [ 18.7 min] 58/98  approve=58 reject=0  vram=7268 peak=7328  Alpine8K_HLODLayer_Merged/Alpine8K_HLODLayer_Instanced_L0_X-11_Y14
    [ 19.0 min] 58/98  approve=58 reject=0  vram=7268 peak=7328  Alpine8K_HLODLayer_Merged/Alpine8K_HLODLayer_Instanced_L0_X-11_Y14
    [ 19.4 min] 59/98  approve=58 reject=0  vram=7172 peak=7328  Alpine8K_HLODLayer_Instanced/Alpine8K_MainPartition_L2_X-5_Y7
    [ 19.7 min] 60/98  approve=60 reject=0  vram=7689 peak=7689  Alpine8K_HLODLayer_Merged/Alpine8K_HLODLayer_Instanced_L1_X-5_Y7
    [ 20.0 min] 60/98  approve=60 reject=0  vram=7689 peak=7689  Alpine8K_HLODLayer_Merged/Alpine8K_HLODLayer_Instanced_L1_X-5_Y7
    [ 20.4 min] 62/98  approve=62 reject=0  vram=8185 peak=8185  Alpine8K_HLODLayer_Merged/Alpine8K_HLODLayer_Instanced_L1_X5_Y4
    [ 20.7 min] 62/98  approve=62 reject=0  vram=8185 peak=8185  Alpine8K_HLODLayer_Merged/Alpine8K_HLODLayer_Instanced_L1_X5_Y4
    [ 21.0 min] 64/98  approve=64 reject=0  vram=8214 peak=8214  Alpine8K_HLODLayer_Merged/Alpine8K_HLODLayer_Instanced_L0_X-10_Y2
    [ 21.4 min] 66/98  approve=66 reject=0  vram=8262 peak=8262  Alpine8K_HLODLayer_Merged/Alpine8K_HLODLayer_Instanced_L0_X11_Y-2
    [ 21.7 min] 68/98  approve=68 reject=0  vram=8310 peak=8310  Alpine8K_HLODLayer_Merged/Alpine8K_HLODLayer_Instanced_L0_X-4_Y-2
    [ 22.0 min] 70/98  approve=70 reject=0  vram=8310 peak=8310  Alpine8K_HLODLayer_Merged/Alpine8K_HLODLayer_Instanced_L0_X-3_Y13
    [ 22.4 min] 70/98  approve=70 reject=0  vram=8359 peak=8359  Alpine8K_HLODLayer_Merged/Alpine8K_HLODLayer_Instanced_L0_X-3_Y13
    [ 22.7 min] 70/98  approve=70 reject=0  vram=8359 peak=8359  Alpine8K_HLODLayer_Merged/Alpine8K_HLODLayer_Instanced_L0_X-3_Y13
    [ 23.1 min] 70/98  approve=70 reject=0  vram=8359 peak=8359  Alpine8K_HLODLayer_Merged/Alpine8K_HLODLayer_Instanced_L0_X-3_Y13
    [ 23.4 min] 72/98  approve=72 reject=0  vram=8359 peak=8359  Alpine8K_HLODLayer_Merged/Alpine8K_HLODLayer_Instanced_L0_X6_Y-4
    [ 23.7 min] 72/98  approve=72 reject=0  vram=8407 peak=8407  Alpine8K_HLODLayer_Merged/Alpine8K_HLODLayer_Instanced_L0_X6_Y-4
    [ 24.1 min] 72/98  approve=72 reject=0  vram=8407 peak=8407  Alpine8K_HLODLayer_Merged/Alpine8K_HLODLayer_Instanced_L0_X6_Y-4
    [ 24.4 min] 74/98  approve=74 reject=0  vram=8924 peak=8924  Alpine8K_HLODLayer_Merged/Alpine8K_HLODLayer_Instanced_L1_X-7_Y5
    [ 24.7 min] 74/98  approve=74 reject=0  vram=8924 peak=8924  Alpine8K_HLODLayer_Merged/Alpine8K_HLODLayer_Instanced_L1_X-7_Y5
    [ 25.1 min] 74/98  approve=74 reject=0  vram=8924 peak=8924  Alpine8K_HLODLayer_Merged/Alpine8K_HLODLayer_Instanced_L1_X-7_Y5
    [ 25.4 min] 76/98  approve=76 reject=0  vram=8904 peak=8924  Alpine8K_HLODLayer_Merged/Alpine8K_HLODLayer_Instanced_L0_X-2_Y11
    [ 25.8 min] 76/98  approve=76 reject=0  vram=8952 peak=8952  Alpine8K_HLODLayer_Merged/Alpine8K_HLODLayer_Instanced_L0_X-2_Y11
    [ 26.1 min] 76/98  approve=76 reject=0  vram=8952 peak=8952  Alpine8K_HLODLayer_Merged/Alpine8K_HLODLayer_Instanced_L0_X-2_Y11
    [ 26.4 min] 78/98  approve=78 reject=0  vram=8952 peak=8952  Alpine8K_HLODLayer_Merged/Alpine8K_HLODLayer_Instanced_L0_X-1_Y13
    [ 26.8 min] 78/98  approve=78 reject=0  vram=8952 peak=8952  Alpine8K_HLODLayer_Merged/Alpine8K_HLODLayer_Instanced_L0_X-1_Y13
    [ 27.1 min] 78/98  approve=78 reject=0  vram=9000 peak=9000  Alpine8K_HLODLayer_Merged/Alpine8K_HLODLayer_Instanced_L0_X-1_Y13
    [ 27.4 min] 78/98  approve=78 reject=0  vram=9000 peak=9000  Alpine8K_HLODLayer_Merged/Alpine8K_HLODLayer_Instanced_L0_X-1_Y13
    [ 27.8 min] 80/98  approve=80 reject=0  vram=9000 peak=9000  Alpine8K_HLODLayer_Merged/Alpine8K_HLODLayer_Instanced_L0_X-15_Y3
    [ 28.1 min] 80/98  approve=80 reject=0  vram=9049 peak=9049  Alpine8K_HLODLayer_Merged/Alpine8K_HLODLayer_Instanced_L0_X-15_Y3
    [ 28.4 min] 80/98  approve=80 reject=0  vram=9049 peak=9049  Alpine8K_HLODLayer_Merged/Alpine8K_HLODLayer_Instanced_L0_X-15_Y3
    [ 28.8 min] 82/98  approve=82 reject=0  vram=9049 peak=9049  Alpine8K_HLODLayer_Merged/Alpine8K_HLODLayer_Instanced_L0_X5_Y-1
    [ 29.1 min] 82/98  approve=82 reject=0  vram=9097 peak=9097  Alpine8K_HLODLayer_Merged/Alpine8K_HLODLayer_Instanced_L0_X5_Y-1
    [ 29.5 min] 84/98  approve=84 reject=0  vram=9113 peak=9113  Alpine8K_HLODLayer_Merged/Alpine8K_HLODLayer_Instanced_L0_X-4_Y-12
    [ 29.8 min] 86/98  approve=86 reject=0  vram=9113 peak=9113  Alpine8K_HLODLayer_Merged/Alpine8K_HLODLayer_Instanced_L0_X6_Y-2
    [ 30.1 min] 86/98  approve=86 reject=0  vram=9162 peak=9162  Alpine8K_HLODLayer_Merged/Alpine8K_HLODLayer_Instanced_L0_X6_Y-2
    [ 30.5 min] 86/98  approve=86 reject=0  vram=9162 peak=9162  Alpine8K_HLODLayer_Merged/Alpine8K_HLODLayer_Instanced_L0_X6_Y-2
    [ 30.8 min] 88/98  approve=88 reject=0  vram=9210 peak=9210  Alpine8K_HLODLayer_Merged/Alpine8K_HLODLayer_Instanced_L0_X-9_Y7
    [ 31.1 min] 90/98  approve=90 reject=0  vram=9210 peak=9210  Alpine8K_HLODLayer_Merged/Alpine8K_HLODLayer_Instanced_L0_X-8_Y14
    [ 31.5 min] 90/98  approve=90 reject=0  vram=9258 peak=9258  Alpine8K_HLODLayer_Merged/Alpine8K_HLODLayer_Instanced_L0_X-8_Y14
    [ 31.8 min] 90/98  approve=90 reject=0  vram=9258 peak=9258  Alpine8K_HLODLayer_Merged/Alpine8K_HLODLayer_Instanced_L0_X-8_Y14
    [ 32.1 min] 92/98  approve=92 reject=0  vram=9258 peak=9258  Alpine8K_HLODLayer_Merged/Alpine8K_HLODLayer_Instanced_L0_X-14_Y-5
    [ 32.5 min] 92/98  approve=92 reject=0  vram=9307 peak=9307  Alpine8K_HLODLayer_Merged/Alpine8K_HLODLayer_Instanced_L0_X-14_Y-5
    [ 32.8 min] 92/98  approve=92 reject=0  vram=9307 peak=9307  Alpine8K_HLODLayer_Merged/Alpine8K_HLODLayer_Instanced_L0_X-14_Y-5
    [ 33.2 min] 92/98  approve=92 reject=0  vram=9307 peak=9307  Alpine8K_HLODLayer_Merged/Alpine8K_HLODLayer_Instanced_L0_X-14_Y-5
    [ 33.5 min] 94/98  approve=94 reject=0  vram=9307 peak=9307  Alpine8K_HLODLayer_Merged/Alpine8K_HLODLayer_Instanced_L0_X10_Y-14
    [ 33.9 min] 94/98  approve=94 reject=0  vram=9355 peak=9355  Alpine8K_HLODLayer_Merged/Alpine8K_HLODLayer_Instanced_L0_X10_Y-14
    [ 34.2 min] 94/98  approve=94 reject=0  vram=9355 peak=9355  Alpine8K_HLODLayer_Merged/Alpine8K_HLODLayer_Instanced_L0_X10_Y-14
    [ 34.5 min] 96/98  approve=96 reject=0  vram=9403 peak=9403  Alpine8K_HLODLayer_Merged/Alpine8K_HLODLayer_Instanced_L0_X2_Y-14
    [ 34.9 min] 97/98  approve=96 reject=0  vram=9404 peak=9404  Alpine8K_HLODLayer_Instanced/Alpine8K_MainPartition_L2_X-6_Y2
    [ 35.2 min] 98/98  approve=98 reject=0  vram=9889 peak=9889  Alpine8K_HLODLayer_Merged/Alpine8K_HLODLayer_Instanced_L1_X-6_Y2
    [ 35.5 min] 98/98  approve=98 reject=0  vram=9889 peak=9889  Alpine8K_HLODLayer_Merged/Alpine8K_HLODLayer_Instanced_L1_X-6_Y2
    done rc=1 in 35.7 min | approve=98 reject=0 | STALE 0 -> 0 (-0), current=1042 | vram peak 9889 MiB | true_exit=True | written=98 torn=0 last_write_to_exit=9.232s
  attribution  building-lines 98  decisions 98  approved 98  rejected 0
    Alpine8K_HLODLayer_Instanced       approve 54     reject 0       from Alpine8K_MainPartition x54
    Alpine8K_HLODLayer_Merged          approve 44     reject 0       from Alpine8K_HLODLayer_Instanced x44
warning: in the working copy of '_verify/hlod/build_20260914b/batches.json', CRLF will be replaced by LF the next time Git touches it
warning: in the working copy of '_verify/hlod/build_20260914b/run_console.log', LF will be replaced by CRLF the next time Git touches it
warning: in the working copy of '_verify/hlod/build_20260914b/batch_06.log', LF will be replaced by CRLF the next time Git touches it
[main 1979135d] HLOD batch 06: 0 cells de-staled, 0 -> 0 left, 35.7 min, VRAM peak 9889 MiB
 4 files changed, 4758 insertions(+), 3 deletions(-)
 create mode 100644 _verify/hlod/build_20260914b/batch_06.log

=== batch_07 (attempt 1) ===
    cells in section: 97   stale(MeshMerge(1)) now: 0
    [  0.2 min] 0/0  approve=0 reject=0  vram=223 peak=223  -
    [  0.5 min] 5/97  approve=5 reject=0  vram=1432 peak=1432  Alpine8K_HLODLayer_Merged/Alpine8K_HLODLayer_Instanced_L0_X-8_Y12
    [  0.8 min] 5/97  approve=5 reject=0  vram=2873 peak=2873  Alpine8K_HLODLayer_Merged/Alpine8K_HLODLayer_Instanced_L0_X-8_Y12
    [  1.2 min] 5/97  approve=5 reject=0  vram=2873 peak=2873  Alpine8K_HLODLayer_Merged/Alpine8K_HLODLayer_Instanced_L0_X-8_Y12
    [  1.5 min] 5/97  approve=5 reject=0  vram=2873 peak=2873  Alpine8K_HLODLayer_Merged/Alpine8K_HLODLayer_Instanced_L0_X-8_Y12
    [  1.9 min] 8/97  approve=8 reject=0  vram=2954 peak=2954  Alpine8K_HLODLayer_Merged/Alpine8K_HLODLayer_Instanced_L0_X5_Y-13
    [  2.2 min] 11/97  approve=11 reject=0  vram=2954 peak=2954  Alpine8K_HLODLayer_Merged/Alpine8K_HLODLayer_Instanced_L0_X15_Y15
    [  2.5 min] 11/97  approve=11 reject=0  vram=3003 peak=3003  Alpine8K_HLODLayer_Merged/Alpine8K_HLODLayer_Instanced_L0_X15_Y15
    [  2.9 min] 14/97  approve=14 reject=0  vram=3051 peak=3051  Alpine8K_HLODLayer_Merged/Alpine8K_HLODLayer_Instanced_L0_X-6_Y2
    [  3.2 min] 17/97  approve=17 reject=0  vram=3099 peak=3099  Alpine8K_HLODLayer_Merged/Alpine8K_HLODLayer_Instanced_L0_X9_Y-6
    [  3.5 min] 20/97  approve=20 reject=0  vram=3148 peak=3148  Alpine8K_HLODLayer_Merged/Alpine8K_HLODLayer_Instanced_L0_X-13_Y-9
    [  3.9 min] 23/97  approve=23 reject=0  vram=3148 peak=3148  Alpine8K_HLODLayer_Merged/Alpine8K_HLODLayer_Instanced_L0_X6_Y-13
    [  4.2 min] 23/97  approve=23 reject=0  vram=3196 peak=3196  Alpine8K_HLODLayer_Merged/Alpine8K_HLODLayer_Instanced_L0_X6_Y-13
    [  4.5 min] 25/97  approve=25 reject=0  vram=3244 peak=3244  Alpine8K_HLODLayer_Merged/Alpine8K_HLODLayer_Instanced_L0_X6_Y-15
    [  4.9 min] 27/97  approve=27 reject=0  vram=3293 peak=3293  Alpine8K_HLODLayer_Merged/Alpine8K_HLODLayer_Instanced_L0_X-1_Y10
    [  5.2 min] 29/97  approve=29 reject=0  vram=3373 peak=3373  Alpine8K_HLODLayer_Merged/Alpine8K_HLODLayer_Instanced_L0_X-8_Y-13
    [  5.5 min] 31/97  approve=31 reject=0  vram=3373 peak=3373  Alpine8K_HLODLayer_Merged/Alpine8K_HLODLayer_Instanced_L0_X-14_Y-7
    [  5.9 min] 31/97  approve=31 reject=0  vram=3421 peak=3421  Alpine8K_HLODLayer_Merged/Alpine8K_HLODLayer_Instanced_L0_X-14_Y-7
    [  6.2 min] 33/97  approve=33 reject=0  vram=4239 peak=4239  Alpine8K_HLODLayer_Merged/Alpine8K_HLODLayer_Instanced_L1_X0_Y-3
    [  6.6 min] 33/97  approve=33 reject=0  vram=4239 peak=4239  Alpine8K_HLODLayer_Merged/Alpine8K_HLODLayer_Instanced_L1_X0_Y-3
    [  6.9 min] 35/97  approve=35 reject=0  vram=4219 peak=4239  Alpine8K_HLODLayer_Merged/Alpine8K_HLODLayer_Instanced_L0_X-15_Y-9
    [  7.2 min] 35/97  approve=35 reject=0  vram=4267 peak=4267  Alpine8K_HLODLayer_Merged/Alpine8K_HLODLayer_Instanced_L0_X-15_Y-9
    [  7.6 min] 37/97  approve=37 reject=0  vram=4316 peak=4316  Alpine8K_HLODLayer_Merged/Alpine8K_HLODLayer_Instanced_L0_X-8_Y1
    [  7.9 min] 39/97  approve=39 reject=0  vram=4316 peak=4316  Alpine8K_HLODLayer_Merged/Alpine8K_HLODLayer_Instanced_L0_X-1_Y12
    [  8.2 min] 39/97  approve=39 reject=0  vram=4364 peak=4364  Alpine8K_HLODLayer_Merged/Alpine8K_HLODLayer_Instanced_L0_X-1_Y12
    [  8.6 min] 39/97  approve=39 reject=0  vram=4364 peak=4364  Alpine8K_HLODLayer_Merged/Alpine8K_HLODLayer_Instanced_L0_X-1_Y12
    [  8.9 min] 41/97  approve=41 reject=0  vram=4364 peak=4364  Alpine8K_HLODLayer_Merged/Alpine8K_HLODLayer_Instanced_L0_X-13_Y6
    [  9.2 min] 41/97  approve=41 reject=0  vram=4412 peak=4412  Alpine8K_HLODLayer_Merged/Alpine8K_HLODLayer_Instanced_L0_X-13_Y6
    [  9.6 min] 41/97  approve=41 reject=0  vram=4412 peak=4412  Alpine8K_HLODLayer_Merged/Alpine8K_HLODLayer_Instanced_L0_X-13_Y6
    [  9.9 min] 43/97  approve=43 reject=0  vram=4461 peak=4461  Alpine8K_HLODLayer_Merged/Alpine8K_HLODLayer_Instanced_L0_X-8_Y-15
    [ 10.2 min] 45/97  approve=45 reject=0  vram=4509 peak=4509  Alpine8K_HLODLayer_Merged/Alpine8K_HLODLayer_Instanced_L0_X4_Y-10
    [ 10.6 min] 47/97  approve=47 reject=0  vram=4558 peak=4558  Alpine8K_HLODLayer_Merged/Alpine8K_HLODLayer_Instanced_L0_X13_Y4
    [ 10.9 min] 49/97  approve=49 reject=0  vram=4558 peak=4558  Alpine8K_HLODLayer_Merged/Alpine8K_HLODLayer_Instanced_L0_X7_Y0
    [ 11.3 min] 49/97  approve=49 reject=0  vram=4606 peak=4606  Alpine8K_HLODLayer_Merged/Alpine8K_HLODLayer_Instanced_L0_X7_Y0
    [ 11.6 min] 49/97  approve=49 reject=0  vram=4606 peak=4606  Alpine8K_HLODLayer_Merged/Alpine8K_HLODLayer_Instanced_L0_X7_Y0
    [ 11.9 min] 51/97  approve=51 reject=0  vram=5091 peak=5091  Alpine8K_HLODLayer_Merged/Alpine8K_HLODLayer_Instanced_L1_X5_Y6
    [ 12.3 min] 51/97  approve=51 reject=0  vram=5091 peak=5091  Alpine8K_HLODLayer_Merged/Alpine8K_HLODLayer_Instanced_L1_X5_Y6
    [ 12.6 min] 53/97  approve=53 reject=0  vram=5556 peak=5556  Alpine8K_HLODLayer_Merged/Alpine8K_HLODLayer_Instanced_L1_X-7_Y-5
    [ 12.9 min] 53/97  approve=53 reject=0  vram=5556 peak=5556  Alpine8K_HLODLayer_Merged/Alpine8K_HLODLayer_Instanced_L1_X-7_Y-5
    [ 13.3 min] 55/97  approve=55 reject=0  vram=5472 peak=5556  Alpine8K_HLODLayer_Merged/Alpine8K_HLODLayer_Instanced_L0_X-16_Y8
    [ 13.6 min] 55/97  approve=55 reject=0  vram=5472 peak=5556  Alpine8K_HLODLayer_Merged/Alpine8K_HLODLayer_Instanced_L0_X-16_Y8
    [ 13.9 min] 55/97  approve=55 reject=0  vram=5521 peak=5556  Alpine8K_HLODLayer_Merged/Alpine8K_HLODLayer_Instanced_L0_X-16_Y8
    [ 14.3 min] 57/97  approve=57 reject=0  vram=5537 peak=5556  Alpine8K_HLODLayer_Merged/Alpine8K_HLODLayer_Instanced_L0_X-5_Y4
    [ 14.6 min] 59/97  approve=59 reject=0  vram=5585 peak=5585  Alpine8K_HLODLayer_Merged/Alpine8K_HLODLayer_Instanced_L0_X2_Y3
    [ 14.9 min] 61/97  approve=61 reject=0  vram=5634 peak=5634  Alpine8K_HLODLayer_Merged/Alpine8K_HLODLayer_Instanced_L0_X11_Y-5
    [ 15.3 min] 63/97  approve=63 reject=0  vram=6118 peak=6118  Alpine8K_HLODLayer_Merged/Alpine8K_HLODLayer_Instanced_L1_X3_Y-3
    [ 15.6 min] 63/97  approve=63 reject=0  vram=6118 peak=6118  Alpine8K_HLODLayer_Merged/Alpine8K_HLODLayer_Instanced_L1_X3_Y-3
    [ 16.0 min] 65/97  approve=65 reject=0  vram=6583 peak=6583  Alpine8K_HLODLayer_Merged/Alpine8K_HLODLayer_Instanced_L1_X-4_Y-2
    [ 16.3 min] 65/97  approve=65 reject=0  vram=6583 peak=6583  Alpine8K_HLODLayer_Merged/Alpine8K_HLODLayer_Instanced_L1_X-4_Y-2
    [ 16.6 min] 67/97  approve=67 reject=0  vram=6595 peak=6595  Alpine8K_HLODLayer_Merged/Alpine8K_HLODLayer_Instanced_L0_X-2_Y7
    [ 17.0 min] 67/97  approve=67 reject=0  vram=6595 peak=6595  Alpine8K_HLODLayer_Merged/Alpine8K_HLODLayer_Instanced_L0_X-2_Y7
    [ 17.3 min] 67/97  approve=67 reject=0  vram=6643 peak=6643  Alpine8K_HLODLayer_Merged/Alpine8K_HLODLayer_Instanced_L0_X-2_Y7
    [ 17.6 min] 67/97  approve=67 reject=0  vram=6643 peak=6643  Alpine8K_HLODLayer_Merged/Alpine8K_HLODLayer_Instanced_L0_X-2_Y7
    [ 18.0 min] 67/97  approve=67 reject=0  vram=6643 peak=6643  Alpine8K_HLODLayer_Merged/Alpine8K_HLODLayer_Instanced_L0_X-2_Y7
    [ 18.3 min] 69/97  approve=69 reject=0  vram=6643 peak=6643  Alpine8K_HLODLayer_Merged/Alpine8K_HLODLayer_Instanced_L0_X12_Y2
    [ 18.6 min] 69/97  approve=69 reject=0  vram=6692 peak=6692  Alpine8K_HLODLayer_Merged/Alpine8K_HLODLayer_Instanced_L0_X12_Y2
    [ 19.0 min] 70/97  approve=69 reject=0  vram=6692 peak=6692  Alpine8K_HLODLayer_Instanced/Alpine8K_MainPartition_L2_X0_Y2
    [ 19.3 min] 71/97  approve=71 reject=0  vram=7177 peak=7177  Alpine8K_HLODLayer_Merged/Alpine8K_HLODLayer_Instanced_L1_X0_Y2
    [ 19.6 min] 72/97  approve=71 reject=0  vram=7126 peak=7177  Alpine8K_HLODLayer_Instanced/Alpine8K_MainPartition_L2_X-6_Y-5
    [ 20.0 min] 73/97  approve=73 reject=0  vram=7642 peak=7642  Alpine8K_HLODLayer_Merged/Alpine8K_HLODLayer_Instanced_L1_X-6_Y-5
    [ 20.3 min] 73/97  approve=73 reject=0  vram=7642 peak=7642  Alpine8K_HLODLayer_Merged/Alpine8K_HLODLayer_Instanced_L1_X-6_Y-5
    [ 20.7 min] 75/97  approve=75 reject=0  vram=7671 peak=7671  Alpine8K_HLODLayer_Merged/Alpine8K_HLODLayer_Instanced_L0_X15_Y13
    [ 21.0 min] 77/97  approve=77 reject=0  vram=7671 peak=7671  Alpine8K_HLODLayer_Merged/Alpine8K_HLODLayer_Instanced_L0_X-15_Y-12
    [ 21.3 min] 77/97  approve=77 reject=0  vram=7719 peak=7719  Alpine8K_HLODLayer_Merged/Alpine8K_HLODLayer_Instanced_L0_X-15_Y-12
    [ 21.7 min] 79/97  approve=79 reject=0  vram=8204 peak=8204  Alpine8K_HLODLayer_Merged/Alpine8K_HLODLayer_Instanced_L1_X1_Y-1
    [ 22.0 min] 79/97  approve=79 reject=0  vram=8204 peak=8204  Alpine8K_HLODLayer_Merged/Alpine8K_HLODLayer_Instanced_L1_X1_Y-1
    [ 22.4 min] 81/97  approve=81 reject=0  vram=8184 peak=8204  Alpine8K_HLODLayer_Merged/Alpine8K_HLODLayer_Instanced_L0_X-2_Y13
    [ 22.7 min] 81/97  approve=81 reject=0  vram=8232 peak=8232  Alpine8K_HLODLayer_Merged/Alpine8K_HLODLayer_Instanced_L0_X-2_Y13
    [ 23.0 min] 81/97  approve=81 reject=0  vram=8232 peak=8232  Alpine8K_HLODLayer_Merged/Alpine8K_HLODLayer_Instanced_L0_X-2_Y13
    [ 23.4 min] 83/97  approve=83 reject=0  vram=8280 peak=8280  Alpine8K_HLODLayer_Merged/Alpine8K_HLODLayer_Instanced_L0_X4_Y-2
    [ 23.7 min] 85/97  approve=85 reject=0  vram=8797 peak=8797  Alpine8K_HLODLayer_Merged/Alpine8K_HLODLayer_Instanced_L1_X7_Y-4
    [ 24.0 min] 85/97  approve=85 reject=0  vram=8797 peak=8797  Alpine8K_HLODLayer_Merged/Alpine8K_HLODLayer_Instanced_L1_X7_Y-4
    [ 24.4 min] 85/97  approve=85 reject=0  vram=8797 peak=8797  Alpine8K_HLODLayer_Merged/Alpine8K_HLODLayer_Instanced_L1_X7_Y-4
    [ 24.7 min] 89/97  approve=89 reject=0  vram=8874 peak=8874  Alpine8K_HLODLayer_Merged/Alpine8K_HLODLayer_Instanced_L0_X-10_Y-13
    [ 25.0 min] 91/97  approve=91 reject=0  vram=9359 peak=9359  Alpine8K_HLODLayer_Merged/Alpine8K_HLODLayer_Instanced_L1_X5_Y5
    [ 25.4 min] 91/97  approve=91 reject=0  vram=9359 peak=9359  Alpine8K_HLODLayer_Merged/Alpine8K_HLODLayer_Instanced_L1_X5_Y5
    [ 25.7 min] 92/97  approve=91 reject=0  vram=9339 peak=9359  Alpine8K_HLODLayer_Instanced/Alpine8K_MainPartition_L2_X2_Y-8
    [ 26.0 min] 93/97  approve=93 reject=0  vram=9856 peak=9856  Alpine8K_HLODLayer_Merged/Alpine8K_HLODLayer_Instanced_L1_X2_Y-8
    [ 26.4 min] 93/97  approve=93 reject=0  vram=9856 peak=9856  Alpine8K_HLODLayer_Merged/Alpine8K_HLODLayer_Instanced_L1_X2_Y-8
    [ 26.7 min] 95/97  approve=95 reject=0  vram=9836 peak=9856  Alpine8K_HLODLayer_Merged/Alpine8K_HLODLayer_Instanced_L0_X10_Y-12
    [ 27.0 min] 95/97  approve=95 reject=0  vram=9884 peak=9884  Alpine8K_HLODLayer_Merged/Alpine8K_HLODLayer_Instanced_L0_X10_Y-12
    [ 27.4 min] 95/97  approve=95 reject=0  vram=9884 peak=9884  Alpine8K_HLODLayer_Merged/Alpine8K_HLODLayer_Instanced_L0_X10_Y-12
    [ 27.7 min] 97/97  approve=97 reject=0  vram=10434 peak=10434  Alpine8K_HLODLayer_Merged/Alpine8K_HLODLayer_Instanced_L1_X3_Y2
    [ 28.1 min] 97/97  approve=97 reject=0  vram=10434 peak=10434  Alpine8K_HLODLayer_Merged/Alpine8K_HLODLayer_Instanced_L1_X3_Y2
    [ 28.4 min] 97/97  approve=97 reject=0  vram=12 peak=10434  Alpine8K_HLODLayer_Merged/Alpine8K_HLODLayer_Instanced_L1_X3_Y2
    done rc=1 in 28.4 min | approve=97 reject=0 | STALE 0 -> 0 (-0), current=1042 | vram peak 10434 MiB | true_exit=True | written=97 torn=0 last_write_to_exit=18.525s
  attribution  building-lines 97  decisions 97  approved 97  rejected 0
    Alpine8K_HLODLayer_Instanced       approve 53     reject 0       from Alpine8K_MainPartition x53
    Alpine8K_HLODLayer_Merged          approve 44     reject 0       from Alpine8K_HLODLayer_Instanced x44
warning: in the working copy of '_verify/hlod/build_20260914b/batches.json', CRLF will be replaced by LF the next time Git touches it
warning: in the working copy of '_verify/hlod/build_20260914b/run_console.log', LF will be replaced by CRLF the next time Git touches it
warning: in the working copy of '_verify/hlod/build_20260914b/batch_07.log', LF will be replaced by CRLF the next time Git touches it
[main 3b8148a5] HLOD batch 07: 0 cells de-staled, 0 -> 0 left, 28.4 min, VRAM peak 10434 MiB
 4 files changed, 4808 insertions(+), 4 deletions(-)
 create mode 100644 _verify/hlod/build_20260914b/batch_07.log

=== batch_08 (attempt 1) ===
    cells in section: 96   stale(MeshMerge(1)) now: 0
    [  0.2 min] 0/0  approve=0 reject=0  vram=224 peak=224  -
    [  0.5 min] 4/96  approve=4 reject=0  vram=1432 peak=1432  Alpine8K_HLODLayer_Merged/Alpine8K_HLODLayer_Instanced_L0_X-7_Y11
    [  0.8 min] 4/96  approve=4 reject=0  vram=2872 peak=2872  Alpine8K_HLODLayer_Merged/Alpine8K_HLODLayer_Instanced_L0_X-7_Y11
    [  1.2 min] 4/96  approve=4 reject=0  vram=2872 peak=2872  Alpine8K_HLODLayer_Merged/Alpine8K_HLODLayer_Instanced_L0_X-7_Y11
    [  1.5 min] 7/96  approve=7 reject=0  vram=2905 peak=2905  Alpine8K_HLODLayer_Merged/Alpine8K_HLODLayer_Instanced_L0_X-5_Y14
    [  1.9 min] 7/96  approve=7 reject=0  vram=2953 peak=2953  Alpine8K_HLODLayer_Merged/Alpine8K_HLODLayer_Instanced_L0_X-5_Y14
    [  2.2 min] 7/96  approve=7 reject=0  vram=2953 peak=2953  Alpine8K_HLODLayer_Merged/Alpine8K_HLODLayer_Instanced_L0_X-5_Y14
    [  2.5 min] 10/96  approve=10 reject=0  vram=2953 peak=2953  Alpine8K_HLODLayer_Merged/Alpine8K_HLODLayer_Instanced_L0_X-16_Y2
    [  2.9 min] 10/96  approve=10 reject=0  vram=3002 peak=3002  Alpine8K_HLODLayer_Merged/Alpine8K_HLODLayer_Instanced_L0_X-16_Y2
    [  3.2 min] 10/96  approve=10 reject=0  vram=3002 peak=3002  Alpine8K_HLODLayer_Merged/Alpine8K_HLODLayer_Instanced_L0_X-16_Y2
    [  3.5 min] 13/96  approve=13 reject=0  vram=3050 peak=3050  Alpine8K_HLODLayer_Merged/Alpine8K_HLODLayer_Instanced_L0_X-2_Y4
    [  3.9 min] 16/96  approve=16 reject=0  vram=3098 peak=3098  Alpine8K_HLODLayer_Merged/Alpine8K_HLODLayer_Instanced_L0_X-8_Y-4
    [  4.2 min] 19/96  approve=19 reject=0  vram=3147 peak=3147  Alpine8K_HLODLayer_Merged/Alpine8K_HLODLayer_Instanced_L0_X3_Y11
    [  4.6 min] 22/96  approve=22 reject=0  vram=3147 peak=3147  Alpine8K_HLODLayer_Merged/Alpine8K_HLODLayer_Instanced_L0_X-15_Y-5
    [  4.9 min] 22/96  approve=22 reject=0  vram=3195 peak=3195  Alpine8K_HLODLayer_Merged/Alpine8K_HLODLayer_Instanced_L0_X-15_Y-5
    [  5.2 min] 22/96  approve=22 reject=0  vram=3195 peak=3195  Alpine8K_HLODLayer_Merged/Alpine8K_HLODLayer_Instanced_L0_X-15_Y-5
    [  5.6 min] 23/96  approve=22 reject=0  vram=3195 peak=3195  Alpine8K_HLODLayer_Instanced/Alpine8K_MainPartition_L1_X-13_Y-7
    [  5.9 min] 24/96  approve=24 reject=0  vram=3243 peak=3243  Alpine8K_HLODLayer_Merged/Alpine8K_HLODLayer_Instanced_L0_X-13_Y-7
    [  6.2 min] 26/96  approve=26 reject=0  vram=3292 peak=3292  Alpine8K_HLODLayer_Merged/Alpine8K_HLODLayer_Instanced_L0_X-14_Y6
    [  6.6 min] 28/96  approve=28 reject=0  vram=3292 peak=3292  Alpine8K_HLODLayer_Merged/Alpine8K_HLODLayer_Instanced_L0_X-6_Y5
    [  6.9 min] 28/96  approve=28 reject=0  vram=3372 peak=3372  Alpine8K_HLODLayer_Merged/Alpine8K_HLODLayer_Instanced_L0_X-6_Y5
    [  7.3 min] 30/96  approve=30 reject=0  vram=3372 peak=3372  Alpine8K_HLODLayer_Merged/Alpine8K_HLODLayer_Instanced_L0_X7_Y-1
    [  7.6 min] 30/96  approve=30 reject=0  vram=3420 peak=3420  Alpine8K_HLODLayer_Merged/Alpine8K_HLODLayer_Instanced_L0_X7_Y-1
    [  7.9 min] 30/96  approve=30 reject=0  vram=3420 peak=3420  Alpine8K_HLODLayer_Merged/Alpine8K_HLODLayer_Instanced_L0_X7_Y-1
    [  8.3 min] 32/96  approve=32 reject=0  vram=4174 peak=4174  Alpine8K_HLODLayer_Merged/Alpine8K_HLODLayer_Instanced_L1_X6_Y5
    [  8.6 min] 32/96  approve=32 reject=0  vram=4174 peak=4174  Alpine8K_HLODLayer_Merged/Alpine8K_HLODLayer_Instanced_L1_X6_Y5
    [  8.9 min] 34/96  approve=34 reject=0  vram=4203 peak=4203  Alpine8K_HLODLayer_Merged/Alpine8K_HLODLayer_Instanced_L0_X-2_Y1
    [  9.3 min] 36/96  approve=36 reject=0  vram=4203 peak=4203  Alpine8K_HLODLayer_Merged/Alpine8K_HLODLayer_Instanced_L0_X0_Y2
    [  9.6 min] 36/96  approve=36 reject=0  vram=4251 peak=4251  Alpine8K_HLODLayer_Merged/Alpine8K_HLODLayer_Instanced_L0_X0_Y2
    [  9.9 min] 38/96  approve=38 reject=0  vram=4251 peak=4251  Alpine8K_HLODLayer_Merged/Alpine8K_HLODLayer_Instanced_L0_X-9_Y6
    [ 10.3 min] 38/96  approve=38 reject=0  vram=4299 peak=4299  Alpine8K_HLODLayer_Merged/Alpine8K_HLODLayer_Instanced_L0_X-9_Y6
    [ 10.6 min] 38/96  approve=38 reject=0  vram=4299 peak=4299  Alpine8K_HLODLayer_Merged/Alpine8K_HLODLayer_Instanced_L0_X-9_Y6
    [ 11.0 min] 40/96  approve=40 reject=0  vram=4299 peak=4299  Alpine8K_HLODLayer_Merged/Alpine8K_HLODLayer_Instanced_L0_X0_Y1
    [ 11.3 min] 40/96  approve=40 reject=0  vram=4348 peak=4348  Alpine8K_HLODLayer_Merged/Alpine8K_HLODLayer_Instanced_L0_X0_Y1
    [ 11.6 min] 42/96  approve=42 reject=0  vram=4396 peak=4396  Alpine8K_HLODLayer_Merged/Alpine8K_HLODLayer_Instanced_L0_X-5_Y-1
    [ 12.0 min] 44/96  approve=44 reject=0  vram=4444 peak=4444  Alpine8K_HLODLayer_Merged/Alpine8K_HLODLayer_Instanced_L0_X-5_Y-13
    [ 12.3 min] 46/96  approve=46 reject=0  vram=4493 peak=4493  Alpine8K_HLODLayer_Merged/Alpine8K_HLODLayer_Instanced_L0_X8_Y4
    [ 12.6 min] 48/96  approve=48 reject=0  vram=4541 peak=4541  Alpine8K_HLODLayer_Merged/Alpine8K_HLODLayer_Instanced_L0_X7_Y3
    [ 13.0 min] 50/96  approve=50 reject=0  vram=4589 peak=4589  Alpine8K_HLODLayer_Merged/Alpine8K_HLODLayer_Instanced_L0_X-6_Y-10
    [ 13.3 min] 52/96  approve=52 reject=0  vram=4638 peak=4638  Alpine8K_HLODLayer_Merged/Alpine8K_HLODLayer_Instanced_L0_X-11_Y-3
    [ 13.6 min] 53/96  approve=53 reject=0  vram=5414 peak=5414  Alpine8K_HLODLayer_Instanced/Alpine8K_MainPartition_L2_X5_Y-5
    [ 14.0 min] 54/96  approve=54 reject=0  vram=5059 peak=5414  Alpine8K_HLODLayer_Merged/Alpine8K_HLODLayer_Instanced_L1_X5_Y-5
    [ 14.3 min] 54/96  approve=54 reject=0  vram=5059 peak=5414  Alpine8K_HLODLayer_Merged/Alpine8K_HLODLayer_Instanced_L1_X5_Y-5
    [ 14.6 min] 56/96  approve=56 reject=0  vram=5493 peak=5493  Alpine8K_HLODLayer_Merged/Alpine8K_HLODLayer_Instanced_L1_X1_Y1
    [ 15.0 min] 56/96  approve=56 reject=0  vram=5493 peak=5493  Alpine8K_HLODLayer_Merged/Alpine8K_HLODLayer_Instanced_L1_X1_Y1
    [ 15.3 min] 58/96  approve=58 reject=0  vram=5505 peak=5505  Alpine8K_HLODLayer_Merged/Alpine8K_HLODLayer_Instanced_L0_X15_Y-16
    [ 15.7 min] 58/96  approve=58 reject=0  vram=5553 peak=5553  Alpine8K_HLODLayer_Merged/Alpine8K_HLODLayer_Instanced_L0_X15_Y-16
    [ 16.0 min] 60/96  approve=60 reject=0  vram=6042 peak=6042  Alpine8K_HLODLayer_Merged/Alpine8K_HLODLayer_Instanced_L1_X1_Y6
    [ 16.3 min] 60/96  approve=60 reject=0  vram=6042 peak=6042  Alpine8K_HLODLayer_Merged/Alpine8K_HLODLayer_Instanced_L1_X1_Y6
    [ 16.7 min] 62/96  approve=62 reject=0  vram=6022 peak=6042  Alpine8K_HLODLayer_Merged/Alpine8K_HLODLayer_Instanced_L0_X-3_Y10
    [ 17.0 min] 62/96  approve=62 reject=0  vram=6070 peak=6070  Alpine8K_HLODLayer_Merged/Alpine8K_HLODLayer_Instanced_L0_X-3_Y10
    [ 17.3 min] 62/96  approve=62 reject=0  vram=6070 peak=6070  Alpine8K_HLODLayer_Merged/Alpine8K_HLODLayer_Instanced_L0_X-3_Y10
    [ 17.7 min] 62/96  approve=62 reject=0  vram=6070 peak=6070  Alpine8K_HLODLayer_Merged/Alpine8K_HLODLayer_Instanced_L0_X-3_Y10
    [ 18.0 min] 64/96  approve=64 reject=0  vram=6070 peak=6070  Alpine8K_HLODLayer_Merged/Alpine8K_HLODLayer_Instanced_L0_X2_Y15
    [ 18.3 min] 64/96  approve=64 reject=0  vram=6118 peak=6118  Alpine8K_HLODLayer_Merged/Alpine8K_HLODLayer_Instanced_L0_X2_Y15
    [ 18.7 min] 64/96  approve=64 reject=0  vram=6118 peak=6118  Alpine8K_HLODLayer_Merged/Alpine8K_HLODLayer_Instanced_L0_X2_Y15
    [ 19.0 min] 66/96  approve=66 reject=0  vram=6199 peak=6199  Alpine8K_HLODLayer_Merged/Alpine8K_HLODLayer_Instanced_L0_X-3_Y-15
    [ 19.3 min] 68/96  approve=68 reject=0  vram=6199 peak=6199  Alpine8K_HLODLayer_Merged/Alpine8K_HLODLayer_Instanced_L0_X12_Y-6
    [ 19.7 min] 68/96  approve=68 reject=0  vram=6247 peak=6247  Alpine8K_HLODLayer_Merged/Alpine8K_HLODLayer_Instanced_L0_X12_Y-6
    [ 20.0 min] 68/96  approve=68 reject=0  vram=6247 peak=6247  Alpine8K_HLODLayer_Merged/Alpine8K_HLODLayer_Instanced_L0_X12_Y-6
    [ 20.4 min] 68/96  approve=68 reject=0  vram=6247 peak=6247  Alpine8K_HLODLayer_Merged/Alpine8K_HLODLayer_Instanced_L0_X12_Y-6
    [ 20.7 min] 70/96  approve=70 reject=0  vram=6295 peak=6295  Alpine8K_HLODLayer_Merged/Alpine8K_HLODLayer_Instanced_L0_X10_Y-15
    [ 21.0 min] 70/96  approve=70 reject=0  vram=6295 peak=6295  Alpine8K_HLODLayer_Merged/Alpine8K_HLODLayer_Instanced_L0_X10_Y-15
    [ 21.4 min] 72/96  approve=72 reject=0  vram=6295 peak=6295  Alpine8K_HLODLayer_Merged/Alpine8K_HLODLayer_Instanced_L0_X15_Y3
    [ 21.7 min] 72/96  approve=72 reject=0  vram=6344 peak=6344  Alpine8K_HLODLayer_Merged/Alpine8K_HLODLayer_Instanced_L0_X15_Y3
    [ 22.0 min] 74/96  approve=74 reject=0  vram=6828 peak=6828  Alpine8K_HLODLayer_Merged/Alpine8K_HLODLayer_Instanced_L1_X0_Y6
    [ 22.4 min] 74/96  approve=74 reject=0  vram=6828 peak=6828  Alpine8K_HLODLayer_Merged/Alpine8K_HLODLayer_Instanced_L1_X0_Y6
    [ 22.7 min] 76/96  approve=76 reject=0  vram=6808 peak=6828  Alpine8K_HLODLayer_Merged/Alpine8K_HLODLayer_Instanced_L0_X-3_Y11
    [ 23.1 min] 76/96  approve=76 reject=0  vram=6808 peak=6828  Alpine8K_HLODLayer_Merged/Alpine8K_HLODLayer_Instanced_L0_X-3_Y11
    [ 23.4 min] 76/96  approve=76 reject=0  vram=6857 peak=6857  Alpine8K_HLODLayer_Merged/Alpine8K_HLODLayer_Instanced_L0_X-3_Y11
    [ 23.7 min] 76/96  approve=76 reject=0  vram=6857 peak=6857  Alpine8K_HLODLayer_Merged/Alpine8K_HLODLayer_Instanced_L0_X-3_Y11
    [ 24.1 min] 78/96  approve=78 reject=0  vram=6857 peak=6857  Alpine8K_HLODLayer_Merged/Alpine8K_HLODLayer_Instanced_L0_X-14_Y-15
    [ 24.4 min] 78/96  approve=78 reject=0  vram=6905 peak=6905  Alpine8K_HLODLayer_Merged/Alpine8K_HLODLayer_Instanced_L0_X-14_Y-15
    [ 24.7 min] 78/96  approve=78 reject=0  vram=6905 peak=6905  Alpine8K_HLODLayer_Merged/Alpine8K_HLODLayer_Instanced_L0_X-14_Y-15
    [ 25.1 min] 80/96  approve=80 reject=0  vram=6905 peak=6905  Alpine8K_HLODLayer_Merged/Alpine8K_HLODLayer_Instanced_L0_X11_Y-6
    [ 25.4 min] 80/96  approve=80 reject=0  vram=6953 peak=6953  Alpine8K_HLODLayer_Merged/Alpine8K_HLODLayer_Instanced_L0_X11_Y-6
    [ 25.7 min] 80/96  approve=80 reject=0  vram=6953 peak=6953  Alpine8K_HLODLayer_Merged/Alpine8K_HLODLayer_Instanced_L0_X11_Y-6
    [ 26.1 min] 82/96  approve=82 reject=0  vram=7470 peak=7470  Alpine8K_HLODLayer_Merged/Alpine8K_HLODLayer_Instanced_L1_X-1_Y-2
    [ 26.4 min] 82/96  approve=82 reject=0  vram=7470 peak=7470  Alpine8K_HLODLayer_Merged/Alpine8K_HLODLayer_Instanced_L1_X-1_Y-2
    [ 26.8 min] 83/96  approve=82 reject=0  vram=7450 peak=7470  Alpine8K_HLODLayer_Instanced/Alpine8K_MainPartition_L2_X-5_Y-1
    [ 27.1 min] 84/96  approve=84 reject=0  vram=7935 peak=7935  Alpine8K_HLODLayer_Merged/Alpine8K_HLODLayer_Instanced_L1_X-5_Y-1
    [ 27.4 min] 84/96  approve=84 reject=0  vram=7935 peak=7935  Alpine8K_HLODLayer_Merged/Alpine8K_HLODLayer_Instanced_L1_X-5_Y-1
    [ 27.8 min] 87/96  approve=86 reject=0  vram=7963 peak=7963  Alpine8K_HLODLayer_Instanced/Alpine8K_MainPartition_L2_X5_Y-8
    [ 28.1 min] 88/96  approve=88 reject=0  vram=8448 peak=8448  Alpine8K_HLODLayer_Merged/Alpine8K_HLODLayer_Instanced_L1_X5_Y-8
    [ 28.4 min] 88/96  approve=88 reject=0  vram=8448 peak=8448  Alpine8K_HLODLayer_Merged/Alpine8K_HLODLayer_Instanced_L1_X5_Y-8
    [ 28.8 min] 90/96  approve=90 reject=0  vram=8945 peak=8945  Alpine8K_HLODLayer_Merged/Alpine8K_HLODLayer_Instanced_L1_X-4_Y3
    [ 29.1 min] 90/96  approve=90 reject=0  vram=8945 peak=8945  Alpine8K_HLODLayer_Merged/Alpine8K_HLODLayer_Instanced_L1_X-4_Y3
    [ 29.4 min] 92/96  approve=92 reject=0  vram=8973 peak=8973  Alpine8K_HLODLayer_Merged/Alpine8K_HLODLayer_Instanced_L0_X-5_Y2
    [ 29.8 min] 94/96  approve=94 reject=0  vram=9458 peak=9458  Alpine8K_HLODLayer_Merged/Alpine8K_HLODLayer_Instanced_L1_X6_Y-6
    [ 30.1 min] 94/96  approve=94 reject=0  vram=9458 peak=9458  Alpine8K_HLODLayer_Merged/Alpine8K_HLODLayer_Instanced_L1_X6_Y-6
    [ 30.4 min] 96/96  approve=96 reject=0  vram=9923 peak=9923  Alpine8K_HLODLayer_Merged/Alpine8K_HLODLayer_Instanced_L1_X-4_Y-6
    [ 30.8 min] 96/96  approve=96 reject=0  vram=9923 peak=9923  Alpine8K_HLODLayer_Merged/Alpine8K_HLODLayer_Instanced_L1_X-4_Y-6
    [ 31.1 min] 96/96  approve=96 reject=0  vram=7779 peak=9923  Alpine8K_HLODLayer_Merged/Alpine8K_HLODLayer_Instanced_L1_X-4_Y-6
    done rc=1 in 31.3 min | approve=96 reject=0 | STALE 0 -> 0 (-0), current=1042 | vram peak 9923 MiB | true_exit=True | written=96 torn=0 last_write_to_exit=13.953s
  attribution  building-lines 96  decisions 96  approved 96  rejected 0
    Alpine8K_HLODLayer_Instanced       approve 52     reject 0       from Alpine8K_MainPartition x52
    Alpine8K_HLODLayer_Merged          approve 44     reject 0       from Alpine8K_HLODLayer_Instanced x44
warning: in the working copy of '_verify/hlod/build_20260914b/batches.json', CRLF will be replaced by LF the next time Git touches it
warning: in the working copy of '_verify/hlod/build_20260914b/run_console.log', LF will be replaced by CRLF the next time Git touches it
warning: in the working copy of '_verify/hlod/build_20260914b/batch_08.log', LF will be replaced by CRLF the next time Git touches it
[main 6f6479ac] HLOD batch 08: 0 cells de-staled, 0 -> 0 left, 31.3 min, VRAM peak 9923 MiB
 4 files changed, 4655 insertions(+), 4 deletions(-)
 create mode 100644 _verify/hlod/build_20260914b/batch_08.log

=== batch_09 (attempt 1) ===
    cells in section: 96   stale(MeshMerge(1)) now: 0
    [  0.2 min] 0/0  approve=0 reject=0  vram=224 peak=224  -
    [  0.5 min] 4/96  approve=4 reject=0  vram=1432 peak=1432  Alpine8K_HLODLayer_Merged/Alpine8K_HLODLayer_Instanced_L0_X-7_Y10
    [  0.8 min] 4/96  approve=4 reject=0  vram=2873 peak=2873  Alpine8K_HLODLayer_Merged/Alpine8K_HLODLayer_Instanced_L0_X-7_Y10
    [  1.2 min] 7/96  approve=7 reject=0  vram=2906 peak=2906  Alpine8K_HLODLayer_Merged/Alpine8K_HLODLayer_Instanced_L0_X11_Y-10
    [  1.5 min] 7/96  approve=7 reject=0  vram=2954 peak=2954  Alpine8K_HLODLayer_Merged/Alpine8K_HLODLayer_Instanced_L0_X11_Y-10
    [  1.9 min] 10/96  approve=10 reject=0  vram=3003 peak=3003  Alpine8K_HLODLayer_Merged/Alpine8K_HLODLayer_Instanced_L0_X-9_Y-10
    [  2.2 min] 13/96  approve=13 reject=0  vram=3003 peak=3003  Alpine8K_HLODLayer_Merged/Alpine8K_HLODLayer_Instanced_L0_X13_Y-15
    [  2.5 min] 13/96  approve=13 reject=0  vram=3051 peak=3051  Alpine8K_HLODLayer_Merged/Alpine8K_HLODLayer_Instanced_L0_X13_Y-15
    [  2.9 min] 13/96  approve=13 reject=0  vram=3051 peak=3051  Alpine8K_HLODLayer_Merged/Alpine8K_HLODLayer_Instanced_L0_X13_Y-15
    [  3.2 min] 13/96  approve=13 reject=0  vram=3051 peak=3051  Alpine8K_HLODLayer_Merged/Alpine8K_HLODLayer_Instanced_L0_X13_Y-15
    [  3.5 min] 16/96  approve=16 reject=0  vram=3051 peak=3051  Alpine8K_HLODLayer_Merged/Alpine8K_HLODLayer_Instanced_L0_X14_Y-14
    [  3.9 min] 16/96  approve=16 reject=0  vram=3099 peak=3099  Alpine8K_HLODLayer_Merged/Alpine8K_HLODLayer_Instanced_L0_X14_Y-14
    [  4.2 min] 16/96  approve=16 reject=0  vram=3099 peak=3099  Alpine8K_HLODLayer_Merged/Alpine8K_HLODLayer_Instanced_L0_X14_Y-14
    [  4.5 min] 16/96  approve=16 reject=0  vram=3099 peak=3099  Alpine8K_HLODLayer_Merged/Alpine8K_HLODLayer_Instanced_L0_X14_Y-14
    [  4.9 min] 19/96  approve=19 reject=0  vram=3099 peak=3099  Alpine8K_HLODLayer_Merged/Alpine8K_HLODLayer_Instanced_L0_X-13_Y15
    [  5.2 min] 19/96  approve=19 reject=0  vram=3148 peak=3148  Alpine8K_HLODLayer_Merged/Alpine8K_HLODLayer_Instanced_L0_X-13_Y15
    [  5.5 min] 22/96  approve=22 reject=0  vram=3148 peak=3148  Alpine8K_HLODLayer_Merged/Alpine8K_HLODLayer_Instanced_L0_X1_Y-14
    [  5.9 min] 22/96  approve=22 reject=0  vram=3196 peak=3196  Alpine8K_HLODLayer_Merged/Alpine8K_HLODLayer_Instanced_L0_X1_Y-14
    [  6.2 min] 24/96  approve=24 reject=0  vram=3822 peak=3822  Alpine8K_HLODLayer_Merged/Alpine8K_HLODLayer_Instanced_L1_X7_Y-5
    [  6.5 min] 24/96  approve=24 reject=0  vram=3822 peak=3822  Alpine8K_HLODLayer_Merged/Alpine8K_HLODLayer_Instanced_L1_X7_Y-5
    [  6.9 min] 26/96  approve=26 reject=0  vram=3850 peak=3850  Alpine8K_HLODLayer_Merged/Alpine8K_HLODLayer_Instanced_L0_X-1_Y4
    [  7.2 min] 28/96  approve=28 reject=0  vram=3850 peak=3850  Alpine8K_HLODLayer_Merged/Alpine8K_HLODLayer_Instanced_L0_X-14_Y11
    [  7.6 min] 28/96  approve=28 reject=0  vram=3899 peak=3899  Alpine8K_HLODLayer_Merged/Alpine8K_HLODLayer_Instanced_L0_X-14_Y11
    [  7.9 min] 28/96  approve=28 reject=0  vram=3899 peak=3899  Alpine8K_HLODLayer_Merged/Alpine8K_HLODLayer_Instanced_L0_X-14_Y11
    [  8.2 min] 28/96  approve=28 reject=0  vram=3899 peak=3899  Alpine8K_HLODLayer_Merged/Alpine8K_HLODLayer_Instanced_L0_X-14_Y11
    [  8.6 min] 30/96  approve=30 reject=0  vram=3899 peak=3899  Alpine8K_HLODLayer_Merged/Alpine8K_HLODLayer_Instanced_L0_X7_Y-9
    [  8.9 min] 30/96  approve=30 reject=0  vram=3947 peak=3947  Alpine8K_HLODLayer_Merged/Alpine8K_HLODLayer_Instanced_L0_X7_Y-9
    [  9.2 min] 32/96  approve=32 reject=0  vram=3995 peak=3995  Alpine8K_HLODLayer_Merged/Alpine8K_HLODLayer_Instanced_L0_X5_Y-9
    [  9.6 min] 34/96  approve=34 reject=0  vram=3995 peak=3995  Alpine8K_HLODLayer_Merged/Alpine8K_HLODLayer_Instanced_L0_X15_Y-6
    [  9.9 min] 34/96  approve=34 reject=0  vram=4043 peak=4043  Alpine8K_HLODLayer_Merged/Alpine8K_HLODLayer_Instanced_L0_X15_Y-6
    [ 10.2 min] 34/96  approve=34 reject=0  vram=4043 peak=4043  Alpine8K_HLODLayer_Merged/Alpine8K_HLODLayer_Instanced_L0_X15_Y-6
    [ 10.6 min] 36/96  approve=36 reject=0  vram=4561 peak=4561  Alpine8K_HLODLayer_Merged/Alpine8K_HLODLayer_Instanced_L1_X3_Y0
    [ 10.9 min] 36/96  approve=36 reject=0  vram=4561 peak=4561  Alpine8K_HLODLayer_Merged/Alpine8K_HLODLayer_Instanced_L1_X3_Y0
    [ 11.2 min] 38/96  approve=38 reject=0  vram=4541 peak=4561  Alpine8K_HLODLayer_Merged/Alpine8K_HLODLayer_Instanced_L0_X15_Y-9
    [ 11.6 min] 38/96  approve=38 reject=0  vram=4541 peak=4561  Alpine8K_HLODLayer_Merged/Alpine8K_HLODLayer_Instanced_L0_X15_Y-9
    [ 11.9 min] 38/96  approve=38 reject=0  vram=4589 peak=4589  Alpine8K_HLODLayer_Merged/Alpine8K_HLODLayer_Instanced_L0_X15_Y-9
    [ 12.3 min] 38/96  approve=38 reject=0  vram=4589 peak=4589  Alpine8K_HLODLayer_Merged/Alpine8K_HLODLayer_Instanced_L0_X15_Y-9
    [ 12.6 min] 40/96  approve=40 reject=0  vram=4589 peak=4589  Alpine8K_HLODLayer_Merged/Alpine8K_HLODLayer_Instanced_L0_X-13_Y11
    [ 13.0 min] 40/96  approve=40 reject=0  vram=4637 peak=4637  Alpine8K_HLODLayer_Merged/Alpine8K_HLODLayer_Instanced_L0_X-13_Y11
    [ 13.3 min] 42/96  approve=42 reject=0  vram=4637 peak=4637  Alpine8K_HLODLayer_Merged/Alpine8K_HLODLayer_Instanced_L0_X3_Y-13
    [ 13.6 min] 42/96  approve=42 reject=0  vram=4686 peak=4686  Alpine8K_HLODLayer_Merged/Alpine8K_HLODLayer_Instanced_L0_X3_Y-13
    [ 14.0 min] 44/96  approve=44 reject=0  vram=5171 peak=5171  Alpine8K_HLODLayer_Merged/Alpine8K_HLODLayer_Instanced_L1_X-1_Y-7
    [ 14.3 min] 44/96  approve=44 reject=0  vram=5171 peak=5171  Alpine8K_HLODLayer_Merged/Alpine8K_HLODLayer_Instanced_L1_X-1_Y-7
    [ 14.6 min] 46/96  approve=46 reject=0  vram=5668 peak=5668  Alpine8K_HLODLayer_Merged/Alpine8K_HLODLayer_Instanced_L1_X-1_Y2
    [ 15.0 min] 46/96  approve=46 reject=0  vram=5668 peak=5668  Alpine8K_HLODLayer_Merged/Alpine8K_HLODLayer_Instanced_L1_X-1_Y2
    [ 15.3 min] 48/96  approve=48 reject=0  vram=5648 peak=5668  Alpine8K_HLODLayer_Merged/Alpine8K_HLODLayer_Instanced_L0_X-15_Y-15
    [ 15.6 min] 48/96  approve=48 reject=0  vram=5696 peak=5696  Alpine8K_HLODLayer_Merged/Alpine8K_HLODLayer_Instanced_L0_X-15_Y-15
    [ 16.0 min] 48/96  approve=48 reject=0  vram=5696 peak=5696  Alpine8K_HLODLayer_Merged/Alpine8K_HLODLayer_Instanced_L0_X-15_Y-15
    [ 16.3 min] 50/96  approve=50 reject=0  vram=5696 peak=5696  Alpine8K_HLODLayer_Merged/Alpine8K_HLODLayer_Instanced_L0_X14_Y3
    [ 16.7 min] 50/96  approve=50 reject=0  vram=5696 peak=5696  Alpine8K_HLODLayer_Merged/Alpine8K_HLODLayer_Instanced_L0_X14_Y3
    [ 17.0 min] 50/96  approve=50 reject=0  vram=5745 peak=5745  Alpine8K_HLODLayer_Merged/Alpine8K_HLODLayer_Instanced_L0_X14_Y3
    [ 17.3 min] 52/96  approve=52 reject=0  vram=5745 peak=5745  Alpine8K_HLODLayer_Merged/Alpine8K_HLODLayer_Instanced_L0_X-9_Y14
    [ 17.7 min] 52/96  approve=52 reject=0  vram=5745 peak=5745  Alpine8K_HLODLayer_Merged/Alpine8K_HLODLayer_Instanced_L0_X-9_Y14
    [ 18.0 min] 52/96  approve=52 reject=0  vram=5793 peak=5793  Alpine8K_HLODLayer_Merged/Alpine8K_HLODLayer_Instanced_L0_X-9_Y14
    [ 18.3 min] 52/96  approve=52 reject=0  vram=5793 peak=5793  Alpine8K_HLODLayer_Merged/Alpine8K_HLODLayer_Instanced_L0_X-9_Y14
    [ 18.7 min] 54/96  approve=54 reject=0  vram=5793 peak=5793  Alpine8K_HLODLayer_Merged/Alpine8K_HLODLayer_Instanced_L0_X-4_Y13
    [ 19.0 min] 54/96  approve=54 reject=0  vram=5841 peak=5841  Alpine8K_HLODLayer_Merged/Alpine8K_HLODLayer_Instanced_L0_X-4_Y13
    [ 19.3 min] 54/96  approve=54 reject=0  vram=5841 peak=5841  Alpine8K_HLODLayer_Merged/Alpine8K_HLODLayer_Instanced_L0_X-4_Y13
    [ 19.7 min] 54/96  approve=54 reject=0  vram=5841 peak=5841  Alpine8K_HLODLayer_Merged/Alpine8K_HLODLayer_Instanced_L0_X-4_Y13
    [ 20.0 min] 56/96  approve=56 reject=0  vram=6327 peak=6327  Alpine8K_HLODLayer_Merged/Alpine8K_HLODLayer_Instanced_L1_X-3_Y-7
    [ 20.4 min] 56/96  approve=56 reject=0  vram=6327 peak=6327  Alpine8K_HLODLayer_Merged/Alpine8K_HLODLayer_Instanced_L1_X-3_Y-7
    [ 20.7 min] 58/96  approve=58 reject=0  vram=6307 peak=6327  Alpine8K_HLODLayer_Merged/Alpine8K_HLODLayer_Instanced_L0_X-15_Y4
    [ 21.0 min] 58/96  approve=58 reject=0  vram=6355 peak=6355  Alpine8K_HLODLayer_Merged/Alpine8K_HLODLayer_Instanced_L0_X-15_Y4
    [ 21.4 min] 58/96  approve=58 reject=0  vram=6355 peak=6355  Alpine8K_HLODLayer_Merged/Alpine8K_HLODLayer_Instanced_L0_X-15_Y4
    [ 21.7 min] 60/96  approve=60 reject=0  vram=6905 peak=6905  Alpine8K_HLODLayer_Merged/Alpine8K_HLODLayer_Instanced_L1_X3_Y5
    [ 22.0 min] 60/96  approve=60 reject=0  vram=6905 peak=6905  Alpine8K_HLODLayer_Merged/Alpine8K_HLODLayer_Instanced_L1_X3_Y5
    [ 22.4 min] 62/96  approve=62 reject=0  vram=6917 peak=6917  Alpine8K_HLODLayer_Merged/Alpine8K_HLODLayer_Instanced_L0_X-13_Y5
    [ 22.7 min] 62/96  approve=62 reject=0  vram=6965 peak=6965  Alpine8K_HLODLayer_Merged/Alpine8K_HLODLayer_Instanced_L0_X-13_Y5
    [ 23.0 min] 64/96  approve=64 reject=0  vram=7578 peak=7578  Alpine8K_HLODLayer_Merged/Alpine8K_HLODLayer_Instanced_L1_X1_Y4
    [ 23.4 min] 66/96  approve=65 reject=0  vram=8042 peak=8042  Alpine8K_HLODLayer_Merged/Alpine8K_HLODLayer_Instanced_L1_X-7_Y-4
    [ 23.7 min] 66/96  approve=66 reject=0  vram=8042 peak=8042  Alpine8K_HLODLayer_Merged/Alpine8K_HLODLayer_Instanced_L1_X-7_Y-4
    [ 24.0 min] 66/96  approve=66 reject=0  vram=8042 peak=8042  Alpine8K_HLODLayer_Merged/Alpine8K_HLODLayer_Instanced_L1_X-7_Y-4
    [ 24.4 min] 68/96  approve=68 reject=0  vram=8539 peak=8539  Alpine8K_HLODLayer_Merged/Alpine8K_HLODLayer_Instanced_L1_X1_Y-5
    [ 24.7 min] 68/96  approve=68 reject=0  vram=8539 peak=8539  Alpine8K_HLODLayer_Merged/Alpine8K_HLODLayer_Instanced_L1_X1_Y-5
    [ 25.1 min] 70/96  approve=70 reject=0  vram=9004 peak=9004  Alpine8K_HLODLayer_Merged/Alpine8K_HLODLayer_Instanced_L1_X3_Y3
    [ 25.4 min] 70/96  approve=70 reject=0  vram=9004 peak=9004  Alpine8K_HLODLayer_Merged/Alpine8K_HLODLayer_Instanced_L1_X3_Y3
    [ 25.7 min] 72/96  approve=72 reject=0  vram=8984 peak=9004  Alpine8K_HLODLayer_Merged/Alpine8K_HLODLayer_Instanced_L0_X11_Y-15
    [ 26.1 min] 72/96  approve=72 reject=0  vram=9032 peak=9032  Alpine8K_HLODLayer_Merged/Alpine8K_HLODLayer_Instanced_L0_X11_Y-15
    [ 26.4 min] 72/96  approve=72 reject=0  vram=9032 peak=9032  Alpine8K_HLODLayer_Merged/Alpine8K_HLODLayer_Instanced_L0_X11_Y-15
    [ 26.7 min] 74/96  approve=74 reject=0  vram=9081 peak=9081  Alpine8K_HLODLayer_Merged/Alpine8K_HLODLayer_Instanced_L0_X-12_Y2
    [ 27.1 min] 76/96  approve=76 reject=0  vram=9081 peak=9081  Alpine8K_HLODLayer_Merged/Alpine8K_HLODLayer_Instanced_L0_X-1_Y15
    [ 27.4 min] 76/96  approve=76 reject=0  vram=9129 peak=9129  Alpine8K_HLODLayer_Merged/Alpine8K_HLODLayer_Instanced_L0_X-1_Y15
    [ 27.8 min] 76/96  approve=76 reject=0  vram=9129 peak=9129  Alpine8K_HLODLayer_Merged/Alpine8K_HLODLayer_Instanced_L0_X-1_Y15
    [ 28.1 min] 78/96  approve=78 reject=0  vram=9614 peak=9614  Alpine8K_HLODLayer_Merged/Alpine8K_HLODLayer_Instanced_L1_X-8_Y1
    [ 28.5 min] 78/96  approve=78 reject=0  vram=9614 peak=9614  Alpine8K_HLODLayer_Merged/Alpine8K_HLODLayer_Instanced_L1_X-8_Y1
    [ 28.8 min] 78/96  approve=78 reject=0  vram=9614 peak=9614  Alpine8K_HLODLayer_Merged/Alpine8K_HLODLayer_Instanced_L1_X-8_Y1
    [ 29.1 min] 80/96  approve=80 reject=0  vram=9642 peak=9642  Alpine8K_HLODLayer_Merged/Alpine8K_HLODLayer_Instanced_L0_X-5_Y-10
    [ 29.5 min] 82/96  approve=82 reject=0  vram=10163 peak=10163  Alpine8K_HLODLayer_Merged/Alpine8K_HLODLayer_Instanced_L1_X-1_Y-5
    [ 29.8 min] 82/96  approve=82 reject=0  vram=10163 peak=10163  Alpine8K_HLODLayer_Merged/Alpine8K_HLODLayer_Instanced_L1_X-1_Y-5
    [ 30.1 min] 84/96  approve=84 reject=0  vram=10143 peak=10163  Alpine8K_HLODLayer_Merged/Alpine8K_HLODLayer_Instanced_L0_X-16_Y-16
    [ 30.5 min] 84/96  approve=84 reject=0  vram=10191 peak=10191  Alpine8K_HLODLayer_Merged/Alpine8K_HLODLayer_Instanced_L0_X-16_Y-16
    [ 30.8 min] 84/96  approve=84 reject=0  vram=10191 peak=10191  Alpine8K_HLODLayer_Merged/Alpine8K_HLODLayer_Instanced_L0_X-16_Y-16
    [ 31.1 min] 86/96  approve=86 reject=0  vram=10143 peak=10191  Alpine8K_HLODLayer_Merged/Alpine8K_HLODLayer_Instanced_L0_X9_Y-8
    [ 31.5 min] 86/96  approve=86 reject=0  vram=10143 peak=10191  Alpine8K_HLODLayer_Merged/Alpine8K_HLODLayer_Instanced_L0_X9_Y-8
    [ 31.8 min] 88/96  approve=88 reject=0  vram=10628 peak=10628  Alpine8K_HLODLayer_Merged/Alpine8K_HLODLayer_Instanced_L1_X0_Y-6
    [ 32.1 min] 88/96  approve=88 reject=0  vram=10628 peak=10628  Alpine8K_HLODLayer_Merged/Alpine8K_HLODLayer_Instanced_L1_X0_Y-6
    [ 32.5 min] 90/96  approve=90 reject=0  vram=10656 peak=10656  Alpine8K_HLODLayer_Merged/Alpine8K_HLODLayer_Instanced_L0_X-1_Y1
    [ 32.8 min] 92/96  approve=92 reject=0  vram=10641 peak=10656  Alpine8K_HLODLayer_Merged/Alpine8K_HLODLayer_Instanced_L0_X0_Y4
    [ 33.1 min] 94/96  approve=94 reject=0  vram=10689 peak=10689  Alpine8K_HLODLayer_Merged/Alpine8K_HLODLayer_Instanced_L0_X-7_Y-4
    [ 33.5 min] 96/96  approve=96 reject=0  vram=10689 peak=10689  Alpine8K_HLODLayer_Merged/Alpine8K_HLODLayer_Instanced_L0_X0_Y15
    [ 33.8 min] 96/96  approve=96 reject=0  vram=10737 peak=10737  Alpine8K_HLODLayer_Merged/Alpine8K_HLODLayer_Instanced_L0_X0_Y15
    [ 34.2 min] 96/96  approve=96 reject=0  vram=10737 peak=10737  Alpine8K_HLODLayer_Merged/Alpine8K_HLODLayer_Instanced_L0_X0_Y15
    [ 34.5 min] 96/96  approve=96 reject=0  vram=6597 peak=10737  Alpine8K_HLODLayer_Merged/Alpine8K_HLODLayer_Instanced_L0_X0_Y15
    done rc=1 in 34.7 min | approve=96 reject=0 | STALE 0 -> 0 (-0), current=1042 | vram peak 10737 MiB | true_exit=True | written=96 torn=0 last_write_to_exit=16.236s
  attribution  building-lines 96  decisions 96  approved 96  rejected 0
    Alpine8K_HLODLayer_Instanced       approve 52     reject 0       from Alpine8K_MainPartition x52
    Alpine8K_HLODLayer_Merged          approve 44     reject 0       from Alpine8K_HLODLayer_Instanced x44
warning: in the working copy of '_verify/hlod/build_20260914b/batches.json', CRLF will be replaced by LF the next time Git touches it
warning: in the working copy of '_verify/hlod/build_20260914b/run_console.log', LF will be replaced by CRLF the next time Git touches it
warning: in the working copy of '_verify/hlod/build_20260914b/batch_09.log', LF will be replaced by CRLF the next time Git touches it
[main 42c5e37e] HLOD batch 09: 0 cells de-staled, 0 -> 0 left, 34.7 min, VRAM peak 10737 MiB
 4 files changed, 4843 insertions(+), 3 deletions(-)
 create mode 100644 _verify/hlod/build_20260914b/batch_09.log

=== batch_10 (attempt 1) ===
    cells in section: 93   stale(MeshMerge(1)) now: 0
    [  0.2 min] 0/0  approve=0 reject=0  vram=224 peak=224  -
    [  0.5 min] 4/93  approve=4 reject=0  vram=1496 peak=1496  Alpine8K_HLODLayer_Merged/Alpine8K_HLODLayer_Instanced_L0_X-10_Y10
    [  0.8 min] 4/93  approve=4 reject=0  vram=2939 peak=2939  Alpine8K_HLODLayer_Merged/Alpine8K_HLODLayer_Instanced_L0_X-10_Y10
    [  1.2 min] 7/93  approve=7 reject=0  vram=3020 peak=3020  Alpine8K_HLODLayer_Merged/Alpine8K_HLODLayer_Instanced_L0_X-5_Y7
    [  1.5 min] 10/93  approve=10 reject=0  vram=3069 peak=3069  Alpine8K_HLODLayer_Merged/Alpine8K_HLODLayer_Instanced_L0_X-4_Y-13
    [  1.8 min] 13/93  approve=13 reject=0  vram=3117 peak=3117  Alpine8K_HLODLayer_Merged/Alpine8K_HLODLayer_Instanced_L0_X-11_Y-1
    [  2.2 min] 16/93  approve=16 reject=0  vram=3117 peak=3117  Alpine8K_HLODLayer_Merged/Alpine8K_HLODLayer_Instanced_L0_X-15_Y-4
    [  2.5 min] 16/93  approve=16 reject=0  vram=3165 peak=3165  Alpine8K_HLODLayer_Merged/Alpine8K_HLODLayer_Instanced_L0_X-15_Y-4
    [  2.9 min] 16/93  approve=16 reject=0  vram=3165 peak=3165  Alpine8K_HLODLayer_Merged/Alpine8K_HLODLayer_Instanced_L0_X-15_Y-4
    [  3.2 min] 16/93  approve=16 reject=0  vram=3165 peak=3165  Alpine8K_HLODLayer_Merged/Alpine8K_HLODLayer_Instanced_L0_X-15_Y-4
    [  3.5 min] 19/93  approve=19 reject=0  vram=3214 peak=3214  Alpine8K_HLODLayer_Merged/Alpine8K_HLODLayer_Instanced_L0_X-7_Y0
    [  3.9 min] 21/93  approve=21 reject=0  vram=3840 peak=3840  Alpine8K_HLODLayer_Merged/Alpine8K_HLODLayer_Instanced_L1_X6_Y7
    [  4.2 min] 21/93  approve=21 reject=0  vram=3840 peak=3840  Alpine8K_HLODLayer_Merged/Alpine8K_HLODLayer_Instanced_L1_X6_Y7
    [  4.5 min] 23/93  approve=23 reject=0  vram=3901 peak=3901  Alpine8K_HLODLayer_Merged/Alpine8K_HLODLayer_Instanced_L0_X1_Y-15
    [  4.9 min] 25/93  approve=25 reject=0  vram=3949 peak=3949  Alpine8K_HLODLayer_Merged/Alpine8K_HLODLayer_Instanced_L0_X5_Y14
    [  5.2 min] 27/93  approve=27 reject=0  vram=3997 peak=3997  Alpine8K_HLODLayer_Merged/Alpine8K_HLODLayer_Instanced_L0_X-13_Y-2
    [  5.5 min] 29/93  approve=29 reject=0  vram=3997 peak=3997  Alpine8K_HLODLayer_Merged/Alpine8K_HLODLayer_Instanced_L0_X14_Y-16
    [  5.9 min] 29/93  approve=29 reject=0  vram=4046 peak=4046  Alpine8K_HLODLayer_Merged/Alpine8K_HLODLayer_Instanced_L0_X14_Y-16
    [  6.2 min] 30/93  approve=29 reject=0  vram=4046 peak=4046  Alpine8K_HLODLayer_Instanced/Alpine8K_MainPartition_L1_X-10_Y-1
    [  6.6 min] 33/93  approve=33 reject=0  vram=4094 peak=4094  Alpine8K_HLODLayer_Merged/Alpine8K_HLODLayer_Instanced_L0_X11_Y-9
    [  6.9 min] 33/93  approve=33 reject=0  vram=4142 peak=4142  Alpine8K_HLODLayer_Merged/Alpine8K_HLODLayer_Instanced_L0_X11_Y-9
    [  7.2 min] 33/93  approve=33 reject=0  vram=4142 peak=4142  Alpine8K_HLODLayer_Merged/Alpine8K_HLODLayer_Instanced_L0_X11_Y-9
    [  7.6 min] 35/93  approve=35 reject=0  vram=4191 peak=4191  Alpine8K_HLODLayer_Merged/Alpine8K_HLODLayer_Instanced_L0_X5_Y13
    [  7.9 min] 37/93  approve=37 reject=0  vram=4239 peak=4239  Alpine8K_HLODLayer_Merged/Alpine8K_HLODLayer_Instanced_L0_X-3_Y-2
    [  8.3 min] 39/93  approve=39 reject=0  vram=4239 peak=4239  Alpine8K_HLODLayer_Merged/Alpine8K_HLODLayer_Instanced_L0_X-6_Y-12
    [  8.6 min] 39/93  approve=39 reject=0  vram=4287 peak=4287  Alpine8K_HLODLayer_Merged/Alpine8K_HLODLayer_Instanced_L0_X-6_Y-12
    [  8.9 min] 41/93  approve=41 reject=0  vram=4335 peak=4335  Alpine8K_HLODLayer_Merged/Alpine8K_HLODLayer_Instanced_L0_X14_Y13
    [  9.3 min] 43/93  approve=43 reject=0  vram=4820 peak=4820  Alpine8K_HLODLayer_Merged/Alpine8K_HLODLayer_Instanced_L1_X6_Y1
    [  9.6 min] 43/93  approve=43 reject=0  vram=4820 peak=4820  Alpine8K_HLODLayer_Merged/Alpine8K_HLODLayer_Instanced_L1_X6_Y1
    [  9.9 min] 43/93  approve=43 reject=0  vram=4820 peak=4820  Alpine8K_HLODLayer_Merged/Alpine8K_HLODLayer_Instanced_L1_X6_Y1
    [ 10.3 min] 45/93  approve=45 reject=0  vram=4800 peak=4820  Alpine8K_HLODLayer_Merged/Alpine8K_HLODLayer_Instanced_L0_X14_Y-7
    [ 10.6 min] 45/93  approve=45 reject=0  vram=4849 peak=4849  Alpine8K_HLODLayer_Merged/Alpine8K_HLODLayer_Instanced_L0_X14_Y-7
    [ 10.9 min] 45/93  approve=45 reject=0  vram=4849 peak=4849  Alpine8K_HLODLayer_Merged/Alpine8K_HLODLayer_Instanced_L0_X14_Y-7
    [ 11.3 min] 45/93  approve=45 reject=0  vram=4849 peak=4849  Alpine8K_HLODLayer_Merged/Alpine8K_HLODLayer_Instanced_L0_X14_Y-7
    [ 11.6 min] 47/93  approve=47 reject=0  vram=4849 peak=4849  Alpine8K_HLODLayer_Merged/Alpine8K_HLODLayer_Instanced_L0_X-16_Y13
    [ 11.9 min] 47/93  approve=47 reject=0  vram=4898 peak=4898  Alpine8K_HLODLayer_Merged/Alpine8K_HLODLayer_Instanced_L0_X-16_Y13
    [ 12.3 min] 48/93  approve=48 reject=0  vram=5738 peak=5738  Alpine8K_HLODLayer_Instanced/Alpine8K_MainPartition_L2_X-1_Y1
    [ 12.6 min] 49/93  approve=49 reject=0  vram=5382 peak=5738  Alpine8K_HLODLayer_Merged/Alpine8K_HLODLayer_Instanced_L1_X-1_Y1
    [ 12.9 min] 49/93  approve=49 reject=0  vram=5382 peak=5738  Alpine8K_HLODLayer_Merged/Alpine8K_HLODLayer_Instanced_L1_X-1_Y1
    [ 13.3 min] 51/93  approve=51 reject=0  vram=5362 peak=5738  Alpine8K_HLODLayer_Merged/Alpine8K_HLODLayer_Instanced_L0_X1_Y14
    [ 13.6 min] 51/93  approve=51 reject=0  vram=5411 peak=5738  Alpine8K_HLODLayer_Merged/Alpine8K_HLODLayer_Instanced_L0_X1_Y14
    [ 14.0 min] 51/93  approve=51 reject=0  vram=5411 peak=5738  Alpine8K_HLODLayer_Merged/Alpine8K_HLODLayer_Instanced_L0_X1_Y14
    [ 14.3 min] 53/93  approve=53 reject=0  vram=5411 peak=5738  Alpine8K_HLODLayer_Merged/Alpine8K_HLODLayer_Instanced_L0_X-3_Y12
    [ 14.6 min] 53/93  approve=53 reject=0  vram=5411 peak=5738  Alpine8K_HLODLayer_Merged/Alpine8K_HLODLayer_Instanced_L0_X-3_Y12
    [ 15.0 min] 53/93  approve=53 reject=0  vram=5459 peak=5738  Alpine8K_HLODLayer_Merged/Alpine8K_HLODLayer_Instanced_L0_X-3_Y12
    [ 15.3 min] 53/93  approve=53 reject=0  vram=5459 peak=5738  Alpine8K_HLODLayer_Merged/Alpine8K_HLODLayer_Instanced_L0_X-3_Y12
    [ 15.6 min] 55/93  approve=55 reject=0  vram=5507 peak=5738  Alpine8K_HLODLayer_Merged/Alpine8K_HLODLayer_Instanced_L0_X4_Y2
    [ 16.0 min] 57/93  approve=57 reject=0  vram=5507 peak=5738  Alpine8K_HLODLayer_Merged/Alpine8K_HLODLayer_Instanced_L0_X-2_Y6
    [ 16.3 min] 57/93  approve=57 reject=0  vram=5556 peak=5738  Alpine8K_HLODLayer_Merged/Alpine8K_HLODLayer_Instanced_L0_X-2_Y6
    [ 16.6 min] 57/93  approve=57 reject=0  vram=5556 peak=5738  Alpine8K_HLODLayer_Merged/Alpine8K_HLODLayer_Instanced_L0_X-2_Y6
    [ 17.0 min] 57/93  approve=57 reject=0  vram=5556 peak=5738  Alpine8K_HLODLayer_Merged/Alpine8K_HLODLayer_Instanced_L0_X-2_Y6
    [ 17.3 min] 59/93  approve=59 reject=0  vram=6106 peak=6106  Alpine8K_HLODLayer_Merged/Alpine8K_HLODLayer_Instanced_L1_X0_Y3
    [ 17.7 min] 61/93  approve=61 reject=0  vram=6086 peak=6106  Alpine8K_HLODLayer_Merged/Alpine8K_HLODLayer_Instanced_L0_X2_Y14
    [ 18.0 min] 61/93  approve=61 reject=0  vram=6135 peak=6135  Alpine8K_HLODLayer_Merged/Alpine8K_HLODLayer_Instanced_L0_X2_Y14
    [ 18.3 min] 61/93  approve=61 reject=0  vram=6135 peak=6135  Alpine8K_HLODLayer_Merged/Alpine8K_HLODLayer_Instanced_L0_X2_Y14
    [ 18.7 min] 63/93  approve=63 reject=0  vram=6135 peak=6135  Alpine8K_HLODLayer_Merged/Alpine8K_HLODLayer_Instanced_L0_X-9_Y8
    [ 19.0 min] 63/93  approve=63 reject=0  vram=6135 peak=6135  Alpine8K_HLODLayer_Merged/Alpine8K_HLODLayer_Instanced_L0_X-9_Y8
    [ 19.3 min] 63/93  approve=63 reject=0  vram=6183 peak=6183  Alpine8K_HLODLayer_Merged/Alpine8K_HLODLayer_Instanced_L0_X-9_Y8
    [ 19.7 min] 65/93  approve=65 reject=0  vram=6668 peak=6668  Alpine8K_HLODLayer_Merged/Alpine8K_HLODLayer_Instanced_L1_X1_Y0
    [ 20.0 min] 65/93  approve=65 reject=0  vram=6668 peak=6668  Alpine8K_HLODLayer_Merged/Alpine8K_HLODLayer_Instanced_L1_X1_Y0
    [ 20.3 min] 67/93  approve=67 reject=0  vram=6728 peak=6728  Alpine8K_HLODLayer_Merged/Alpine8K_HLODLayer_Instanced_L0_X-4_Y-9
    [ 20.7 min] 69/93  approve=69 reject=0  vram=6776 peak=6776  Alpine8K_HLODLayer_Merged/Alpine8K_HLODLayer_Instanced_L0_X-12_Y-8
    [ 21.0 min] 71/93  approve=71 reject=0  vram=7325 peak=7325  Alpine8K_HLODLayer_Merged/Alpine8K_HLODLayer_Instanced_L1_X2_Y2
    [ 21.4 min] 71/93  approve=71 reject=0  vram=7325 peak=7325  Alpine8K_HLODLayer_Merged/Alpine8K_HLODLayer_Instanced_L1_X2_Y2
    [ 21.7 min] 73/93  approve=73 reject=0  vram=7353 peak=7353  Alpine8K_HLODLayer_Merged/Alpine8K_HLODLayer_Instanced_L0_X-5_Y-14
    [ 22.0 min] 75/93  approve=75 reject=0  vram=7838 peak=7838  Alpine8K_HLODLayer_Merged/Alpine8K_HLODLayer_Instanced_L1_X1_Y-7
    [ 22.4 min] 75/93  approve=75 reject=0  vram=7838 peak=7838  Alpine8K_HLODLayer_Merged/Alpine8K_HLODLayer_Instanced_L1_X1_Y-7
    [ 22.7 min] 77/93  approve=77 reject=0  vram=7818 peak=7838  Alpine8K_HLODLayer_Merged/Alpine8K_HLODLayer_Instanced_L0_X2_Y4
    [ 23.0 min] 79/93  approve=79 reject=0  vram=7866 peak=7866  Alpine8K_HLODLayer_Merged/Alpine8K_HLODLayer_Instanced_L0_X-4_Y10
    [ 23.4 min] 79/93  approve=79 reject=0  vram=7915 peak=7915  Alpine8K_HLODLayer_Merged/Alpine8K_HLODLayer_Instanced_L0_X-4_Y10
    [ 23.7 min] 79/93  approve=79 reject=0  vram=7915 peak=7915  Alpine8K_HLODLayer_Merged/Alpine8K_HLODLayer_Instanced_L0_X-4_Y10
    [ 24.1 min] 79/93  approve=79 reject=0  vram=7915 peak=7915  Alpine8K_HLODLayer_Merged/Alpine8K_HLODLayer_Instanced_L0_X-4_Y10
    [ 24.4 min] 81/93  approve=81 reject=0  vram=7915 peak=7915  Alpine8K_HLODLayer_Merged/Alpine8K_HLODLayer_Instanced_L0_X-10_Y15
    [ 24.8 min] 81/93  approve=81 reject=0  vram=7963 peak=7963  Alpine8K_HLODLayer_Merged/Alpine8K_HLODLayer_Instanced_L0_X-10_Y15
    [ 25.1 min] 81/93  approve=81 reject=0  vram=7963 peak=7963  Alpine8K_HLODLayer_Merged/Alpine8K_HLODLayer_Instanced_L0_X-10_Y15
    [ 25.4 min] 83/93  approve=83 reject=0  vram=8011 peak=8011  Alpine8K_HLODLayer_Merged/Alpine8K_HLODLayer_Instanced_L0_X3_Y13
    [ 25.8 min] 85/93  approve=85 reject=0  vram=8496 peak=8496  Alpine8K_HLODLayer_Merged/Alpine8K_HLODLayer_Instanced_L1_X5_Y-2
    [ 26.1 min] 85/93  approve=85 reject=0  vram=8496 peak=8496  Alpine8K_HLODLayer_Merged/Alpine8K_HLODLayer_Instanced_L1_X5_Y-2
    [ 26.4 min] 85/93  approve=85 reject=0  vram=8496 peak=8496  Alpine8K_HLODLayer_Merged/Alpine8K_HLODLayer_Instanced_L1_X5_Y-2
    [ 26.8 min] 87/93  approve=87 reject=0  vram=8993 peak=8993  Alpine8K_HLODLayer_Merged/Alpine8K_HLODLayer_Instanced_L1_X3_Y-7
    [ 27.1 min] 87/93  approve=87 reject=0  vram=8993 peak=8993  Alpine8K_HLODLayer_Merged/Alpine8K_HLODLayer_Instanced_L1_X3_Y-7
    [ 27.4 min] 89/93  approve=89 reject=0  vram=9458 peak=9458  Alpine8K_HLODLayer_Merged/Alpine8K_HLODLayer_Instanced_L1_X-4_Y6
    [ 27.8 min] 89/93  approve=89 reject=0  vram=9458 peak=9458  Alpine8K_HLODLayer_Merged/Alpine8K_HLODLayer_Instanced_L1_X-4_Y6
    [ 28.1 min] 91/93  approve=91 reject=0  vram=9438 peak=9458  Alpine8K_HLODLayer_Merged/Alpine8K_HLODLayer_Instanced_L0_X11_Y-13
    [ 28.4 min] 91/93  approve=91 reject=0  vram=9486 peak=9486  Alpine8K_HLODLayer_Merged/Alpine8K_HLODLayer_Instanced_L0_X11_Y-13
    [ 28.8 min] 91/93  approve=91 reject=0  vram=9486 peak=9486  Alpine8K_HLODLayer_Merged/Alpine8K_HLODLayer_Instanced_L0_X11_Y-13
    [ 29.1 min] 93/93  approve=93 reject=0  vram=9422 peak=9486  Alpine8K_HLODLayer_Merged/Alpine8K_HLODLayer_Instanced_L0_X-1_Y14
    [ 29.4 min] 93/93  approve=93 reject=0  vram=9470 peak=9486  Alpine8K_HLODLayer_Merged/Alpine8K_HLODLayer_Instanced_L0_X-1_Y14
    [ 29.8 min] 93/93  approve=93 reject=0  vram=9470 peak=9486  Alpine8K_HLODLayer_Merged/Alpine8K_HLODLayer_Instanced_L0_X-1_Y14
    [ 30.1 min] 93/93  approve=93 reject=0  vram=9470 peak=9486  Alpine8K_HLODLayer_Merged/Alpine8K_HLODLayer_Instanced_L0_X-1_Y14
    done rc=1 in 30.3 min | approve=93 reject=0 | STALE 0 -> 0 (-0), current=1042 | vram peak 9486 MiB | true_exit=True | written=93 torn=0 last_write_to_exit=8.955s
  attribution  building-lines 93  decisions 93  approved 93  rejected 0
    Alpine8K_HLODLayer_Instanced       approve 50     reject 0       from Alpine8K_MainPartition x50
    Alpine8K_HLODLayer_Merged          approve 43     reject 0       from Alpine8K_HLODLayer_Instanced x43
warning: in the working copy of '_verify/hlod/build_20260914b/batches.json', CRLF will be replaced by LF the next time Git touches it
warning: in the working copy of '_verify/hlod/build_20260914b/run_console.log', LF will be replaced by CRLF the next time Git touches it
warning: in the working copy of '_verify/hlod/build_20260914b/batch_10.log', LF will be replaced by CRLF the next time Git touches it
[main 69dfc732] HLOD batch 10: 0 cells de-staled, 0 -> 0 left, 30.3 min, VRAM peak 9486 MiB
 4 files changed, 4543 insertions(+), 4 deletions(-)
 create mode 100644 _verify/hlod/build_20260914b/batch_10.log

=== batch_11 (attempt 1) ===
    cells in section: 93   stale(MeshMerge(1)) now: 0
    [  0.2 min] 0/0  approve=0 reject=0  vram=224 peak=224  -
    [  0.5 min] 4/93  approve=4 reject=0  vram=1432 peak=1432  Alpine8K_HLODLayer_Merged/Alpine8K_HLODLayer_Instanced_L0_X-9_Y9
    [  0.8 min] 4/93  approve=4 reject=0  vram=2871 peak=2871  Alpine8K_HLODLayer_Merged/Alpine8K_HLODLayer_Instanced_L0_X-9_Y9
    [  1.2 min] 7/93  approve=7 reject=0  vram=2952 peak=2952  Alpine8K_HLODLayer_Merged/Alpine8K_HLODLayer_Instanced_L0_X0_Y10
    [  1.5 min] 10/93  approve=10 reject=0  vram=2952 peak=2952  Alpine8K_HLODLayer_Merged/Alpine8K_HLODLayer_Instanced_L0_X13_Y-14
    [  1.8 min] 10/93  approve=10 reject=0  vram=2952 peak=2952  Alpine8K_HLODLayer_Merged/Alpine8K_HLODLayer_Instanced_L0_X13_Y-14
    [  2.2 min] 10/93  approve=10 reject=0  vram=3001 peak=3001  Alpine8K_HLODLayer_Merged/Alpine8K_HLODLayer_Instanced_L0_X13_Y-14
    [  2.5 min] 10/93  approve=10 reject=0  vram=3001 peak=3001  Alpine8K_HLODLayer_Merged/Alpine8K_HLODLayer_Instanced_L0_X13_Y-14
    [  2.9 min] 13/93  approve=13 reject=0  vram=3001 peak=3001  Alpine8K_HLODLayer_Merged/Alpine8K_HLODLayer_Instanced_L0_X15_Y-5
    [  3.2 min] 13/93  approve=13 reject=0  vram=3049 peak=3049  Alpine8K_HLODLayer_Merged/Alpine8K_HLODLayer_Instanced_L0_X15_Y-5
    [  3.5 min] 13/93  approve=13 reject=0  vram=3049 peak=3049  Alpine8K_HLODLayer_Merged/Alpine8K_HLODLayer_Instanced_L0_X15_Y-5
    [  3.9 min] 16/93  approve=16 reject=0  vram=3097 peak=3097  Alpine8K_HLODLayer_Merged/Alpine8K_HLODLayer_Instanced_L0_X6_Y-12
    [  4.2 min] 19/93  approve=19 reject=0  vram=3146 peak=3146  Alpine8K_HLODLayer_Merged/Alpine8K_HLODLayer_Instanced_L0_X-3_Y7
    [  4.5 min] 21/93  approve=21 reject=0  vram=3774 peak=3774  Alpine8K_HLODLayer_Merged/Alpine8K_HLODLayer_Instanced_L1_X-5_Y5
    [  4.9 min] 21/93  approve=21 reject=0  vram=3774 peak=3774  Alpine8K_HLODLayer_Merged/Alpine8K_HLODLayer_Instanced_L1_X-5_Y5
    [  5.2 min] 21/93  approve=21 reject=0  vram=3774 peak=3774  Alpine8K_HLODLayer_Merged/Alpine8K_HLODLayer_Instanced_L1_X-5_Y5
    [  5.5 min] 23/93  approve=23 reject=0  vram=4271 peak=4271  Alpine8K_HLODLayer_Merged/Alpine8K_HLODLayer_Instanced_L1_X4_Y7
    [  5.9 min] 23/93  approve=23 reject=0  vram=4271 peak=4271  Alpine8K_HLODLayer_Merged/Alpine8K_HLODLayer_Instanced_L1_X4_Y7
    [  6.2 min] 25/93  approve=25 reject=0  vram=4251 peak=4271  Alpine8K_HLODLayer_Merged/Alpine8K_HLODLayer_Instanced_L0_X9_Y-16
    [  6.5 min] 25/93  approve=25 reject=0  vram=4300 peak=4300  Alpine8K_HLODLayer_Merged/Alpine8K_HLODLayer_Instanced_L0_X9_Y-16
    [  6.9 min] 27/93  approve=27 reject=0  vram=4348 peak=4348  Alpine8K_HLODLayer_Merged/Alpine8K_HLODLayer_Instanced_L0_X-6_Y-3
    [  7.2 min] 29/93  approve=29 reject=0  vram=4348 peak=4348  Alpine8K_HLODLayer_Merged/Alpine8K_HLODLayer_Instanced_L0_X12_Y-1
    [  7.6 min] 29/93  approve=29 reject=0  vram=4396 peak=4396  Alpine8K_HLODLayer_Merged/Alpine8K_HLODLayer_Instanced_L0_X12_Y-1
    [  7.9 min] 29/93  approve=29 reject=0  vram=4397 peak=4397  Alpine8K_HLODLayer_Merged/Alpine8K_HLODLayer_Instanced_L0_X12_Y-1
    [  8.2 min] 31/93  approve=31 reject=0  vram=4445 peak=4445  Alpine8K_HLODLayer_Merged/Alpine8K_HLODLayer_Instanced_L0_X-13_Y-10
    [  8.6 min] 33/93  approve=33 reject=0  vram=4445 peak=4445  Alpine8K_HLODLayer_Merged/Alpine8K_HLODLayer_Instanced_L0_X12_Y-8
    [  8.9 min] 33/93  approve=33 reject=0  vram=4493 peak=4493  Alpine8K_HLODLayer_Merged/Alpine8K_HLODLayer_Instanced_L0_X12_Y-8
    [  9.2 min] 33/93  approve=33 reject=0  vram=4493 peak=4493  Alpine8K_HLODLayer_Merged/Alpine8K_HLODLayer_Instanced_L0_X12_Y-8
    [  9.6 min] 35/93  approve=35 reject=0  vram=4493 peak=4493  Alpine8K_HLODLayer_Merged/Alpine8K_HLODLayer_Instanced_L0_X15_Y-7
    [  9.9 min] 35/93  approve=35 reject=0  vram=4525 peak=4525  Alpine8K_HLODLayer_Merged/Alpine8K_HLODLayer_Instanced_L0_X15_Y-7
    [ 10.2 min] 35/93  approve=35 reject=0  vram=4541 peak=4541  Alpine8K_HLODLayer_Merged/Alpine8K_HLODLayer_Instanced_L0_X15_Y-7
    [ 10.6 min] 35/93  approve=35 reject=0  vram=4541 peak=4541  Alpine8K_HLODLayer_Merged/Alpine8K_HLODLayer_Instanced_L0_X15_Y-7
    [ 10.9 min] 37/93  approve=37 reject=0  vram=4541 peak=4541  Alpine8K_HLODLayer_Merged/Alpine8K_HLODLayer_Instanced_L0_X-1_Y6
    [ 11.2 min] 37/93  approve=37 reject=0  vram=4590 peak=4590  Alpine8K_HLODLayer_Merged/Alpine8K_HLODLayer_Instanced_L0_X-1_Y6
    [ 11.6 min] 37/93  approve=37 reject=0  vram=4590 peak=4590  Alpine8K_HLODLayer_Merged/Alpine8K_HLODLayer_Instanced_L0_X-1_Y6
    [ 11.9 min] 39/93  approve=39 reject=0  vram=4590 peak=4590  Alpine8K_HLODLayer_Merged/Alpine8K_HLODLayer_Instanced_L0_X-5_Y8
    [ 12.3 min] 39/93  approve=39 reject=0  vram=4638 peak=4638  Alpine8K_HLODLayer_Merged/Alpine8K_HLODLayer_Instanced_L0_X-5_Y8
    [ 12.6 min] 39/93  approve=39 reject=0  vram=4638 peak=4638  Alpine8K_HLODLayer_Merged/Alpine8K_HLODLayer_Instanced_L0_X-5_Y8
    [ 12.9 min] 41/93  approve=41 reject=0  vram=5123 peak=5123  Alpine8K_HLODLayer_Merged/Alpine8K_HLODLayer_Instanced_L1_X-6_Y-7
    [ 13.3 min] 41/93  approve=41 reject=0  vram=5123 peak=5123  Alpine8K_HLODLayer_Merged/Alpine8K_HLODLayer_Instanced_L1_X-6_Y-7
    [ 13.6 min] 43/93  approve=43 reject=0  vram=5103 peak=5123  Alpine8K_HLODLayer_Merged/Alpine8K_HLODLayer_Instanced_L0_X15_Y-12
    [ 13.9 min] 43/93  approve=43 reject=0  vram=5151 peak=5151  Alpine8K_HLODLayer_Merged/Alpine8K_HLODLayer_Instanced_L0_X15_Y-12
    [ 14.3 min] 43/93  approve=43 reject=0  vram=5151 peak=5151  Alpine8K_HLODLayer_Merged/Alpine8K_HLODLayer_Instanced_L0_X15_Y-12
    [ 14.6 min] 45/93  approve=45 reject=0  vram=5151 peak=5151  Alpine8K_HLODLayer_Merged/Alpine8K_HLODLayer_Instanced_L0_X11_Y2
    [ 15.0 min] 45/93  approve=45 reject=0  vram=5151 peak=5151  Alpine8K_HLODLayer_Merged/Alpine8K_HLODLayer_Instanced_L0_X11_Y2
    [ 15.3 min] 45/93  approve=45 reject=0  vram=5199 peak=5199  Alpine8K_HLODLayer_Merged/Alpine8K_HLODLayer_Instanced_L0_X11_Y2
    [ 15.6 min] 45/93  approve=45 reject=0  vram=5199 peak=5199  Alpine8K_HLODLayer_Merged/Alpine8K_HLODLayer_Instanced_L0_X11_Y2
    [ 16.0 min] 47/93  approve=47 reject=0  vram=5199 peak=5199  Alpine8K_HLODLayer_Merged/Alpine8K_HLODLayer_Instanced_L0_X-2_Y8
    [ 16.3 min] 47/93  approve=47 reject=0  vram=5248 peak=5248  Alpine8K_HLODLayer_Merged/Alpine8K_HLODLayer_Instanced_L0_X-2_Y8
    [ 16.7 min] 47/93  approve=47 reject=0  vram=5248 peak=5248  Alpine8K_HLODLayer_Merged/Alpine8K_HLODLayer_Instanced_L0_X-2_Y8
    [ 17.0 min] 47/93  approve=47 reject=0  vram=5248 peak=5248  Alpine8K_HLODLayer_Merged/Alpine8K_HLODLayer_Instanced_L0_X-2_Y8
    [ 17.3 min] 48/93  approve=47 reject=0  vram=5249 peak=5249  Alpine8K_HLODLayer_Instanced/Alpine8K_MainPartition_L2_X4_Y-4
    [ 17.7 min] 49/93  approve=49 reject=0  vram=5734 peak=5734  Alpine8K_HLODLayer_Merged/Alpine8K_HLODLayer_Instanced_L1_X4_Y-4
    [ 18.0 min] 49/93  approve=49 reject=0  vram=5734 peak=5734  Alpine8K_HLODLayer_Merged/Alpine8K_HLODLayer_Instanced_L1_X4_Y-4
    [ 18.3 min] 51/93  approve=51 reject=0  vram=6230 peak=6230  Alpine8K_HLODLayer_Merged/Alpine8K_HLODLayer_Instanced_L1_X-8_Y-5
    [ 18.7 min] 51/93  approve=51 reject=0  vram=6230 peak=6230  Alpine8K_HLODLayer_Merged/Alpine8K_HLODLayer_Instanced_L1_X-8_Y-5
    [ 19.0 min] 53/93  approve=53 reject=0  vram=6260 peak=6260  Alpine8K_HLODLayer_Merged/Alpine8K_HLODLayer_Instanced_L0_X-9_Y3
    [ 19.3 min] 55/93  approve=55 reject=0  vram=6260 peak=6260  Alpine8K_HLODLayer_Merged/Alpine8K_HLODLayer_Instanced_L0_X-6_Y-14
    [ 19.7 min] 55/93  approve=55 reject=0  vram=6308 peak=6308  Alpine8K_HLODLayer_Merged/Alpine8K_HLODLayer_Instanced_L0_X-6_Y-14
    [ 20.0 min] 55/93  approve=55 reject=0  vram=6308 peak=6308  Alpine8K_HLODLayer_Merged/Alpine8K_HLODLayer_Instanced_L0_X-6_Y-14
    [ 20.3 min] 57/93  approve=57 reject=0  vram=6793 peak=6793  Alpine8K_HLODLayer_Merged/Alpine8K_HLODLayer_Instanced_L1_X6_Y-7
    [ 20.7 min] 57/93  approve=57 reject=0  vram=6793 peak=6793  Alpine8K_HLODLayer_Merged/Alpine8K_HLODLayer_Instanced_L1_X6_Y-7
    [ 21.0 min] 59/93  approve=59 reject=0  vram=6853 peak=6853  Alpine8K_HLODLayer_Merged/Alpine8K_HLODLayer_Instanced_L0_X-2_Y-13
    [ 21.4 min] 61/93  approve=61 reject=0  vram=6853 peak=6853  Alpine8K_HLODLayer_Merged/Alpine8K_HLODLayer_Instanced_L0_X14_Y-3
    [ 21.7 min] 61/93  approve=61 reject=0  vram=6901 peak=6901  Alpine8K_HLODLayer_Merged/Alpine8K_HLODLayer_Instanced_L0_X14_Y-3
    [ 22.0 min] 61/93  approve=61 reject=0  vram=6901 peak=6901  Alpine8K_HLODLayer_Merged/Alpine8K_HLODLayer_Instanced_L0_X14_Y-3
    [ 22.4 min] 61/93  approve=61 reject=0  vram=6901 peak=6901  Alpine8K_HLODLayer_Merged/Alpine8K_HLODLayer_Instanced_L0_X14_Y-3
    [ 22.7 min] 63/93  approve=63 reject=0  vram=6982 peak=6982  Alpine8K_HLODLayer_Merged/Alpine8K_HLODLayer_Instanced_L0_X-10_Y-4
    [ 23.1 min] 65/93  approve=65 reject=0  vram=6982 peak=6982  Alpine8K_HLODLayer_Merged/Alpine8K_HLODLayer_Instanced_L0_X-5_Y10
    [ 23.4 min] 65/93  approve=65 reject=0  vram=7030 peak=7030  Alpine8K_HLODLayer_Merged/Alpine8K_HLODLayer_Instanced_L0_X-5_Y10
    [ 23.7 min] 65/93  approve=65 reject=0  vram=7030 peak=7030  Alpine8K_HLODLayer_Merged/Alpine8K_HLODLayer_Instanced_L0_X-5_Y10
    [ 24.1 min] 67/93  approve=67 reject=0  vram=7515 peak=7515  Alpine8K_HLODLayer_Merged/Alpine8K_HLODLayer_Instanced_L1_X-7_Y-2
    [ 24.4 min] 67/93  approve=67 reject=0  vram=7515 peak=7515  Alpine8K_HLODLayer_Merged/Alpine8K_HLODLayer_Instanced_L1_X-7_Y-2
    [ 24.7 min] 67/93  approve=67 reject=0  vram=7515 peak=7515  Alpine8K_HLODLayer_Merged/Alpine8K_HLODLayer_Instanced_L1_X-7_Y-2
    [ 25.1 min] 69/93  approve=69 reject=0  vram=7543 peak=7543  Alpine8K_HLODLayer_Merged/Alpine8K_HLODLayer_Instanced_L0_X-8_Y-14
    [ 25.4 min] 71/93  approve=71 reject=0  vram=8029 peak=8029  Alpine8K_HLODLayer_Merged/Alpine8K_HLODLayer_Instanced_L1_X-5_Y-4
    [ 25.7 min] 71/93  approve=71 reject=0  vram=8029 peak=8029  Alpine8K_HLODLayer_Merged/Alpine8K_HLODLayer_Instanced_L1_X-5_Y-4
    [ 26.1 min] 73/93  approve=73 reject=0  vram=8057 peak=8057  Alpine8K_HLODLayer_Merged/Alpine8K_HLODLayer_Instanced_L0_X-9_Y-3
    [ 26.4 min] 75/93  approve=75 reject=0  vram=8542 peak=8542  Alpine8K_HLODLayer_Merged/Alpine8K_HLODLayer_Instanced_L1_X-3_Y-6
    [ 26.7 min] 75/93  approve=75 reject=0  vram=8542 peak=8542  Alpine8K_HLODLayer_Merged/Alpine8K_HLODLayer_Instanced_L1_X-3_Y-6
    [ 27.1 min] 77/93  approve=77 reject=0  vram=9038 peak=9038  Alpine8K_HLODLayer_Merged/Alpine8K_HLODLayer_Instanced_L1_X-5_Y1
    [ 27.4 min] 77/93  approve=77 reject=0  vram=9038 peak=9038  Alpine8K_HLODLayer_Merged/Alpine8K_HLODLayer_Instanced_L1_X-5_Y1
    [ 27.7 min] 79/93  approve=79 reject=0  vram=9018 peak=9038  Alpine8K_HLODLayer_Merged/Alpine8K_HLODLayer_Instanced_L0_X-14_Y15
    [ 28.1 min] 79/93  approve=79 reject=0  vram=9018 peak=9038  Alpine8K_HLODLayer_Merged/Alpine8K_HLODLayer_Instanced_L0_X-14_Y15
    [ 28.4 min] 79/93  approve=79 reject=0  vram=9067 peak=9067  Alpine8K_HLODLayer_Merged/Alpine8K_HLODLayer_Instanced_L0_X-14_Y15
    [ 28.8 min] 79/93  approve=79 reject=0  vram=9067 peak=9067  Alpine8K_HLODLayer_Merged/Alpine8K_HLODLayer_Instanced_L0_X-14_Y15
    [ 29.1 min] 81/93  approve=81 reject=0  vram=9067 peak=9067  Alpine8K_HLODLayer_Merged/Alpine8K_HLODLayer_Instanced_L0_X9_Y-15
    [ 29.4 min] 81/93  approve=81 reject=0  vram=9115 peak=9115  Alpine8K_HLODLayer_Merged/Alpine8K_HLODLayer_Instanced_L0_X9_Y-15
    [ 29.8 min] 83/93  approve=83 reject=0  vram=9115 peak=9115  Alpine8K_HLODLayer_Merged/Alpine8K_HLODLayer_Instanced_L0_X8_Y-1
    [ 30.1 min] 83/93  approve=83 reject=0  vram=9163 peak=9163  Alpine8K_HLODLayer_Merged/Alpine8K_HLODLayer_Instanced_L0_X8_Y-1
    [ 30.5 min] 84/93  approve=83 reject=0  vram=9164 peak=9164  Alpine8K_HLODLayer_Instanced/Alpine8K_MainPartition_L2_X7_Y1
    [ 30.8 min] 85/93  approve=85 reject=0  vram=9681 peak=9681  Alpine8K_HLODLayer_Merged/Alpine8K_HLODLayer_Instanced_L1_X7_Y1
    [ 31.1 min] 85/93  approve=85 reject=0  vram=9681 peak=9681  Alpine8K_HLODLayer_Merged/Alpine8K_HLODLayer_Instanced_L1_X7_Y1
    [ 31.5 min] 87/93  approve=87 reject=0  vram=9661 peak=9681  Alpine8K_HLODLayer_Merged/Alpine8K_HLODLayer_Instanced_L0_X14_Y15
    [ 31.8 min] 87/93  approve=87 reject=0  vram=9709 peak=9709  Alpine8K_HLODLayer_Merged/Alpine8K_HLODLayer_Instanced_L0_X14_Y15
    [ 32.1 min] 89/93  approve=89 reject=0  vram=9709 peak=9709  Alpine8K_HLODLayer_Merged/Alpine8K_HLODLayer_Instanced_L0_X-11_Y15
    [ 32.5 min] 89/93  approve=89 reject=0  vram=9758 peak=9758  Alpine8K_HLODLayer_Merged/Alpine8K_HLODLayer_Instanced_L0_X-11_Y15
    [ 32.8 min] 89/93  approve=89 reject=0  vram=9758 peak=9758  Alpine8K_HLODLayer_Merged/Alpine8K_HLODLayer_Instanced_L0_X-11_Y15
    [ 33.1 min] 91/93  approve=91 reject=0  vram=9758 peak=9758  Alpine8K_HLODLayer_Merged/Alpine8K_HLODLayer_Instanced_L0_X9_Y-12
    [ 33.5 min] 91/93  approve=91 reject=0  vram=9806 peak=9806  Alpine8K_HLODLayer_Merged/Alpine8K_HLODLayer_Instanced_L0_X9_Y-12
    [ 33.8 min] 91/93  approve=91 reject=0  vram=9806 peak=9806  Alpine8K_HLODLayer_Merged/Alpine8K_HLODLayer_Instanced_L0_X9_Y-12
    [ 34.2 min] 93/93  approve=93 reject=0  vram=9806 peak=9806  Alpine8K_HLODLayer_Merged/Alpine8K_HLODLayer_Instanced_L0_X-5_Y13
    [ 34.5 min] 93/93  approve=93 reject=0  vram=9855 peak=9855  Alpine8K_HLODLayer_Merged/Alpine8K_HLODLayer_Instanced_L0_X-5_Y13
    [ 34.8 min] 93/93  approve=93 reject=0  vram=9855 peak=9855  Alpine8K_HLODLayer_Merged/Alpine8K_HLODLayer_Instanced_L0_X-5_Y13
    [ 35.2 min] 93/93  approve=93 reject=0  vram=9855 peak=9855  Alpine8K_HLODLayer_Merged/Alpine8K_HLODLayer_Instanced_L0_X-5_Y13
    [ 35.5 min] 93/93  approve=93 reject=0  vram=12 peak=9855  Alpine8K_HLODLayer_Merged/Alpine8K_HLODLayer_Instanced_L0_X-5_Y13
    done rc=1 in 35.5 min | approve=93 reject=0 | STALE 0 -> 0 (-0), current=1042 | vram peak 9855 MiB | true_exit=True | written=93 torn=0 last_write_to_exit=12.819s
  attribution  building-lines 93  decisions 93  approved 93  rejected 0
    Alpine8K_HLODLayer_Instanced       approve 50     reject 0       from Alpine8K_MainPartition x50
    Alpine8K_HLODLayer_Merged          approve 43     reject 0       from Alpine8K_HLODLayer_Instanced x43
warning: in the working copy of '_verify/hlod/build_20260914b/batches.json', CRLF will be replaced by LF the next time Git touches it
warning: in the working copy of '_verify/hlod/build_20260914b/run_console.log', LF will be replaced by CRLF the next time Git touches it
warning: in the working copy of '_verify/hlod/build_20260914b/batch_11.log', LF will be replaced by CRLF the next time Git touches it
[main a46ee797] HLOD batch 11: 0 cells de-staled, 0 -> 0 left, 35.5 min, VRAM peak 9855 MiB
 4 files changed, 4616 insertions(+), 3 deletions(-)
 create mode 100644 _verify/hlod/build_20260914b/batch_11.log

=== batch_12 (attempt 1) ===
    cells in section: 93   stale(MeshMerge(1)) now: 0
    [  0.2 min] 0/0  approve=0 reject=0  vram=224 peak=224  -
    [  0.5 min] 4/93  approve=4 reject=0  vram=2872 peak=2872  Alpine8K_HLODLayer_Merged/Alpine8K_HLODLayer_Instanced_L0_X-13_Y-1
    [  0.8 min] 7/93  approve=7 reject=0  vram=2953 peak=2953  Alpine8K_HLODLayer_Merged/Alpine8K_HLODLayer_Instanced_L0_X-9_Y-8
    [  1.2 min] 7/93  approve=7 reject=0  vram=2953 peak=2953  Alpine8K_HLODLayer_Merged/Alpine8K_HLODLayer_Instanced_L0_X-9_Y-8
    [  1.5 min] 10/93  approve=10 reject=0  vram=3001 peak=3001  Alpine8K_HLODLayer_Merged/Alpine8K_HLODLayer_Instanced_L0_X-4_Y-11
    [  1.8 min] 13/93  approve=13 reject=0  vram=3001 peak=3001  Alpine8K_HLODLayer_Merged/Alpine8K_HLODLayer_Instanced_L0_X-6_Y9
    [  2.2 min] 13/93  approve=13 reject=0  vram=3050 peak=3050  Alpine8K_HLODLayer_Merged/Alpine8K_HLODLayer_Instanced_L0_X-6_Y9
    [  2.5 min] 13/93  approve=13 reject=0  vram=3050 peak=3050  Alpine8K_HLODLayer_Merged/Alpine8K_HLODLayer_Instanced_L0_X-6_Y9
    [  2.9 min] 14/93  approve=13 reject=0  vram=3050 peak=3050  Alpine8K_HLODLayer_Instanced/Alpine8K_MainPartition_L0_X-19_Y9
    [  3.2 min] 19/93  approve=19 reject=0  vram=3098 peak=3098  Alpine8K_HLODLayer_Merged/Alpine8K_HLODLayer_Instanced_L0_X-7_Y2
    [  3.5 min] 21/93  approve=21 reject=0  vram=3146 peak=3146  Alpine8K_HLODLayer_Merged/Alpine8K_HLODLayer_Instanced_L0_X-14_Y13
    [  3.9 min] 21/93  approve=21 reject=0  vram=3195 peak=3195  Alpine8K_HLODLayer_Merged/Alpine8K_HLODLayer_Instanced_L0_X-14_Y13
    [  4.2 min] 21/93  approve=21 reject=0  vram=3195 peak=3195  Alpine8K_HLODLayer_Merged/Alpine8K_HLODLayer_Instanced_L0_X-14_Y13
    [  4.5 min] 21/93  approve=21 reject=0  vram=3195 peak=3195  Alpine8K_HLODLayer_Merged/Alpine8K_HLODLayer_Instanced_L0_X-14_Y13
    [  4.9 min] 23/93  approve=23 reject=0  vram=3243 peak=3243  Alpine8K_HLODLayer_Merged/Alpine8K_HLODLayer_Instanced_L0_X4_Y11
    [  5.2 min] 25/93  approve=25 reject=0  vram=3291 peak=3291  Alpine8K_HLODLayer_Merged/Alpine8K_HLODLayer_Instanced_L0_X5_Y-2
    [  5.5 min] 25/93  approve=25 reject=0  vram=3291 peak=3291  Alpine8K_HLODLayer_Merged/Alpine8K_HLODLayer_Instanced_L0_X5_Y-2
    [  5.9 min] 27/93  approve=27 reject=0  vram=3371 peak=3371  Alpine8K_HLODLayer_Merged/Alpine8K_HLODLayer_Instanced_L0_X-13_Y10
    [  6.2 min] 27/93  approve=27 reject=0  vram=3371 peak=3371  Alpine8K_HLODLayer_Merged/Alpine8K_HLODLayer_Instanced_L0_X-13_Y10
    [  6.5 min] 31/93  approve=31 reject=0  vram=3420 peak=3420  Alpine8K_HLODLayer_Merged/Alpine8K_HLODLayer_Instanced_L0_X-11_Y9
    [  6.9 min] 31/93  approve=31 reject=0  vram=3468 peak=3468  Alpine8K_HLODLayer_Merged/Alpine8K_HLODLayer_Instanced_L0_X-11_Y9
    [  7.2 min] 33/93  approve=33 reject=0  vram=3468 peak=3468  Alpine8K_HLODLayer_Merged/Alpine8K_HLODLayer_Instanced_L0_X-4_Y12
    [  7.6 min] 33/93  approve=33 reject=0  vram=3468 peak=3468  Alpine8K_HLODLayer_Merged/Alpine8K_HLODLayer_Instanced_L0_X-4_Y12
    [  7.9 min] 33/93  approve=33 reject=0  vram=3516 peak=3516  Alpine8K_HLODLayer_Merged/Alpine8K_HLODLayer_Instanced_L0_X-4_Y12
    [  8.2 min] 33/93  approve=33 reject=0  vram=3516 peak=3516  Alpine8K_HLODLayer_Merged/Alpine8K_HLODLayer_Instanced_L0_X-4_Y12
    [  8.6 min] 33/93  approve=33 reject=0  vram=3516 peak=3516  Alpine8K_HLODLayer_Merged/Alpine8K_HLODLayer_Instanced_L0_X-4_Y12
    [  8.9 min] 35/93  approve=35 reject=0  vram=3516 peak=3516  Alpine8K_HLODLayer_Merged/Alpine8K_HLODLayer_Instanced_L0_X-15_Y-1
    [  9.2 min] 35/93  approve=35 reject=0  vram=3565 peak=3565  Alpine8K_HLODLayer_Merged/Alpine8K_HLODLayer_Instanced_L0_X-15_Y-1
    [  9.6 min] 35/93  approve=35 reject=0  vram=3565 peak=3565  Alpine8K_HLODLayer_Merged/Alpine8K_HLODLayer_Instanced_L0_X-15_Y-1
    [  9.9 min] 35/93  approve=35 reject=0  vram=3565 peak=3565  Alpine8K_HLODLayer_Merged/Alpine8K_HLODLayer_Instanced_L0_X-15_Y-1
    [ 10.2 min] 37/93  approve=37 reject=0  vram=4191 peak=4191  Alpine8K_HLODLayer_Merged/Alpine8K_HLODLayer_Instanced_L1_X-7_Y1
    [ 10.6 min] 37/93  approve=37 reject=0  vram=4191 peak=4191  Alpine8K_HLODLayer_Merged/Alpine8K_HLODLayer_Instanced_L1_X-7_Y1
    [ 10.9 min] 39/93  approve=39 reject=0  vram=4688 peak=4688  Alpine8K_HLODLayer_Merged/Alpine8K_HLODLayer_Instanced_L1_X-3_Y0
    [ 11.2 min] 39/93  approve=39 reject=0  vram=4688 peak=4688  Alpine8K_HLODLayer_Merged/Alpine8K_HLODLayer_Instanced_L1_X-3_Y0
    [ 11.6 min] 41/93  approve=41 reject=0  vram=4716 peak=4716  Alpine8K_HLODLayer_Merged/Alpine8K_HLODLayer_Instanced_L0_X-6_Y6
    [ 11.9 min] 43/93  approve=43 reject=0  vram=4765 peak=4765  Alpine8K_HLODLayer_Merged/Alpine8K_HLODLayer_Instanced_L0_X-3_Y-10
    [ 12.3 min] 45/93  approve=45 reject=0  vram=5249 peak=5249  Alpine8K_HLODLayer_Merged/Alpine8K_HLODLayer_Instanced_L1_X-5_Y-6
    [ 12.6 min] 45/93  approve=45 reject=0  vram=5249 peak=5249  Alpine8K_HLODLayer_Merged/Alpine8K_HLODLayer_Instanced_L1_X-5_Y-6
    [ 12.9 min] 47/93  approve=47 reject=0  vram=5229 peak=5249  Alpine8K_HLODLayer_Merged/Alpine8K_HLODLayer_Instanced_L0_X-9_Y-4
    [ 13.3 min] 47/93  approve=47 reject=0  vram=5278 peak=5278  Alpine8K_HLODLayer_Merged/Alpine8K_HLODLayer_Instanced_L0_X-9_Y-4
    [ 13.6 min] 50/93  approve=50 reject=0  vram=6135 peak=6135  Alpine8K_HLODLayer_Instanced/Alpine8K_MainPartition_L2_X-4_Y-1
    [ 13.9 min] 51/93  approve=51 reject=0  vram=5813 peak=6135  Alpine8K_HLODLayer_Merged/Alpine8K_HLODLayer_Instanced_L1_X-4_Y-1
    [ 14.3 min] 51/93  approve=51 reject=0  vram=5813 peak=6135  Alpine8K_HLODLayer_Merged/Alpine8K_HLODLayer_Instanced_L1_X-4_Y-1
    [ 14.6 min] 55/93  approve=55 reject=0  vram=5841 peak=6135  Alpine8K_HLODLayer_Merged/Alpine8K_HLODLayer_Instanced_L0_X-14_Y-11
    [ 14.9 min] 55/93  approve=55 reject=0  vram=5889 peak=6135  Alpine8K_HLODLayer_Merged/Alpine8K_HLODLayer_Instanced_L0_X-14_Y-11
    [ 15.3 min] 57/93  approve=57 reject=0  vram=5938 peak=6135  Alpine8K_HLODLayer_Merged/Alpine8K_HLODLayer_Instanced_L0_X-11_Y-13
    [ 15.6 min] 59/93  approve=59 reject=0  vram=5986 peak=6135  Alpine8K_HLODLayer_Merged/Alpine8K_HLODLayer_Instanced_L0_X8_Y-4
    [ 15.9 min] 61/93  approve=61 reject=0  vram=6002 peak=6135  Alpine8K_HLODLayer_Merged/Alpine8K_HLODLayer_Instanced_L0_X4_Y-11
    [ 16.3 min] 63/93  approve=63 reject=0  vram=6525 peak=6525  Alpine8K_HLODLayer_Merged/Alpine8K_HLODLayer_Instanced_L1_X-8_Y-1
    [ 16.6 min] 63/93  approve=63 reject=0  vram=6525 peak=6525  Alpine8K_HLODLayer_Merged/Alpine8K_HLODLayer_Instanced_L1_X-8_Y-1
    [ 16.9 min] 65/93  approve=65 reject=0  vram=6553 peak=6553  Alpine8K_HLODLayer_Merged/Alpine8K_HLODLayer_Instanced_L0_X6_Y14
    [ 17.3 min] 67/93  approve=67 reject=0  vram=6553 peak=6553  Alpine8K_HLODLayer_Merged/Alpine8K_HLODLayer_Instanced_L0_X-16_Y-2
    [ 17.6 min] 67/93  approve=67 reject=0  vram=6602 peak=6602  Alpine8K_HLODLayer_Merged/Alpine8K_HLODLayer_Instanced_L0_X-16_Y-2
    [ 18.0 min] 69/93  approve=69 reject=0  vram=6666 peak=6666  Alpine8K_HLODLayer_Merged/Alpine8K_HLODLayer_Instanced_L0_X-2_Y10
    [ 18.3 min] 69/93  approve=69 reject=0  vram=6714 peak=6714  Alpine8K_HLODLayer_Merged/Alpine8K_HLODLayer_Instanced_L0_X-2_Y10
    [ 18.6 min] 71/93  approve=71 reject=0  vram=6714 peak=6714  Alpine8K_HLODLayer_Merged/Alpine8K_HLODLayer_Instanced_L0_X14_Y-5
    [ 19.0 min] 71/93  approve=71 reject=0  vram=6762 peak=6762  Alpine8K_HLODLayer_Merged/Alpine8K_HLODLayer_Instanced_L0_X14_Y-5
    [ 19.3 min] 71/93  approve=71 reject=0  vram=6762 peak=6762  Alpine8K_HLODLayer_Merged/Alpine8K_HLODLayer_Instanced_L0_X14_Y-5
    [ 19.6 min] 71/93  approve=71 reject=0  vram=6762 peak=6762  Alpine8K_HLODLayer_Merged/Alpine8K_HLODLayer_Instanced_L0_X14_Y-5
    [ 20.0 min] 73/93  approve=73 reject=0  vram=6762 peak=6762  Alpine8K_HLODLayer_Merged/Alpine8K_HLODLayer_Instanced_L0_X-11_Y-4
    [ 20.3 min] 73/93  approve=73 reject=0  vram=6810 peak=6810  Alpine8K_HLODLayer_Merged/Alpine8K_HLODLayer_Instanced_L0_X-11_Y-4
    [ 20.6 min] 75/93  approve=75 reject=0  vram=6810 peak=6810  Alpine8K_HLODLayer_Merged/Alpine8K_HLODLayer_Instanced_L0_X-4_Y11
    [ 21.0 min] 75/93  approve=75 reject=0  vram=6859 peak=6859  Alpine8K_HLODLayer_Merged/Alpine8K_HLODLayer_Instanced_L0_X-4_Y11
    [ 21.3 min] 75/93  approve=75 reject=0  vram=6859 peak=6859  Alpine8K_HLODLayer_Merged/Alpine8K_HLODLayer_Instanced_L0_X-4_Y11
    [ 21.7 min] 75/93  approve=75 reject=0  vram=6859 peak=6859  Alpine8K_HLODLayer_Merged/Alpine8K_HLODLayer_Instanced_L0_X-4_Y11
    [ 22.0 min] 77/93  approve=77 reject=0  vram=7376 peak=7376  Alpine8K_HLODLayer_Merged/Alpine8K_HLODLayer_Instanced_L1_X3_Y6
    [ 22.3 min] 77/93  approve=77 reject=0  vram=7376 peak=7376  Alpine8K_HLODLayer_Merged/Alpine8K_HLODLayer_Instanced_L1_X3_Y6
    [ 22.7 min] 79/93  approve=79 reject=0  vram=7405 peak=7405  Alpine8K_HLODLayer_Merged/Alpine8K_HLODLayer_Instanced_L0_X-1_Y9
    [ 23.0 min] 81/93  approve=81 reject=0  vram=7405 peak=7405  Alpine8K_HLODLayer_Merged/Alpine8K_HLODLayer_Instanced_L0_X-11_Y12
    [ 23.3 min] 81/93  approve=81 reject=0  vram=7453 peak=7453  Alpine8K_HLODLayer_Merged/Alpine8K_HLODLayer_Instanced_L0_X-11_Y12
    [ 23.7 min] 81/93  approve=81 reject=0  vram=7453 peak=7453  Alpine8K_HLODLayer_Merged/Alpine8K_HLODLayer_Instanced_L0_X-11_Y12
    [ 24.0 min] 81/93  approve=81 reject=0  vram=7453 peak=7453  Alpine8K_HLODLayer_Merged/Alpine8K_HLODLayer_Instanced_L0_X-11_Y12
    [ 24.3 min] 81/93  approve=81 reject=0  vram=7453 peak=7453  Alpine8K_HLODLayer_Merged/Alpine8K_HLODLayer_Instanced_L0_X-11_Y12
    [ 24.7 min] 83/93  approve=83 reject=0  vram=7938 peak=7938  Alpine8K_HLODLayer_Merged/Alpine8K_HLODLayer_Instanced_L1_X4_Y-6
    [ 25.0 min] 83/93  approve=83 reject=0  vram=7938 peak=7938  Alpine8K_HLODLayer_Merged/Alpine8K_HLODLayer_Instanced_L1_X4_Y-6
    [ 25.3 min] 85/93  approve=85 reject=0  vram=8531 peak=8531  Alpine8K_HLODLayer_Merged/Alpine8K_HLODLayer_Instanced_L1_X4_Y2
    [ 25.7 min] 87/93  approve=87 reject=0  vram=8511 peak=8531  Alpine8K_HLODLayer_Merged/Alpine8K_HLODLayer_Instanced_L0_X-1_Y-14
    [ 26.0 min] 89/93  approve=89 reject=0  vram=8559 peak=8559  Alpine8K_HLODLayer_Merged/Alpine8K_HLODLayer_Instanced_L0_X-14_Y2
    [ 26.4 min] 89/93  approve=89 reject=0  vram=8607 peak=8607  Alpine8K_HLODLayer_Merged/Alpine8K_HLODLayer_Instanced_L0_X-14_Y2
    [ 26.7 min] 90/93  approve=89 reject=0  vram=8607 peak=8607  Alpine8K_HLODLayer_Instanced/Alpine8K_MainPartition_L1_X3_Y3
    [ 27.0 min] 91/93  approve=91 reject=0  vram=8656 peak=8656  Alpine8K_HLODLayer_Merged/Alpine8K_HLODLayer_Instanced_L0_X3_Y3
    [ 27.4 min] 93/93  approve=93 reject=0  vram=9140 peak=9140  Alpine8K_HLODLayer_Merged/Alpine8K_HLODLayer_Instanced_L1_X-7_Y3
    [ 27.7 min] 93/93  approve=93 reject=0  vram=9140 peak=9140  Alpine8K_HLODLayer_Merged/Alpine8K_HLODLayer_Instanced_L1_X-7_Y3
    [ 28.0 min] 93/93  approve=93 reject=0  vram=9140 peak=9140  Alpine8K_HLODLayer_Merged/Alpine8K_HLODLayer_Instanced_L1_X-7_Y3
    [ 28.4 min] 93/93  approve=93 reject=0  vram=12 peak=9140  Alpine8K_HLODLayer_Merged/Alpine8K_HLODLayer_Instanced_L1_X-7_Y3
    done rc=1 in 28.4 min | approve=93 reject=0 | STALE 0 -> 0 (-0), current=1042 | vram peak 9140 MiB | true_exit=True | written=93 torn=0 last_write_to_exit=14.966s
  attribution  building-lines 93  decisions 93  approved 93  rejected 0
    Alpine8K_HLODLayer_Instanced       approve 50     reject 0       from Alpine8K_MainPartition x50
    Alpine8K_HLODLayer_Merged          approve 43     reject 0       from Alpine8K_HLODLayer_Instanced x43
warning: in the working copy of '_verify/hlod/build_20260914b/batches.json', CRLF will be replaced by LF the next time Git touches it
warning: in the working copy of '_verify/hlod/build_20260914b/run_console.log', LF will be replaced by CRLF the next time Git touches it
warning: in the working copy of '_verify/hlod/build_20260914b/batch_12.log', LF will be replaced by CRLF the next time Git touches it
[main e725c2ca] HLOD batch 12: 0 cells de-staled, 0 -> 0 left, 28.4 min, VRAM peak 9140 MiB
 4 files changed, 4282 insertions(+), 3 deletions(-)
 create mode 100644 _verify/hlod/build_20260914b/batch_12.log

=== batch_13 (attempt 1) ===
    cells in section: 93   stale(MeshMerge(1)) now: 0
    [  0.2 min] 0/0  approve=0 reject=0  vram=224 peak=224  -
    [  0.5 min] 4/93  approve=4 reject=0  vram=1432 peak=1432  Alpine8K_HLODLayer_Merged/Alpine8K_HLODLayer_Instanced_L0_X-10_Y12
    [  0.8 min] 4/93  approve=4 reject=0  vram=2871 peak=2871  Alpine8K_HLODLayer_Merged/Alpine8K_HLODLayer_Instanced_L0_X-10_Y12
    [  1.2 min] 4/93  approve=4 reject=0  vram=2871 peak=2871  Alpine8K_HLODLayer_Merged/Alpine8K_HLODLayer_Instanced_L0_X-10_Y12
    [  1.5 min] 4/93  approve=4 reject=0  vram=2871 peak=2871  Alpine8K_HLODLayer_Merged/Alpine8K_HLODLayer_Instanced_L0_X-10_Y12
    [  1.9 min] 7/93  approve=7 reject=0  vram=2952 peak=2952  Alpine8K_HLODLayer_Merged/Alpine8K_HLODLayer_Instanced_L0_X-4_Y3
    [  2.2 min] 8/93  approve=7 reject=0  vram=2952 peak=2952  Alpine8K_HLODLayer_Instanced/Alpine8K_MainPartition_L1_X-16_Y-6
    [  2.5 min] 10/93  approve=10 reject=0  vram=3001 peak=3001  Alpine8K_HLODLayer_Merged/Alpine8K_HLODLayer_Instanced_L0_X-16_Y-6
    [  2.9 min] 10/93  approve=10 reject=0  vram=3001 peak=3001  Alpine8K_HLODLayer_Merged/Alpine8K_HLODLayer_Instanced_L0_X-16_Y-6
    [  3.2 min] 13/93  approve=13 reject=0  vram=3001 peak=3001  Alpine8K_HLODLayer_Merged/Alpine8K_HLODLayer_Instanced_L0_X-7_Y9
    [  3.5 min] 13/93  approve=13 reject=0  vram=3049 peak=3049  Alpine8K_HLODLayer_Merged/Alpine8K_HLODLayer_Instanced_L0_X-7_Y9
    [  3.9 min] 13/93  approve=13 reject=0  vram=3049 peak=3049  Alpine8K_HLODLayer_Merged/Alpine8K_HLODLayer_Instanced_L0_X-7_Y9
    [  4.2 min] 13/93  approve=13 reject=0  vram=3049 peak=3049  Alpine8K_HLODLayer_Merged/Alpine8K_HLODLayer_Instanced_L0_X-7_Y9
    [  4.5 min] 16/93  approve=16 reject=0  vram=3097 peak=3097  Alpine8K_HLODLayer_Merged/Alpine8K_HLODLayer_Instanced_L0_X2_Y10
    [  4.9 min] 19/93  approve=19 reject=0  vram=3146 peak=3146  Alpine8K_HLODLayer_Merged/Alpine8K_HLODLayer_Instanced_L0_X8_Y-7
    [  5.2 min] 21/93  approve=21 reject=0  vram=3966 peak=3966  Alpine8K_HLODLayer_Merged/Alpine8K_HLODLayer_Instanced_L1_X2_Y3
    [  5.5 min] 21/93  approve=21 reject=0  vram=3966 peak=3966  Alpine8K_HLODLayer_Merged/Alpine8K_HLODLayer_Instanced_L1_X2_Y3
    [  5.9 min] 23/93  approve=23 reject=0  vram=3946 peak=3966  Alpine8K_HLODLayer_Merged/Alpine8K_HLODLayer_Instanced_L0_X-3_Y14
    [  6.2 min] 23/93  approve=23 reject=0  vram=3994 peak=3994  Alpine8K_HLODLayer_Merged/Alpine8K_HLODLayer_Instanced_L0_X-3_Y14
    [  6.6 min] 23/93  approve=23 reject=0  vram=3994 peak=3994  Alpine8K_HLODLayer_Merged/Alpine8K_HLODLayer_Instanced_L0_X-3_Y14
    [  6.9 min] 25/93  approve=25 reject=0  vram=4042 peak=4042  Alpine8K_HLODLayer_Merged/Alpine8K_HLODLayer_Instanced_L0_X-11_Y-10
    [  7.2 min] 27/93  approve=27 reject=0  vram=4527 peak=4527  Alpine8K_HLODLayer_Merged/Alpine8K_HLODLayer_Instanced_L1_X1_Y-2
    [  7.6 min] 27/93  approve=27 reject=0  vram=4527 peak=4527  Alpine8K_HLODLayer_Merged/Alpine8K_HLODLayer_Instanced_L1_X1_Y-2
    [  7.9 min] 29/93  approve=29 reject=0  vram=4507 peak=4527  Alpine8K_HLODLayer_Merged/Alpine8K_HLODLayer_Instanced_L0_X13_Y-11
    [  8.2 min] 29/93  approve=29 reject=0  vram=4556 peak=4556  Alpine8K_HLODLayer_Merged/Alpine8K_HLODLayer_Instanced_L0_X13_Y-11
    [  8.6 min] 29/93  approve=29 reject=0  vram=4556 peak=4556  Alpine8K_HLODLayer_Merged/Alpine8K_HLODLayer_Instanced_L0_X13_Y-11
    [  8.9 min] 31/93  approve=31 reject=0  vram=4556 peak=4556  Alpine8K_HLODLayer_Merged/Alpine8K_HLODLayer_Instanced_L0_X13_Y2
    [  9.2 min] 31/93  approve=31 reject=0  vram=4604 peak=4604  Alpine8K_HLODLayer_Merged/Alpine8K_HLODLayer_Instanced_L0_X13_Y2
    [  9.6 min] 31/93  approve=31 reject=0  vram=4604 peak=4604  Alpine8K_HLODLayer_Merged/Alpine8K_HLODLayer_Instanced_L0_X13_Y2
    [  9.9 min] 31/93  approve=31 reject=0  vram=4604 peak=4604  Alpine8K_HLODLayer_Merged/Alpine8K_HLODLayer_Instanced_L0_X13_Y2
    [ 10.2 min] 33/93  approve=33 reject=0  vram=4652 peak=4652  Alpine8K_HLODLayer_Merged/Alpine8K_HLODLayer_Instanced_L0_X10_Y0
    [ 10.6 min] 33/93  approve=33 reject=0  vram=4652 peak=4652  Alpine8K_HLODLayer_Merged/Alpine8K_HLODLayer_Instanced_L0_X10_Y0
    [ 10.9 min] 35/93  approve=35 reject=0  vram=4652 peak=4652  Alpine8K_HLODLayer_Merged/Alpine8K_HLODLayer_Instanced_L0_X-2_Y14
    [ 11.3 min] 35/93  approve=35 reject=0  vram=4652 peak=4652  Alpine8K_HLODLayer_Merged/Alpine8K_HLODLayer_Instanced_L0_X-2_Y14
    [ 11.6 min] 35/93  approve=35 reject=0  vram=4701 peak=4701  Alpine8K_HLODLayer_Merged/Alpine8K_HLODLayer_Instanced_L0_X-2_Y14
    [ 11.9 min] 35/93  approve=35 reject=0  vram=4701 peak=4701  Alpine8K_HLODLayer_Merged/Alpine8K_HLODLayer_Instanced_L0_X-2_Y14
    [ 12.3 min] 37/93  approve=37 reject=0  vram=4749 peak=4749  Alpine8K_HLODLayer_Merged/Alpine8K_HLODLayer_Instanced_L0_X4_Y3
    [ 12.6 min] 39/93  approve=39 reject=0  vram=5234 peak=5234  Alpine8K_HLODLayer_Merged/Alpine8K_HLODLayer_Instanced_L1_X-5_Y-7
    [ 12.9 min] 39/93  approve=39 reject=0  vram=5234 peak=5234  Alpine8K_HLODLayer_Merged/Alpine8K_HLODLayer_Instanced_L1_X-5_Y-7
    [ 13.3 min] 41/93  approve=41 reject=0  vram=5214 peak=5234  Alpine8K_HLODLayer_Merged/Alpine8K_HLODLayer_Instanced_L0_X14_Y2
    [ 13.6 min] 41/93  approve=41 reject=0  vram=5214 peak=5234  Alpine8K_HLODLayer_Merged/Alpine8K_HLODLayer_Instanced_L0_X14_Y2
    [ 13.9 min] 41/93  approve=41 reject=0  vram=5262 peak=5262  Alpine8K_HLODLayer_Merged/Alpine8K_HLODLayer_Instanced_L0_X14_Y2
    [ 14.3 min] 41/93  approve=41 reject=0  vram=5262 peak=5262  Alpine8K_HLODLayer_Merged/Alpine8K_HLODLayer_Instanced_L0_X14_Y2
    [ 14.6 min] 42/93  approve=42 reject=0  vram=6102 peak=6102  Alpine8K_HLODLayer_Instanced/Alpine8K_MainPartition_L2_X1_Y-3
    [ 14.9 min] 43/93  approve=43 reject=0  vram=5747 peak=6102  Alpine8K_HLODLayer_Merged/Alpine8K_HLODLayer_Instanced_L1_X1_Y-3
    [ 15.3 min] 45/93  approve=45 reject=0  vram=6212 peak=6212  Alpine8K_HLODLayer_Merged/Alpine8K_HLODLayer_Instanced_L1_X6_Y-1
    [ 15.6 min] 45/93  approve=45 reject=0  vram=6212 peak=6212  Alpine8K_HLODLayer_Merged/Alpine8K_HLODLayer_Instanced_L1_X6_Y-1
    [ 15.9 min] 47/93  approve=47 reject=0  vram=6240 peak=6240  Alpine8K_HLODLayer_Merged/Alpine8K_HLODLayer_Instanced_L0_X-6_Y-1
    [ 16.3 min] 49/93  approve=49 reject=0  vram=6240 peak=6240  Alpine8K_HLODLayer_Merged/Alpine8K_HLODLayer_Instanced_L0_X5_Y0
    [ 16.6 min] 49/93  approve=49 reject=0  vram=6289 peak=6289  Alpine8K_HLODLayer_Merged/Alpine8K_HLODLayer_Instanced_L0_X5_Y0
    [ 17.0 min] 51/93  approve=51 reject=0  vram=6289 peak=6289  Alpine8K_HLODLayer_Merged/Alpine8K_HLODLayer_Instanced_L0_X-16_Y-4
    [ 17.3 min] 51/93  approve=51 reject=0  vram=6289 peak=6289  Alpine8K_HLODLayer_Merged/Alpine8K_HLODLayer_Instanced_L0_X-16_Y-4
    [ 17.6 min] 51/93  approve=51 reject=0  vram=6337 peak=6337  Alpine8K_HLODLayer_Merged/Alpine8K_HLODLayer_Instanced_L0_X-16_Y-4
    [ 18.0 min] 51/93  approve=51 reject=0  vram=6337 peak=6337  Alpine8K_HLODLayer_Merged/Alpine8K_HLODLayer_Instanced_L0_X-16_Y-4
    [ 18.3 min] 53/93  approve=53 reject=0  vram=6337 peak=6337  Alpine8K_HLODLayer_Merged/Alpine8K_HLODLayer_Instanced_L0_X-7_Y8
    [ 18.7 min] 53/93  approve=53 reject=0  vram=6337 peak=6337  Alpine8K_HLODLayer_Merged/Alpine8K_HLODLayer_Instanced_L0_X-7_Y8
    [ 19.0 min] 53/93  approve=53 reject=0  vram=6385 peak=6385  Alpine8K_HLODLayer_Merged/Alpine8K_HLODLayer_Instanced_L0_X-7_Y8
    [ 19.3 min] 53/93  approve=53 reject=0  vram=6385 peak=6385  Alpine8K_HLODLayer_Merged/Alpine8K_HLODLayer_Instanced_L0_X-7_Y8
    [ 19.7 min] 53/93  approve=53 reject=0  vram=6385 peak=6385  Alpine8K_HLODLayer_Merged/Alpine8K_HLODLayer_Instanced_L0_X-7_Y8
    [ 20.0 min] 55/93  approve=55 reject=0  vram=6385 peak=6385  Alpine8K_HLODLayer_Merged/Alpine8K_HLODLayer_Instanced_L0_X-14_Y-4
    [ 20.3 min] 55/93  approve=55 reject=0  vram=6434 peak=6434  Alpine8K_HLODLayer_Merged/Alpine8K_HLODLayer_Instanced_L0_X-14_Y-4
    [ 20.7 min] 55/93  approve=55 reject=0  vram=6434 peak=6434  Alpine8K_HLODLayer_Merged/Alpine8K_HLODLayer_Instanced_L0_X-14_Y-4
    [ 21.0 min] 55/93  approve=55 reject=0  vram=6434 peak=6434  Alpine8K_HLODLayer_Merged/Alpine8K_HLODLayer_Instanced_L0_X-14_Y-4
    [ 21.3 min] 57/93  approve=57 reject=0  vram=6482 peak=6482  Alpine8K_HLODLayer_Merged/Alpine8K_HLODLayer_Instanced_L0_X3_Y-15
    [ 21.7 min] 59/93  approve=59 reject=0  vram=6968 peak=6968  Alpine8K_HLODLayer_Merged/Alpine8K_HLODLayer_Instanced_L1_X4_Y5
    [ 22.0 min] 59/93  approve=59 reject=0  vram=6968 peak=6968  Alpine8K_HLODLayer_Merged/Alpine8K_HLODLayer_Instanced_L1_X4_Y5
    [ 22.3 min] 60/93  approve=59 reject=0  vram=6980 peak=6980  Alpine8K_HLODLayer_Instanced/Alpine8K_MainPartition_L2_X4_Y4
    [ 22.7 min] 61/93  approve=61 reject=0  vram=7496 peak=7496  Alpine8K_HLODLayer_Merged/Alpine8K_HLODLayer_Instanced_L1_X4_Y4
    [ 23.0 min] 61/93  approve=61 reject=0  vram=7496 peak=7496  Alpine8K_HLODLayer_Merged/Alpine8K_HLODLayer_Instanced_L1_X4_Y4
    [ 23.3 min] 63/93  approve=63 reject=0  vram=7961 peak=7961  Alpine8K_HLODLayer_Merged/Alpine8K_HLODLayer_Instanced_L1_X6_Y-2
    [ 23.7 min] 63/93  approve=63 reject=0  vram=7961 peak=7961  Alpine8K_HLODLayer_Merged/Alpine8K_HLODLayer_Instanced_L1_X6_Y-2
    [ 24.0 min] 65/93  approve=65 reject=0  vram=8330 peak=8330  Alpine8K_HLODLayer_Merged/Alpine8K_HLODLayer_Instanced_L1_X-8_Y-6
    [ 24.4 min] 65/93  approve=65 reject=0  vram=8330 peak=8330  Alpine8K_HLODLayer_Merged/Alpine8K_HLODLayer_Instanced_L1_X-8_Y-6
    [ 24.7 min] 67/93  approve=67 reject=0  vram=8310 peak=8330  Alpine8K_HLODLayer_Merged/Alpine8K_HLODLayer_Instanced_L0_X-7_Y6
    [ 25.0 min] 67/93  approve=67 reject=0  vram=8359 peak=8359  Alpine8K_HLODLayer_Merged/Alpine8K_HLODLayer_Instanced_L0_X-7_Y6
    [ 25.4 min] 67/93  approve=67 reject=0  vram=8359 peak=8359  Alpine8K_HLODLayer_Merged/Alpine8K_HLODLayer_Instanced_L0_X-7_Y6
    [ 25.7 min] 69/93  approve=69 reject=0  vram=8359 peak=8359  Alpine8K_HLODLayer_Merged/Alpine8K_HLODLayer_Instanced_L0_X-13_Y-5
    [ 26.0 min] 69/93  approve=69 reject=0  vram=8408 peak=8408  Alpine8K_HLODLayer_Merged/Alpine8K_HLODLayer_Instanced_L0_X-13_Y-5
    [ 26.4 min] 69/93  approve=69 reject=0  vram=8408 peak=8408  Alpine8K_HLODLayer_Merged/Alpine8K_HLODLayer_Instanced_L0_X-13_Y-5
    [ 26.7 min] 71/93  approve=71 reject=0  vram=8456 peak=8456  Alpine8K_HLODLayer_Merged/Alpine8K_HLODLayer_Instanced_L0_X15_Y12
    [ 27.0 min] 73/93  approve=73 reject=0  vram=8973 peak=8973  Alpine8K_HLODLayer_Merged/Alpine8K_HLODLayer_Instanced_L1_X6_Y0
    [ 27.4 min] 73/93  approve=73 reject=0  vram=8973 peak=8973  Alpine8K_HLODLayer_Merged/Alpine8K_HLODLayer_Instanced_L1_X6_Y0
    [ 27.7 min] 73/93  approve=73 reject=0  vram=8973 peak=8973  Alpine8K_HLODLayer_Merged/Alpine8K_HLODLayer_Instanced_L1_X6_Y0
    [ 28.0 min] 75/93  approve=75 reject=0  vram=9437 peak=9437  Alpine8K_HLODLayer_Merged/Alpine8K_HLODLayer_Instanced_L1_X5_Y-7
    [ 28.4 min] 75/93  approve=75 reject=0  vram=9437 peak=9437  Alpine8K_HLODLayer_Merged/Alpine8K_HLODLayer_Instanced_L1_X5_Y-7
    [ 28.7 min] 77/93  approve=77 reject=0  vram=9466 peak=9466  Alpine8K_HLODLayer_Merged/Alpine8K_HLODLayer_Instanced_L0_X-13_Y-12
    [ 29.1 min] 79/93  approve=79 reject=0  vram=9466 peak=9466  Alpine8K_HLODLayer_Merged/Alpine8K_HLODLayer_Instanced_L0_X-5_Y5
    [ 29.4 min] 79/93  approve=79 reject=0  vram=9514 peak=9514  Alpine8K_HLODLayer_Merged/Alpine8K_HLODLayer_Instanced_L0_X-5_Y5
    [ 29.7 min] 81/93  approve=81 reject=0  vram=10031 peak=10031  Alpine8K_HLODLayer_Merged/Alpine8K_HLODLayer_Instanced_L1_X0_Y-2
    [ 30.1 min] 81/93  approve=81 reject=0  vram=10031 peak=10031  Alpine8K_HLODLayer_Merged/Alpine8K_HLODLayer_Instanced_L1_X0_Y-2
    [ 30.4 min] 81/93  approve=81 reject=0  vram=10031 peak=10031  Alpine8K_HLODLayer_Merged/Alpine8K_HLODLayer_Instanced_L1_X0_Y-2
    [ 30.8 min] 83/93  approve=83 reject=0  vram=10011 peak=10031  Alpine8K_HLODLayer_Merged/Alpine8K_HLODLayer_Instanced_L0_X13_Y-9
    [ 31.1 min] 83/93  approve=83 reject=0  vram=10059 peak=10059  Alpine8K_HLODLayer_Merged/Alpine8K_HLODLayer_Instanced_L0_X13_Y-9
    [ 31.4 min] 83/93  approve=83 reject=0  vram=10059 peak=10059  Alpine8K_HLODLayer_Merged/Alpine8K_HLODLayer_Instanced_L0_X13_Y-9
    [ 31.8 min] 83/93  approve=83 reject=0  vram=10059 peak=10059  Alpine8K_HLODLayer_Merged/Alpine8K_HLODLayer_Instanced_L0_X13_Y-9
    [ 32.1 min] 85/93  approve=85 reject=0  vram=10108 peak=10108  Alpine8K_HLODLayer_Merged/Alpine8K_HLODLayer_Instanced_L0_X6_Y-11
    [ 32.4 min] 87/93  approve=87 reject=0  vram=10108 peak=10108  Alpine8K_HLODLayer_Merged/Alpine8K_HLODLayer_Instanced_L0_X-11_Y-6
    [ 32.8 min] 87/93  approve=87 reject=0  vram=10156 peak=10156  Alpine8K_HLODLayer_Merged/Alpine8K_HLODLayer_Instanced_L0_X-11_Y-6
    [ 33.1 min] 89/93  approve=89 reject=0  vram=10801 peak=10801  Alpine8K_HLODLayer_Merged/Alpine8K_HLODLayer_Instanced_L1_X1_Y3
    [ 33.4 min] 89/93  approve=89 reject=0  vram=10801 peak=10801  Alpine8K_HLODLayer_Merged/Alpine8K_HLODLayer_Instanced_L1_X1_Y3
    [ 33.8 min] 91/93  approve=91 reject=0  vram=11265 peak=11265  Alpine8K_HLODLayer_Merged/Alpine8K_HLODLayer_Instanced_L1_X-5_Y0
    [ 34.1 min] 91/93  approve=91 reject=0  vram=11265 peak=11265  Alpine8K_HLODLayer_Merged/Alpine8K_HLODLayer_Instanced_L1_X-5_Y0
    [ 34.4 min] 93/93  approve=93 reject=0  vram=11245 peak=11265  Alpine8K_HLODLayer_Merged/Alpine8K_HLODLayer_Instanced_L0_X-12_Y11
    [ 34.8 min] 93/93  approve=93 reject=0  vram=11294 peak=11294  Alpine8K_HLODLayer_Merged/Alpine8K_HLODLayer_Instanced_L0_X-12_Y11
    [ 35.1 min] 93/93  approve=93 reject=0  vram=12 peak=11294  Alpine8K_HLODLayer_Merged/Alpine8K_HLODLayer_Instanced_L0_X-12_Y11
    done rc=1 in 35.1 min | approve=93 reject=0 | STALE 0 -> 0 (-0), current=1042 | vram peak 11294 MiB | true_exit=True | written=93 torn=0 last_write_to_exit=16.721s
  attribution  building-lines 93  decisions 93  approved 93  rejected 0
    Alpine8K_HLODLayer_Instanced       approve 50     reject 0       from Alpine8K_MainPartition x50
    Alpine8K_HLODLayer_Merged          approve 43     reject 0       from Alpine8K_HLODLayer_Instanced x43
warning: in the working copy of '_verify/hlod/build_20260914b/batches.json', CRLF will be replaced by LF the next time Git touches it
warning: in the working copy of '_verify/hlod/build_20260914b/run_console.log', LF will be replaced by CRLF the next time Git touches it
warning: in the working copy of '_verify/hlod/build_20260914b/batch_13.log', LF will be replaced by CRLF the next time Git touches it
[main 5f308586] HLOD batch 13: 0 cells de-staled, 0 -> 0 left, 35.1 min, VRAM peak 11294 MiB
 4 files changed, 4932 insertions(+), 3 deletions(-)
 create mode 100644 _verify/hlod/build_20260914b/batch_13.log

=== batch_14 (attempt 1) ===
    cells in section: 92   stale(MeshMerge(1)) now: 0
    [  0.2 min] 0/0  approve=0 reject=0  vram=224 peak=224  -
    [  0.5 min] 3/92  approve=3 reject=0  vram=2936 peak=2936  Alpine8K_HLODLayer_Merged/Alpine8K_HLODLayer_Instanced_L0_X-7_Y-1
    [  0.8 min] 6/92  approve=6 reject=0  vram=2968 peak=2968  Alpine8K_HLODLayer_Merged/Alpine8K_HLODLayer_Instanced_L0_X10_Y-1
    [  1.2 min] 6/92  approve=6 reject=0  vram=3017 peak=3017  Alpine8K_HLODLayer_Merged/Alpine8K_HLODLayer_Instanced_L0_X10_Y-1
    [  1.5 min] 9/92  approve=9 reject=0  vram=3065 peak=3065  Alpine8K_HLODLayer_Merged/Alpine8K_HLODLayer_Instanced_L0_X-6_Y4
    [  1.8 min] 12/92  approve=12 reject=0  vram=3065 peak=3065  Alpine8K_HLODLayer_Merged/Alpine8K_HLODLayer_Instanced_L0_X8_Y-10
    [  2.2 min] 12/92  approve=12 reject=0  vram=3113 peak=3113  Alpine8K_HLODLayer_Merged/Alpine8K_HLODLayer_Instanced_L0_X8_Y-10
    [  2.5 min] 15/92  approve=15 reject=0  vram=3113 peak=3113  Alpine8K_HLODLayer_Merged/Alpine8K_HLODLayer_Instanced_L0_X-12_Y-6
    [  2.9 min] 15/92  approve=15 reject=0  vram=3162 peak=3162  Alpine8K_HLODLayer_Merged/Alpine8K_HLODLayer_Instanced_L0_X-12_Y-6
    [  3.2 min] 18/92  approve=18 reject=0  vram=3162 peak=3162  Alpine8K_HLODLayer_Merged/Alpine8K_HLODLayer_Instanced_L0_X-16_Y-5
    [  3.5 min] 18/92  approve=18 reject=0  vram=3210 peak=3210  Alpine8K_HLODLayer_Merged/Alpine8K_HLODLayer_Instanced_L0_X-16_Y-5
    [  3.9 min] 18/92  approve=18 reject=0  vram=3210 peak=3210  Alpine8K_HLODLayer_Merged/Alpine8K_HLODLayer_Instanced_L0_X-16_Y-5
    [  4.2 min] 20/92  approve=20 reject=0  vram=3258 peak=3258  Alpine8K_HLODLayer_Merged/Alpine8K_HLODLayer_Instanced_L0_X-7_Y1
    [  4.5 min] 22/92  approve=22 reject=0  vram=3258 peak=3258  Alpine8K_HLODLayer_Merged/Alpine8K_HLODLayer_Instanced_L0_X11_Y-14
    [  4.9 min] 22/92  approve=22 reject=0  vram=3307 peak=3307  Alpine8K_HLODLayer_Merged/Alpine8K_HLODLayer_Instanced_L0_X11_Y-14
    [  5.2 min] 22/92  approve=22 reject=0  vram=3307 peak=3307  Alpine8K_HLODLayer_Merged/Alpine8K_HLODLayer_Instanced_L0_X11_Y-14
    [  5.6 min] 24/92  approve=24 reject=0  vram=3307 peak=3307  Alpine8K_HLODLayer_Merged/Alpine8K_HLODLayer_Instanced_L0_X14_Y0
    [  6.0 min] 24/92  approve=24 reject=0  vram=3355 peak=3355  Alpine8K_HLODLayer_Merged/Alpine8K_HLODLayer_Instanced_L0_X14_Y0
    [  6.3 min] 24/92  approve=24 reject=0  vram=3355 peak=3355  Alpine8K_HLODLayer_Merged/Alpine8K_HLODLayer_Instanced_L0_X14_Y0
    [  6.6 min] 24/92  approve=24 reject=0  vram=3355 peak=3355  Alpine8K_HLODLayer_Merged/Alpine8K_HLODLayer_Instanced_L0_X14_Y0
    [  7.0 min] 26/92  approve=26 reject=0  vram=3435 peak=3435  Alpine8K_HLODLayer_Merged/Alpine8K_HLODLayer_Instanced_L0_X6_Y13
    [  7.3 min] 28/92  approve=28 reject=0  vram=3484 peak=3484  Alpine8K_HLODLayer_Merged/Alpine8K_HLODLayer_Instanced_L0_X-2_Y12
    [  7.6 min] 28/92  approve=28 reject=0  vram=3484 peak=3484  Alpine8K_HLODLayer_Merged/Alpine8K_HLODLayer_Instanced_L0_X-2_Y12
    [  8.0 min] 28/92  approve=28 reject=0  vram=3484 peak=3484  Alpine8K_HLODLayer_Merged/Alpine8K_HLODLayer_Instanced_L0_X-2_Y12
    [  8.3 min] 30/92  approve=30 reject=0  vram=3484 peak=3484  Alpine8K_HLODLayer_Merged/Alpine8K_HLODLayer_Instanced_L0_X-1_Y8
    [  8.6 min] 30/92  approve=30 reject=0  vram=3532 peak=3532  Alpine8K_HLODLayer_Merged/Alpine8K_HLODLayer_Instanced_L0_X-1_Y8
    [  9.0 min] 32/92  approve=32 reject=0  vram=3580 peak=3580  Alpine8K_HLODLayer_Merged/Alpine8K_HLODLayer_Instanced_L0_X-9_Y-7
    [  9.3 min] 34/92  approve=34 reject=0  vram=3580 peak=3580  Alpine8K_HLODLayer_Merged/Alpine8K_HLODLayer_Instanced_L0_X1_Y15
    [  9.7 min] 34/92  approve=34 reject=0  vram=3629 peak=3629  Alpine8K_HLODLayer_Merged/Alpine8K_HLODLayer_Instanced_L0_X1_Y15
    [ 10.0 min] 36/92  approve=36 reject=0  vram=3677 peak=3677  Alpine8K_HLODLayer_Merged/Alpine8K_HLODLayer_Instanced_L0_X13_Y3
    [ 10.3 min] 37/92  approve=36 reject=0  vram=3677 peak=3677  Alpine8K_HLODLayer_Instanced/Alpine8K_MainPartition_L2_X-8_Y4
    [ 10.7 min] 38/92  approve=38 reject=0  vram=4304 peak=4304  Alpine8K_HLODLayer_Merged/Alpine8K_HLODLayer_Instanced_L1_X-8_Y4
    [ 11.0 min] 38/92  approve=38 reject=0  vram=4304 peak=4304  Alpine8K_HLODLayer_Merged/Alpine8K_HLODLayer_Instanced_L1_X-8_Y4
    [ 11.3 min] 40/92  approve=40 reject=0  vram=4364 peak=4364  Alpine8K_HLODLayer_Merged/Alpine8K_HLODLayer_Instanced_L0_X1_Y0
    [ 11.7 min] 44/92  approve=44 reject=0  vram=4461 peak=4461  Alpine8K_HLODLayer_Merged/Alpine8K_HLODLayer_Instanced_L0_X15_Y5
    [ 12.0 min] 46/92  approve=46 reject=0  vram=4509 peak=4509  Alpine8K_HLODLayer_Merged/Alpine8K_HLODLayer_Instanced_L0_X3_Y-14
    [ 12.3 min] 47/92  approve=46 reject=0  vram=4509 peak=4509  Alpine8K_HLODLayer_Instanced/Alpine8K_MainPartition_L2_X1_Y-4
    [ 12.7 min] 48/92  approve=48 reject=0  vram=5058 peak=5058  Alpine8K_HLODLayer_Merged/Alpine8K_HLODLayer_Instanced_L1_X1_Y-4
    [ 13.0 min] 49/92  approve=48 reject=0  vram=5038 peak=5058  Alpine8K_HLODLayer_Instanced/Alpine8K_MainPartition_L1_X-14_Y-10
    [ 13.3 min] 50/92  approve=50 reject=0  vram=5087 peak=5087  Alpine8K_HLODLayer_Merged/Alpine8K_HLODLayer_Instanced_L0_X-14_Y-10
    [ 13.7 min] 52/92  approve=52 reject=0  vram=5571 peak=5895  Alpine8K_HLODLayer_Merged/Alpine8K_HLODLayer_Instanced_L1_X7_Y-1
    [ 14.0 min] 52/92  approve=52 reject=0  vram=5571 peak=5895  Alpine8K_HLODLayer_Merged/Alpine8K_HLODLayer_Instanced_L1_X7_Y-1
    [ 14.3 min] 54/92  approve=54 reject=0  vram=5551 peak=5895  Alpine8K_HLODLayer_Merged/Alpine8K_HLODLayer_Instanced_L0_X-14_Y-8
    [ 14.7 min] 54/92  approve=54 reject=0  vram=5600 peak=5895  Alpine8K_HLODLayer_Merged/Alpine8K_HLODLayer_Instanced_L0_X-14_Y-8
    [ 15.0 min] 56/92  approve=56 reject=0  vram=6187 peak=6187  Alpine8K_HLODLayer_Merged/Alpine8K_HLODLayer_Instanced_L1_X-2_Y-2
    [ 15.4 min] 56/92  approve=56 reject=0  vram=6187 peak=6187  Alpine8K_HLODLayer_Merged/Alpine8K_HLODLayer_Instanced_L1_X-2_Y-2
    [ 15.7 min] 58/92  approve=58 reject=0  vram=6652 peak=6652  Alpine8K_HLODLayer_Merged/Alpine8K_HLODLayer_Instanced_L1_X-1_Y4
    [ 16.0 min] 58/92  approve=58 reject=0  vram=6652 peak=6652  Alpine8K_HLODLayer_Merged/Alpine8K_HLODLayer_Instanced_L1_X-1_Y4
    [ 16.4 min] 60/92  approve=60 reject=0  vram=6632 peak=6652  Alpine8K_HLODLayer_Merged/Alpine8K_HLODLayer_Instanced_L0_X15_Y-1
    [ 16.7 min] 60/92  approve=60 reject=0  vram=6681 peak=6681  Alpine8K_HLODLayer_Merged/Alpine8K_HLODLayer_Instanced_L0_X15_Y-1
    [ 17.0 min] 60/92  approve=60 reject=0  vram=6681 peak=6681  Alpine8K_HLODLayer_Merged/Alpine8K_HLODLayer_Instanced_L0_X15_Y-1
    [ 17.4 min] 62/92  approve=62 reject=0  vram=6649 peak=6681  Alpine8K_HLODLayer_Merged/Alpine8K_HLODLayer_Instanced_L0_X-2_Y3
    [ 17.7 min] 63/92  approve=62 reject=0  vram=6697 peak=6697  Alpine8K_HLODLayer_Instanced/Alpine8K_MainPartition_L1_X2_Y13
    [ 18.1 min] 64/92  approve=64 reject=0  vram=6745 peak=6745  Alpine8K_HLODLayer_Merged/Alpine8K_HLODLayer_Instanced_L0_X2_Y13
    [ 18.4 min] 66/92  approve=66 reject=0  vram=6745 peak=6745  Alpine8K_HLODLayer_Merged/Alpine8K_HLODLayer_Instanced_L0_X-12_Y7
    [ 18.7 min] 66/92  approve=66 reject=0  vram=6793 peak=6793  Alpine8K_HLODLayer_Merged/Alpine8K_HLODLayer_Instanced_L0_X-12_Y7
    [ 19.1 min] 68/92  approve=68 reject=0  vram=6825 peak=6825  Alpine8K_HLODLayer_Merged/Alpine8K_HLODLayer_Instanced_L0_X9_Y0
    [ 19.4 min] 68/92  approve=68 reject=0  vram=6874 peak=6874  Alpine8K_HLODLayer_Merged/Alpine8K_HLODLayer_Instanced_L0_X9_Y0
    [ 19.7 min] 68/92  approve=68 reject=0  vram=6874 peak=6874  Alpine8K_HLODLayer_Merged/Alpine8K_HLODLayer_Instanced_L0_X9_Y0
    [ 20.1 min] 70/92  approve=70 reject=0  vram=6874 peak=6874  Alpine8K_HLODLayer_Merged/Alpine8K_HLODLayer_Instanced_L0_X9_Y-3
    [ 20.4 min] 70/92  approve=70 reject=0  vram=6922 peak=6922  Alpine8K_HLODLayer_Merged/Alpine8K_HLODLayer_Instanced_L0_X9_Y-3
    [ 20.7 min] 72/92  approve=72 reject=0  vram=6922 peak=6922  Alpine8K_HLODLayer_Merged/Alpine8K_HLODLayer_Instanced_L0_X8_Y-13
    [ 21.1 min] 72/92  approve=72 reject=0  vram=6970 peak=6970  Alpine8K_HLODLayer_Merged/Alpine8K_HLODLayer_Instanced_L0_X8_Y-13
    [ 21.4 min] 73/92  approve=72 reject=0  vram=6970 peak=6970  Alpine8K_HLODLayer_Instanced/Alpine8K_MainPartition_L1_X-8_Y-3
    [ 21.7 min] 74/92  approve=74 reject=0  vram=7019 peak=7019  Alpine8K_HLODLayer_Merged/Alpine8K_HLODLayer_Instanced_L0_X-8_Y-3
    [ 22.1 min] 76/92  approve=76 reject=0  vram=7535 peak=7535  Alpine8K_HLODLayer_Merged/Alpine8K_HLODLayer_Instanced_L1_X-1_Y0
    [ 22.4 min] 76/92  approve=76 reject=0  vram=7535 peak=7535  Alpine8K_HLODLayer_Merged/Alpine8K_HLODLayer_Instanced_L1_X-1_Y0
    [ 22.8 min] 78/92  approve=78 reject=0  vram=7387 peak=7535  Alpine8K_HLODLayer_Merged/Alpine8K_HLODLayer_Instanced_L0_X10_Y-10
    [ 23.1 min] 78/92  approve=78 reject=0  vram=7436 peak=7535  Alpine8K_HLODLayer_Merged/Alpine8K_HLODLayer_Instanced_L0_X10_Y-10
    [ 23.4 min] 80/92  approve=80 reject=0  vram=7436 peak=7535  Alpine8K_HLODLayer_Merged/Alpine8K_HLODLayer_Instanced_L0_X-6_Y-16
    [ 23.8 min] 80/92  approve=80 reject=0  vram=7484 peak=7535  Alpine8K_HLODLayer_Merged/Alpine8K_HLODLayer_Instanced_L0_X-6_Y-16
    [ 24.1 min] 82/92  approve=82 reject=0  vram=7484 peak=7535  Alpine8K_HLODLayer_Merged/Alpine8K_HLODLayer_Instanced_L0_X14_Y-4
    [ 24.5 min] 82/92  approve=82 reject=0  vram=7484 peak=7535  Alpine8K_HLODLayer_Merged/Alpine8K_HLODLayer_Instanced_L0_X14_Y-4
    [ 24.8 min] 82/92  approve=82 reject=0  vram=7532 peak=7535  Alpine8K_HLODLayer_Merged/Alpine8K_HLODLayer_Instanced_L0_X14_Y-4
    [ 25.1 min] 82/92  approve=82 reject=0  vram=7533 peak=7535  Alpine8K_HLODLayer_Merged/Alpine8K_HLODLayer_Instanced_L0_X14_Y-4
    [ 25.5 min] 84/92  approve=84 reject=0  vram=7533 peak=7535  Alpine8K_HLODLayer_Merged/Alpine8K_HLODLayer_Instanced_L0_X-15_Y11
    [ 25.8 min] 84/92  approve=84 reject=0  vram=7565 peak=7565  Alpine8K_HLODLayer_Merged/Alpine8K_HLODLayer_Instanced_L0_X-15_Y11
    [ 26.1 min] 84/92  approve=84 reject=0  vram=7581 peak=7581  Alpine8K_HLODLayer_Merged/Alpine8K_HLODLayer_Instanced_L0_X-15_Y11
    [ 26.5 min] 84/92  approve=84 reject=0  vram=7581 peak=7581  Alpine8K_HLODLayer_Merged/Alpine8K_HLODLayer_Instanced_L0_X-15_Y11
    [ 26.8 min] 86/92  approve=86 reject=0  vram=7629 peak=7629  Alpine8K_HLODLayer_Merged/Alpine8K_HLODLayer_Instanced_L0_X10_Y-5
    [ 27.1 min] 88/92  approve=88 reject=0  vram=7678 peak=7678  Alpine8K_HLODLayer_Merged/Alpine8K_HLODLayer_Instanced_L0_X-8_Y-7
    [ 27.5 min] 90/92  approve=90 reject=0  vram=7726 peak=7726  Alpine8K_HLODLayer_Merged/Alpine8K_HLODLayer_Instanced_L0_X15_Y4
    [ 27.8 min] 92/92  approve=92 reject=0  vram=8211 peak=8211  Alpine8K_HLODLayer_Merged/Alpine8K_HLODLayer_Instanced_L1_X7_Y-7
    [ 28.1 min] 92/92  approve=92 reject=0  vram=8211 peak=8211  Alpine8K_HLODLayer_Merged/Alpine8K_HLODLayer_Instanced_L1_X7_Y-7
    [ 28.5 min] 92/92  approve=92 reject=0  vram=8211 peak=8211  Alpine8K_HLODLayer_Merged/Alpine8K_HLODLayer_Instanced_L1_X7_Y-7
    done rc=1 in 28.6 min | approve=92 reject=0 | STALE 0 -> 0 (-0), current=1042 | vram peak 8211 MiB | true_exit=True | written=92 torn=0 last_write_to_exit=9.361s
  attribution  building-lines 92  decisions 92  approved 92  rejected 0
    Alpine8K_HLODLayer_Instanced       approve 49     reject 0       from Alpine8K_MainPartition x49
    Alpine8K_HLODLayer_Merged          approve 43     reject 0       from Alpine8K_HLODLayer_Instanced x43
warning: in the working copy of '_verify/hlod/build_20260914b/batches.json', CRLF will be replaced by LF the next time Git touches it
warning: in the working copy of '_verify/hlod/build_20260914b/run_console.log', LF will be replaced by CRLF the next time Git touches it
warning: in the working copy of '_verify/hlod/build_20260914b/batch_14.log', LF will be replaced by CRLF the next time Git touches it
[main aed43416] HLOD batch 14: 0 cells de-staled, 0 -> 0 left, 28.6 min, VRAM peak 8211 MiB
 4 files changed, 4383 insertions(+), 4 deletions(-)
 create mode 100644 _verify/hlod/build_20260914b/batch_14.log

=== batch_15 (attempt 1) ===
    cells in section: 92   stale(MeshMerge(1)) now: 0
    [  0.2 min] 0/0  approve=0 reject=0  vram=224 peak=224  -
    [  0.5 min] 3/92  approve=3 reject=0  vram=1432 peak=1432  Alpine8K_HLODLayer_Merged/Alpine8K_HLODLayer_Instanced_L0_X8_Y-2
    [  0.8 min] 3/92  approve=3 reject=0  vram=2871 peak=2871  Alpine8K_HLODLayer_Merged/Alpine8K_HLODLayer_Instanced_L0_X8_Y-2
    [  1.2 min] 6/92  approve=6 reject=0  vram=2952 peak=2952  Alpine8K_HLODLayer_Merged/Alpine8K_HLODLayer_Instanced_L0_X2_Y-16
    [  1.5 min] 9/92  approve=9 reject=0  vram=3001 peak=3001  Alpine8K_HLODLayer_Merged/Alpine8K_HLODLayer_Instanced_L0_X6_Y15
    [  1.9 min] 12/92  approve=12 reject=0  vram=3001 peak=3001  Alpine8K_HLODLayer_Merged/Alpine8K_HLODLayer_Instanced_L0_X-4_Y9
    [  2.2 min] 12/92  approve=12 reject=0  vram=3049 peak=3049  Alpine8K_HLODLayer_Merged/Alpine8K_HLODLayer_Instanced_L0_X-4_Y9
    [  2.5 min] 15/92  approve=15 reject=0  vram=3049 peak=3049  Alpine8K_HLODLayer_Merged/Alpine8K_HLODLayer_Instanced_L0_X8_Y-16
    [  2.9 min] 15/92  approve=15 reject=0  vram=3097 peak=3097  Alpine8K_HLODLayer_Merged/Alpine8K_HLODLayer_Instanced_L0_X8_Y-16
    [  3.2 min] 18/92  approve=18 reject=0  vram=3146 peak=3146  Alpine8K_HLODLayer_Merged/Alpine8K_HLODLayer_Instanced_L0_X-13_Y-8
    [  3.5 min] 20/92  approve=20 reject=0  vram=3146 peak=3146  Alpine8K_HLODLayer_Merged/Alpine8K_HLODLayer_Instanced_L0_X15_Y-4
    [  3.9 min] 20/92  approve=20 reject=0  vram=3146 peak=3146  Alpine8K_HLODLayer_Merged/Alpine8K_HLODLayer_Instanced_L0_X15_Y-4
    [  4.2 min] 20/92  approve=20 reject=0  vram=3194 peak=3194  Alpine8K_HLODLayer_Merged/Alpine8K_HLODLayer_Instanced_L0_X15_Y-4
    [  4.5 min] 20/92  approve=20 reject=0  vram=3194 peak=3194  Alpine8K_HLODLayer_Merged/Alpine8K_HLODLayer_Instanced_L0_X15_Y-4
    [  4.9 min] 22/92  approve=22 reject=0  vram=3242 peak=3242  Alpine8K_HLODLayer_Merged/Alpine8K_HLODLayer_Instanced_L0_X10_Y-16
    [  5.2 min] 22/92  approve=22 reject=0  vram=3242 peak=3242  Alpine8K_HLODLayer_Merged/Alpine8K_HLODLayer_Instanced_L0_X10_Y-16
    [  5.6 min] 24/92  approve=24 reject=0  vram=3242 peak=3242  Alpine8K_HLODLayer_Merged/Alpine8K_HLODLayer_Instanced_L0_X-14_Y9
    [  5.9 min] 24/92  approve=24 reject=0  vram=3291 peak=3291  Alpine8K_HLODLayer_Merged/Alpine8K_HLODLayer_Instanced_L0_X-14_Y9
    [  6.2 min] 24/92  approve=24 reject=0  vram=3291 peak=3291  Alpine8K_HLODLayer_Merged/Alpine8K_HLODLayer_Instanced_L0_X-14_Y9
    [  6.6 min] 27/92  approve=27 reject=0  vram=3371 peak=3371  Alpine8K_HLODLayer_Instanced/Alpine8K_MainPartition_L1_X-15_Y-6
    [  6.9 min] 28/92  approve=28 reject=0  vram=3371 peak=3371  Alpine8K_HLODLayer_Merged/Alpine8K_HLODLayer_Instanced_L0_X-15_Y-6
    [  7.2 min] 28/92  approve=28 reject=0  vram=3419 peak=3419  Alpine8K_HLODLayer_Merged/Alpine8K_HLODLayer_Instanced_L0_X-15_Y-6
    [  7.6 min] 28/92  approve=28 reject=0  vram=3419 peak=3419  Alpine8K_HLODLayer_Merged/Alpine8K_HLODLayer_Instanced_L0_X-15_Y-6
    [  7.9 min] 30/92  approve=30 reject=0  vram=4046 peak=4046  Alpine8K_HLODLayer_Merged/Alpine8K_HLODLayer_Instanced_L1_X-1_Y-8
    [  8.2 min] 30/92  approve=30 reject=0  vram=4046 peak=4046  Alpine8K_HLODLayer_Merged/Alpine8K_HLODLayer_Instanced_L1_X-1_Y-8
    [  8.6 min] 32/92  approve=32 reject=0  vram=4543 peak=4543  Alpine8K_HLODLayer_Merged/Alpine8K_HLODLayer_Instanced_L1_X-5_Y6
    [  8.9 min] 32/92  approve=32 reject=0  vram=4543 peak=4543  Alpine8K_HLODLayer_Merged/Alpine8K_HLODLayer_Instanced_L1_X-5_Y6
    [  9.2 min] 32/92  approve=32 reject=0  vram=4543 peak=4543  Alpine8K_HLODLayer_Merged/Alpine8K_HLODLayer_Instanced_L1_X-5_Y6
    [  9.6 min] 34/92  approve=34 reject=0  vram=4523 peak=4543  Alpine8K_HLODLayer_Merged/Alpine8K_HLODLayer_Instanced_L0_X-16_Y-8
    [  9.9 min] 34/92  approve=34 reject=0  vram=4572 peak=4572  Alpine8K_HLODLayer_Merged/Alpine8K_HLODLayer_Instanced_L0_X-16_Y-8
    [ 10.2 min] 36/92  approve=36 reject=0  vram=5057 peak=5057  Alpine8K_HLODLayer_Merged/Alpine8K_HLODLayer_Instanced_L1_X-4_Y-8
    [ 10.6 min] 36/92  approve=36 reject=0  vram=5057 peak=5057  Alpine8K_HLODLayer_Merged/Alpine8K_HLODLayer_Instanced_L1_X-4_Y-8
    [ 10.9 min] 36/92  approve=36 reject=0  vram=5057 peak=5057  Alpine8K_HLODLayer_Merged/Alpine8K_HLODLayer_Instanced_L1_X-4_Y-8
    [ 11.3 min] 38/92  approve=38 reject=0  vram=5085 peak=5085  Alpine8K_HLODLayer_Merged/Alpine8K_HLODLayer_Instanced_L0_X9_Y3
    [ 11.6 min] 40/92  approve=40 reject=0  vram=5085 peak=5085  Alpine8K_HLODLayer_Merged/Alpine8K_HLODLayer_Instanced_L0_X6_Y2
    [ 11.9 min] 40/92  approve=40 reject=0  vram=5134 peak=5134  Alpine8K_HLODLayer_Merged/Alpine8K_HLODLayer_Instanced_L0_X6_Y2
    [ 12.3 min] 42/92  approve=42 reject=0  vram=5134 peak=5134  Alpine8K_HLODLayer_Merged/Alpine8K_HLODLayer_Instanced_L0_X-13_Y8
    [ 12.6 min] 42/92  approve=42 reject=0  vram=5182 peak=5182  Alpine8K_HLODLayer_Merged/Alpine8K_HLODLayer_Instanced_L0_X-13_Y8
    [ 12.9 min] 44/92  approve=44 reject=0  vram=5182 peak=5182  Alpine8K_HLODLayer_Merged/Alpine8K_HLODLayer_Instanced_L0_X-16_Y-7
    [ 13.3 min] 44/92  approve=44 reject=0  vram=5182 peak=5182  Alpine8K_HLODLayer_Merged/Alpine8K_HLODLayer_Instanced_L0_X-16_Y-7
    [ 13.6 min] 44/92  approve=44 reject=0  vram=5230 peak=5230  Alpine8K_HLODLayer_Merged/Alpine8K_HLODLayer_Instanced_L0_X-16_Y-7
    [ 14.0 min] 46/92  approve=46 reject=0  vram=5230 peak=5230  Alpine8K_HLODLayer_Merged/Alpine8K_HLODLayer_Instanced_L0_X-12_Y14
    [ 14.3 min] 46/92  approve=46 reject=0  vram=5230 peak=5230  Alpine8K_HLODLayer_Merged/Alpine8K_HLODLayer_Instanced_L0_X-12_Y14
    [ 14.6 min] 46/92  approve=46 reject=0  vram=5279 peak=5279  Alpine8K_HLODLayer_Merged/Alpine8K_HLODLayer_Instanced_L0_X-12_Y14
    [ 15.0 min] 46/92  approve=46 reject=0  vram=5279 peak=5279  Alpine8K_HLODLayer_Merged/Alpine8K_HLODLayer_Instanced_L0_X-12_Y14
    [ 15.3 min] 48/92  approve=48 reject=0  vram=5327 peak=5327  Alpine8K_HLODLayer_Merged/Alpine8K_HLODLayer_Instanced_L0_X-4_Y5
    [ 15.6 min] 50/92  approve=50 reject=0  vram=5327 peak=5327  Alpine8K_HLODLayer_Merged/Alpine8K_HLODLayer_Instanced_L0_X13_Y-13
    [ 16.0 min] 50/92  approve=50 reject=0  vram=5327 peak=5327  Alpine8K_HLODLayer_Merged/Alpine8K_HLODLayer_Instanced_L0_X13_Y-13
    [ 16.3 min] 50/92  approve=50 reject=0  vram=5375 peak=5375  Alpine8K_HLODLayer_Merged/Alpine8K_HLODLayer_Instanced_L0_X13_Y-13
    [ 16.7 min] 50/92  approve=50 reject=0  vram=5375 peak=5375  Alpine8K_HLODLayer_Merged/Alpine8K_HLODLayer_Instanced_L0_X13_Y-13
    [ 17.0 min] 52/92  approve=52 reject=0  vram=5423 peak=5423  Alpine8K_HLODLayer_Merged/Alpine8K_HLODLayer_Instanced_L0_X10_Y-3
    [ 17.3 min] 54/92  approve=54 reject=0  vram=5391 peak=5423  Alpine8K_HLODLayer_Merged/Alpine8K_HLODLayer_Instanced_L0_X-15_Y12
    [ 17.7 min] 54/92  approve=54 reject=0  vram=5440 peak=5440  Alpine8K_HLODLayer_Merged/Alpine8K_HLODLayer_Instanced_L0_X-15_Y12
    [ 18.0 min] 54/92  approve=54 reject=0  vram=5440 peak=5440  Alpine8K_HLODLayer_Merged/Alpine8K_HLODLayer_Instanced_L0_X-15_Y12
    [ 18.3 min] 56/92  approve=56 reject=0  vram=5440 peak=5440  Alpine8K_HLODLayer_Merged/Alpine8K_HLODLayer_Instanced_L0_X-12_Y15
    [ 18.7 min] 56/92  approve=56 reject=0  vram=5440 peak=5440  Alpine8K_HLODLayer_Merged/Alpine8K_HLODLayer_Instanced_L0_X-12_Y15
    [ 19.0 min] 56/92  approve=56 reject=0  vram=5488 peak=5488  Alpine8K_HLODLayer_Merged/Alpine8K_HLODLayer_Instanced_L0_X-12_Y15
    [ 19.4 min] 56/92  approve=56 reject=0  vram=5488 peak=5488  Alpine8K_HLODLayer_Merged/Alpine8K_HLODLayer_Instanced_L0_X-12_Y15
    [ 19.7 min] 58/92  approve=58 reject=0  vram=5488 peak=5488  Alpine8K_HLODLayer_Merged/Alpine8K_HLODLayer_Instanced_L0_X-7_Y-16
    [ 20.0 min] 58/92  approve=58 reject=0  vram=5536 peak=5536  Alpine8K_HLODLayer_Merged/Alpine8K_HLODLayer_Instanced_L0_X-7_Y-16
    [ 20.4 min] 60/92  approve=60 reject=0  vram=5536 peak=5536  Alpine8K_HLODLayer_Merged/Alpine8K_HLODLayer_Instanced_L0_X13_Y-6
    [ 20.7 min] 60/92  approve=60 reject=0  vram=5536 peak=5536  Alpine8K_HLODLayer_Merged/Alpine8K_HLODLayer_Instanced_L0_X13_Y-6
    [ 21.1 min] 60/92  approve=60 reject=0  vram=5585 peak=5585  Alpine8K_HLODLayer_Merged/Alpine8K_HLODLayer_Instanced_L0_X13_Y-6
    [ 21.4 min] 60/92  approve=60 reject=0  vram=5585 peak=5585  Alpine8K_HLODLayer_Merged/Alpine8K_HLODLayer_Instanced_L0_X13_Y-6
    [ 21.7 min] 62/92  approve=62 reject=0  vram=5633 peak=5633  Alpine8K_HLODLayer_Merged/Alpine8K_HLODLayer_Instanced_L0_X4_Y-3
    [ 22.1 min] 64/92  approve=64 reject=0  vram=6182 peak=6182  Alpine8K_HLODLayer_Merged/Alpine8K_HLODLayer_Instanced_L1_X-5_Y-5
    [ 22.4 min] 64/92  approve=64 reject=0  vram=6182 peak=6182  Alpine8K_HLODLayer_Merged/Alpine8K_HLODLayer_Instanced_L1_X-5_Y-5
    [ 22.7 min] 66/92  approve=66 reject=0  vram=6162 peak=6182  Alpine8K_HLODLayer_Merged/Alpine8K_HLODLayer_Instanced_L0_X1_Y-16
    [ 23.1 min] 66/92  approve=66 reject=0  vram=6210 peak=6210  Alpine8K_HLODLayer_Merged/Alpine8K_HLODLayer_Instanced_L0_X1_Y-16
    [ 23.4 min] 68/92  approve=68 reject=0  vram=6698 peak=6698  Alpine8K_HLODLayer_Merged/Alpine8K_HLODLayer_Instanced_L1_X-4_Y7
    [ 23.8 min] 68/92  approve=68 reject=0  vram=6698 peak=6698  Alpine8K_HLODLayer_Merged/Alpine8K_HLODLayer_Instanced_L1_X-4_Y7
    [ 24.1 min] 70/92  approve=70 reject=0  vram=7163 peak=7163  Alpine8K_HLODLayer_Merged/Alpine8K_HLODLayer_Instanced_L1_X-8_Y3
    [ 24.4 min] 70/92  approve=70 reject=0  vram=7163 peak=7163  Alpine8K_HLODLayer_Merged/Alpine8K_HLODLayer_Instanced_L1_X-8_Y3
    [ 24.8 min] 70/92  approve=70 reject=0  vram=7163 peak=7163  Alpine8K_HLODLayer_Merged/Alpine8K_HLODLayer_Instanced_L1_X-8_Y3
    [ 25.1 min] 72/92  approve=72 reject=0  vram=7191 peak=7191  Alpine8K_HLODLayer_Merged/Alpine8K_HLODLayer_Instanced_L0_X2_Y12
    [ 25.4 min] 74/92  approve=74 reject=0  vram=7191 peak=7191  Alpine8K_HLODLayer_Merged/Alpine8K_HLODLayer_Instanced_L0_X12_Y-15
    [ 25.8 min] 74/92  approve=74 reject=0  vram=7239 peak=7239  Alpine8K_HLODLayer_Merged/Alpine8K_HLODLayer_Instanced_L0_X12_Y-15
    [ 26.1 min] 74/92  approve=74 reject=0  vram=7239 peak=7239  Alpine8K_HLODLayer_Merged/Alpine8K_HLODLayer_Instanced_L0_X12_Y-15
    [ 26.4 min] 76/92  approve=76 reject=0  vram=7239 peak=7239  Alpine8K_HLODLayer_Merged/Alpine8K_HLODLayer_Instanced_L0_X-8_Y-10
    [ 26.8 min] 76/92  approve=76 reject=0  vram=7288 peak=7288  Alpine8K_HLODLayer_Merged/Alpine8K_HLODLayer_Instanced_L0_X-8_Y-10
    [ 27.1 min] 78/92  approve=78 reject=0  vram=7839 peak=7839  Alpine8K_HLODLayer_Merged/Alpine8K_HLODLayer_Instanced_L1_X1_Y2
    [ 27.4 min] 80/92  approve=80 reject=0  vram=7819 peak=7839  Alpine8K_HLODLayer_Merged/Alpine8K_HLODLayer_Instanced_L0_X11_Y-8
    [ 27.8 min] 80/92  approve=80 reject=0  vram=7868 peak=7868  Alpine8K_HLODLayer_Merged/Alpine8K_HLODLayer_Instanced_L0_X11_Y-8
    [ 28.2 min] 80/92  approve=80 reject=0  vram=7868 peak=7868  Alpine8K_HLODLayer_Merged/Alpine8K_HLODLayer_Instanced_L0_X11_Y-8
    [ 28.5 min] 82/92  approve=82 reject=0  vram=7868 peak=7868  Alpine8K_HLODLayer_Merged/Alpine8K_HLODLayer_Instanced_L0_X-3_Y4
    [ 28.8 min] 82/92  approve=82 reject=0  vram=7868 peak=7868  Alpine8K_HLODLayer_Merged/Alpine8K_HLODLayer_Instanced_L0_X-3_Y4
    [ 29.2 min] 82/92  approve=82 reject=0  vram=7916 peak=7916  Alpine8K_HLODLayer_Merged/Alpine8K_HLODLayer_Instanced_L0_X-3_Y4
    [ 29.5 min] 84/92  approve=84 reject=0  vram=8401 peak=8748  Alpine8K_HLODLayer_Merged/Alpine8K_HLODLayer_Instanced_L1_X-8_Y6
    [ 29.8 min] 84/92  approve=84 reject=0  vram=8401 peak=8748  Alpine8K_HLODLayer_Merged/Alpine8K_HLODLayer_Instanced_L1_X-8_Y6
    [ 30.2 min] 86/92  approve=86 reject=0  vram=8413 peak=8748  Alpine8K_HLODLayer_Merged/Alpine8K_HLODLayer_Instanced_L0_X6_Y-14
    [ 30.5 min] 86/92  approve=86 reject=0  vram=8461 peak=8748  Alpine8K_HLODLayer_Merged/Alpine8K_HLODLayer_Instanced_L0_X6_Y-14
    [ 30.8 min] 86/92  approve=86 reject=0  vram=8461 peak=8748  Alpine8K_HLODLayer_Merged/Alpine8K_HLODLayer_Instanced_L0_X6_Y-14
    [ 31.2 min] 88/92  approve=88 reject=0  vram=8461 peak=8748  Alpine8K_HLODLayer_Merged/Alpine8K_HLODLayer_Instanced_L0_X-15_Y-8
    [ 31.5 min] 88/92  approve=88 reject=0  vram=8509 peak=8748  Alpine8K_HLODLayer_Merged/Alpine8K_HLODLayer_Instanced_L0_X-15_Y-8
    [ 31.9 min] 90/92  approve=90 reject=0  vram=8558 peak=8748  Alpine8K_HLODLayer_Merged/Alpine8K_HLODLayer_Instanced_L0_X-14_Y4
    [ 32.2 min] 92/92  approve=92 reject=0  vram=8558 peak=8748  Alpine8K_HLODLayer_Merged/Alpine8K_HLODLayer_Instanced_L0_X-11_Y13
    [ 32.5 min] 92/92  approve=92 reject=0  vram=8606 peak=8748  Alpine8K_HLODLayer_Merged/Alpine8K_HLODLayer_Instanced_L0_X-11_Y13
    [ 32.9 min] 92/92  approve=92 reject=0  vram=8606 peak=8748  Alpine8K_HLODLayer_Merged/Alpine8K_HLODLayer_Instanced_L0_X-11_Y13
    [ 33.2 min] 92/92  approve=92 reject=0  vram=8606 peak=8748  Alpine8K_HLODLayer_Merged/Alpine8K_HLODLayer_Instanced_L0_X-11_Y13
    [ 33.5 min] 92/92  approve=92 reject=0  vram=1432 peak=8748  Alpine8K_HLODLayer_Merged/Alpine8K_HLODLayer_Instanced_L0_X-11_Y13
    done rc=1 in 33.7 min | approve=92 reject=0 | STALE 0 -> 0 (-0), current=1042 | vram peak 8748 MiB | true_exit=True | written=92 torn=0 last_write_to_exit=16.45s
  attribution  building-lines 92  decisions 92  approved 92  rejected 0
    Alpine8K_HLODLayer_Instanced       approve 49     reject 0       from Alpine8K_MainPartition x49
    Alpine8K_HLODLayer_Merged          approve 43     reject 0       from Alpine8K_HLODLayer_Instanced x43
warning: in the working copy of '_verify/hlod/build_20260914b/batches.json', CRLF will be replaced by LF the next time Git touches it
warning: in the working copy of '_verify/hlod/build_20260914b/run_console.log', LF will be replaced by CRLF the next time Git touches it
warning: in the working copy of '_verify/hlod/build_20260914b/batch_15.log', LF will be replaced by CRLF the next time Git touches it
[main 1eb25dc6] HLOD batch 15: 0 cells de-staled, 0 -> 0 left, 33.7 min, VRAM peak 8748 MiB
 4 files changed, 4401 insertions(+), 3 deletions(-)
 create mode 100644 _verify/hlod/build_20260914b/batch_15.log

=== batch_16 (attempt 1) ===
    cells in section: 92   stale(MeshMerge(1)) now: 0
    [  0.2 min] 0/0  approve=0 reject=0  vram=224 peak=224  -
    [  0.5 min] 3/92  approve=3 reject=0  vram=1496 peak=1496  Alpine8K_HLODLayer_Merged/Alpine8K_HLODLayer_Instanced_L0_X-5_Y9
    [  0.8 min] 3/92  approve=3 reject=0  vram=2936 peak=2936  Alpine8K_HLODLayer_Merged/Alpine8K_HLODLayer_Instanced_L0_X-5_Y9
    [  1.2 min] 3/92  approve=3 reject=0  vram=2936 peak=2936  Alpine8K_HLODLayer_Merged/Alpine8K_HLODLayer_Instanced_L0_X-5_Y9
    [  1.5 min] 6/92  approve=6 reject=0  vram=3017 peak=3017  Alpine8K_HLODLayer_Merged/Alpine8K_HLODLayer_Instanced_L0_X-10_Y-9
    [  1.8 min] 9/92  approve=9 reject=0  vram=3017 peak=3017  Alpine8K_HLODLayer_Merged/Alpine8K_HLODLayer_Instanced_L0_X9_Y-2
    [  2.2 min] 9/92  approve=9 reject=0  vram=3066 peak=3066  Alpine8K_HLODLayer_Merged/Alpine8K_HLODLayer_Instanced_L0_X9_Y-2
    [  2.5 min] 12/92  approve=12 reject=0  vram=3114 peak=3114  Alpine8K_HLODLayer_Merged/Alpine8K_HLODLayer_Instanced_L0_X-13_Y2
    [  2.9 min] 15/92  approve=15 reject=0  vram=3162 peak=3162  Alpine8K_HLODLayer_Merged/Alpine8K_HLODLayer_Instanced_L0_X-11_Y4
    [  3.2 min] 18/92  approve=18 reject=0  vram=3162 peak=3162  Alpine8K_HLODLayer_Merged/Alpine8K_HLODLayer_Instanced_L0_X8_Y-11
    [  3.5 min] 18/92  approve=18 reject=0  vram=3211 peak=3211  Alpine8K_HLODLayer_Merged/Alpine8K_HLODLayer_Instanced_L0_X8_Y-11
    [  3.9 min] 20/92  approve=20 reject=0  vram=3211 peak=3211  Alpine8K_HLODLayer_Merged/Alpine8K_HLODLayer_Instanced_L0_X9_Y1
    [  4.2 min] 20/92  approve=20 reject=0  vram=3211 peak=3211  Alpine8K_HLODLayer_Merged/Alpine8K_HLODLayer_Instanced_L0_X9_Y1
    [  4.5 min] 20/92  approve=20 reject=0  vram=3259 peak=3259  Alpine8K_HLODLayer_Merged/Alpine8K_HLODLayer_Instanced_L0_X9_Y1
    [  4.9 min] 21/92  approve=20 reject=0  vram=3259 peak=3259  Alpine8K_HLODLayer_Instanced/Alpine8K_MainPartition_L2_X7_Y-3
    [  5.2 min] 22/92  approve=22 reject=0  vram=3885 peak=3885  Alpine8K_HLODLayer_Merged/Alpine8K_HLODLayer_Instanced_L1_X7_Y-3
    [  5.5 min] 22/92  approve=22 reject=0  vram=3885 peak=3885  Alpine8K_HLODLayer_Merged/Alpine8K_HLODLayer_Instanced_L1_X7_Y-3
    [  5.9 min] 24/92  approve=24 reject=0  vram=3865 peak=3885  Alpine8K_HLODLayer_Merged/Alpine8K_HLODLayer_Instanced_L0_X0_Y12
    [  6.2 min] 24/92  approve=24 reject=0  vram=3913 peak=3913  Alpine8K_HLODLayer_Merged/Alpine8K_HLODLayer_Instanced_L0_X0_Y12
    [  6.6 min] 24/92  approve=24 reject=0  vram=3913 peak=3913  Alpine8K_HLODLayer_Merged/Alpine8K_HLODLayer_Instanced_L0_X0_Y12
    [  6.9 min] 24/92  approve=24 reject=0  vram=3913 peak=3913  Alpine8K_HLODLayer_Merged/Alpine8K_HLODLayer_Instanced_L0_X0_Y12
    [  7.2 min] 26/92  approve=26 reject=0  vram=3913 peak=3913  Alpine8K_HLODLayer_Merged/Alpine8K_HLODLayer_Instanced_L0_X-16_Y5
    [  7.6 min] 26/92  approve=26 reject=0  vram=3962 peak=3962  Alpine8K_HLODLayer_Merged/Alpine8K_HLODLayer_Instanced_L0_X-16_Y5
    [  7.9 min] 28/92  approve=28 reject=0  vram=4447 peak=4447  Alpine8K_HLODLayer_Merged/Alpine8K_HLODLayer_Instanced_L1_X4_Y-1
    [  8.2 min] 28/92  approve=28 reject=0  vram=4447 peak=4447  Alpine8K_HLODLayer_Merged/Alpine8K_HLODLayer_Instanced_L1_X4_Y-1
    [  8.6 min] 30/92  approve=30 reject=0  vram=4427 peak=4447  Alpine8K_HLODLayer_Merged/Alpine8K_HLODLayer_Instanced_L0_X9_Y-1
    [  8.9 min] 30/92  approve=30 reject=0  vram=4427 peak=4447  Alpine8K_HLODLayer_Merged/Alpine8K_HLODLayer_Instanced_L0_X9_Y-1
    [  9.3 min] 30/92  approve=30 reject=0  vram=4475 peak=4475  Alpine8K_HLODLayer_Merged/Alpine8K_HLODLayer_Instanced_L0_X9_Y-1
    [  9.6 min] 32/92  approve=32 reject=0  vram=4523 peak=4523  Alpine8K_HLODLayer_Merged/Alpine8K_HLODLayer_Instanced_L0_X5_Y-10
    [  9.9 min] 34/92  approve=34 reject=0  vram=4523 peak=4523  Alpine8K_HLODLayer_Merged/Alpine8K_HLODLayer_Instanced_L0_X9_Y-13
    [ 10.3 min] 34/92  approve=34 reject=0  vram=4572 peak=4572  Alpine8K_HLODLayer_Merged/Alpine8K_HLODLayer_Instanced_L0_X9_Y-13
    [ 10.6 min] 34/92  approve=34 reject=0  vram=4572 peak=4572  Alpine8K_HLODLayer_Merged/Alpine8K_HLODLayer_Instanced_L0_X9_Y-13
    [ 10.9 min] 36/92  approve=36 reject=0  vram=4572 peak=4572  Alpine8K_HLODLayer_Merged/Alpine8K_HLODLayer_Instanced_L0_X-15_Y2
    [ 11.3 min] 36/92  approve=36 reject=0  vram=4620 peak=4620  Alpine8K_HLODLayer_Merged/Alpine8K_HLODLayer_Instanced_L0_X-15_Y2
    [ 11.6 min] 36/92  approve=36 reject=0  vram=4620 peak=4620  Alpine8K_HLODLayer_Merged/Alpine8K_HLODLayer_Instanced_L0_X-15_Y2
    [ 11.9 min] 38/92  approve=38 reject=0  vram=4668 peak=4668  Alpine8K_HLODLayer_Merged/Alpine8K_HLODLayer_Instanced_L0_X-12_Y8
    [ 12.3 min] 38/92  approve=38 reject=0  vram=4668 peak=4668  Alpine8K_HLODLayer_Merged/Alpine8K_HLODLayer_Instanced_L0_X-12_Y8
    [ 12.6 min] 40/92  approve=40 reject=0  vram=5185 peak=5185  Alpine8K_HLODLayer_Merged/Alpine8K_HLODLayer_Instanced_L1_X-1_Y-6
    [ 13.0 min] 40/92  approve=40 reject=0  vram=5185 peak=5185  Alpine8K_HLODLayer_Merged/Alpine8K_HLODLayer_Instanced_L1_X-1_Y-6
    [ 13.3 min] 42/92  approve=42 reject=0  vram=5213 peak=5213  Alpine8K_HLODLayer_Merged/Alpine8K_HLODLayer_Instanced_L0_X1_Y9
    [ 13.6 min] 44/92  approve=44 reject=0  vram=5213 peak=5213  Alpine8K_HLODLayer_Merged/Alpine8K_HLODLayer_Instanced_L0_X-9_Y-16
    [ 14.0 min] 44/92  approve=44 reject=0  vram=5262 peak=5262  Alpine8K_HLODLayer_Merged/Alpine8K_HLODLayer_Instanced_L0_X-9_Y-16
    [ 14.3 min] 46/92  approve=46 reject=0  vram=5780 peak=5780  Alpine8K_HLODLayer_Merged/Alpine8K_HLODLayer_Instanced_L1_X6_Y2
    [ 14.6 min] 46/92  approve=46 reject=0  vram=5780 peak=5780  Alpine8K_HLODLayer_Merged/Alpine8K_HLODLayer_Instanced_L1_X6_Y2
    [ 15.0 min] 48/92  approve=48 reject=0  vram=5760 peak=5780  Alpine8K_HLODLayer_Merged/Alpine8K_HLODLayer_Instanced_L0_X12_Y-7
    [ 15.3 min] 48/92  approve=48 reject=0  vram=5808 peak=5808  Alpine8K_HLODLayer_Merged/Alpine8K_HLODLayer_Instanced_L0_X12_Y-7
    [ 15.6 min] 48/92  approve=48 reject=0  vram=5808 peak=5808  Alpine8K_HLODLayer_Merged/Alpine8K_HLODLayer_Instanced_L0_X12_Y-7
    [ 16.0 min] 50/92  approve=50 reject=0  vram=6294 peak=6294  Alpine8K_HLODLayer_Merged/Alpine8K_HLODLayer_Instanced_L1_X0_Y-5
    [ 16.3 min] 50/92  approve=50 reject=0  vram=6294 peak=6294  Alpine8K_HLODLayer_Merged/Alpine8K_HLODLayer_Instanced_L1_X0_Y-5
    [ 16.6 min] 50/92  approve=50 reject=0  vram=6294 peak=6294  Alpine8K_HLODLayer_Merged/Alpine8K_HLODLayer_Instanced_L1_X0_Y-5
    [ 17.0 min] 52/92  approve=52 reject=0  vram=6274 peak=6294  Alpine8K_HLODLayer_Merged/Alpine8K_HLODLayer_Instanced_L0_X11_Y3
    [ 17.3 min] 52/92  approve=52 reject=0  vram=6322 peak=6322  Alpine8K_HLODLayer_Merged/Alpine8K_HLODLayer_Instanced_L0_X11_Y3
    [ 17.7 min] 54/92  approve=54 reject=0  vram=6322 peak=6322  Alpine8K_HLODLayer_Merged/Alpine8K_HLODLayer_Instanced_L0_X6_Y0
    [ 18.0 min] 54/92  approve=54 reject=0  vram=6371 peak=6371  Alpine8K_HLODLayer_Merged/Alpine8K_HLODLayer_Instanced_L0_X6_Y0
    [ 18.3 min] 54/92  approve=54 reject=0  vram=6371 peak=6371  Alpine8K_HLODLayer_Merged/Alpine8K_HLODLayer_Instanced_L0_X6_Y0
    [ 18.7 min] 56/92  approve=56 reject=0  vram=6419 peak=6419  Alpine8K_HLODLayer_Merged/Alpine8K_HLODLayer_Instanced_L0_X0_Y-15
    [ 19.0 min] 56/92  approve=56 reject=0  vram=6419 peak=6419  Alpine8K_HLODLayer_Merged/Alpine8K_HLODLayer_Instanced_L0_X0_Y-15
    [ 19.4 min] 58/92  approve=58 reject=0  vram=6419 peak=6419  Alpine8K_HLODLayer_Merged/Alpine8K_HLODLayer_Instanced_L0_X15_Y1
    [ 19.7 min] 58/92  approve=58 reject=0  vram=6467 peak=6467  Alpine8K_HLODLayer_Merged/Alpine8K_HLODLayer_Instanced_L0_X15_Y1
    [ 20.0 min] 58/92  approve=58 reject=0  vram=6467 peak=6467  Alpine8K_HLODLayer_Merged/Alpine8K_HLODLayer_Instanced_L0_X15_Y1
    [ 20.4 min] 60/92  approve=60 reject=0  vram=6499 peak=6499  Alpine8K_HLODLayer_Merged/Alpine8K_HLODLayer_Instanced_L0_X-16_Y14
    [ 20.7 min] 60/92  approve=60 reject=0  vram=6548 peak=6548  Alpine8K_HLODLayer_Merged/Alpine8K_HLODLayer_Instanced_L0_X-16_Y14
    [ 21.0 min] 62/92  approve=62 reject=0  vram=6596 peak=6596  Alpine8K_HLODLayer_Merged/Alpine8K_HLODLayer_Instanced_L0_X3_Y-11
    [ 21.4 min] 64/92  approve=64 reject=0  vram=7081 peak=7081  Alpine8K_HLODLayer_Merged/Alpine8K_HLODLayer_Instanced_L1_X-5_Y-3
    [ 21.7 min] 64/92  approve=64 reject=0  vram=7081 peak=7081  Alpine8K_HLODLayer_Merged/Alpine8K_HLODLayer_Instanced_L1_X-5_Y-3
    [ 22.0 min] 64/92  approve=64 reject=0  vram=7081 peak=7081  Alpine8K_HLODLayer_Merged/Alpine8K_HLODLayer_Instanced_L1_X-5_Y-3
    [ 22.4 min] 68/92  approve=68 reject=0  vram=7141 peak=7141  Alpine8K_HLODLayer_Merged/Alpine8K_HLODLayer_Instanced_L0_X-10_Y-15
    [ 22.7 min] 68/92  approve=68 reject=0  vram=7173 peak=7173  Alpine8K_HLODLayer_Merged/Alpine8K_HLODLayer_Instanced_L0_X-10_Y-15
    [ 23.1 min] 68/92  approve=68 reject=0  vram=7189 peak=7189  Alpine8K_HLODLayer_Merged/Alpine8K_HLODLayer_Instanced_L0_X-10_Y-15
    [ 23.4 min] 70/92  approve=70 reject=0  vram=7674 peak=7674  Alpine8K_HLODLayer_Merged/Alpine8K_HLODLayer_Instanced_L1_X5_Y-1
    [ 23.7 min] 70/92  approve=70 reject=0  vram=7674 peak=7674  Alpine8K_HLODLayer_Merged/Alpine8K_HLODLayer_Instanced_L1_X5_Y-1
    [ 24.1 min] 72/92  approve=72 reject=0  vram=7702 peak=7702  Alpine8K_HLODLayer_Merged/Alpine8K_HLODLayer_Instanced_L0_X-5_Y1
    [ 24.4 min] 74/92  approve=74 reject=0  vram=7751 peak=7751  Alpine8K_HLODLayer_Merged/Alpine8K_HLODLayer_Instanced_L0_X-1_Y-13
    [ 24.7 min] 76/92  approve=76 reject=0  vram=8235 peak=8235  Alpine8K_HLODLayer_Merged/Alpine8K_HLODLayer_Instanced_L1_X-8_Y-7
    [ 25.1 min] 76/92  approve=76 reject=0  vram=8235 peak=8235  Alpine8K_HLODLayer_Merged/Alpine8K_HLODLayer_Instanced_L1_X-8_Y-7
    [ 25.4 min] 78/92  approve=78 reject=0  vram=8215 peak=8235  Alpine8K_HLODLayer_Merged/Alpine8K_HLODLayer_Instanced_L0_X-6_Y14
    [ 25.8 min] 78/92  approve=78 reject=0  vram=8215 peak=8235  Alpine8K_HLODLayer_Merged/Alpine8K_HLODLayer_Instanced_L0_X-6_Y14
    [ 26.1 min] 78/92  approve=78 reject=0  vram=8264 peak=8264  Alpine8K_HLODLayer_Merged/Alpine8K_HLODLayer_Instanced_L0_X-6_Y14
    [ 26.4 min] 78/92  approve=78 reject=0  vram=8264 peak=8264  Alpine8K_HLODLayer_Merged/Alpine8K_HLODLayer_Instanced_L0_X-6_Y14
    [ 26.8 min] 80/92  approve=80 reject=0  vram=8264 peak=8264  Alpine8K_HLODLayer_Merged/Alpine8K_HLODLayer_Instanced_L0_X12_Y-2
    [ 27.1 min] 80/92  approve=80 reject=0  vram=8312 peak=8312  Alpine8K_HLODLayer_Merged/Alpine8K_HLODLayer_Instanced_L0_X12_Y-2
    [ 27.5 min] 81/92  approve=80 reject=0  vram=8313 peak=8313  Alpine8K_HLODLayer_Instanced/Alpine8K_MainPartition_L2_X2_Y6
    [ 27.8 min] 82/92  approve=82 reject=0  vram=8830 peak=8830  Alpine8K_HLODLayer_Merged/Alpine8K_HLODLayer_Instanced_L1_X2_Y6
    [ 28.1 min] 84/92  approve=84 reject=0  vram=8858 peak=8858  Alpine8K_HLODLayer_Merged/Alpine8K_HLODLayer_Instanced_L0_X0_Y7
    [ 28.5 min] 86/92  approve=86 reject=0  vram=9440 peak=9440  Alpine8K_HLODLayer_Merged/Alpine8K_HLODLayer_Instanced_L1_X-1_Y-3
    [ 28.8 min] 86/92  approve=86 reject=0  vram=9440 peak=9440  Alpine8K_HLODLayer_Merged/Alpine8K_HLODLayer_Instanced_L1_X-1_Y-3
    [ 29.1 min] 88/92  approve=88 reject=0  vram=9420 peak=9440  Alpine8K_HLODLayer_Merged/Alpine8K_HLODLayer_Instanced_L0_X13_Y-10
    [ 29.5 min] 88/92  approve=88 reject=0  vram=9420 peak=9440  Alpine8K_HLODLayer_Merged/Alpine8K_HLODLayer_Instanced_L0_X13_Y-10
    [ 29.8 min] 88/92  approve=88 reject=0  vram=9468 peak=9468  Alpine8K_HLODLayer_Merged/Alpine8K_HLODLayer_Instanced_L0_X13_Y-10
    [ 30.2 min] 88/92  approve=88 reject=0  vram=9468 peak=9468  Alpine8K_HLODLayer_Merged/Alpine8K_HLODLayer_Instanced_L0_X13_Y-10
    [ 30.5 min] 90/92  approve=90 reject=0  vram=9468 peak=9468  Alpine8K_HLODLayer_Merged/Alpine8K_HLODLayer_Instanced_L0_X-12_Y-4
    [ 30.8 min] 90/92  approve=90 reject=0  vram=9516 peak=9516  Alpine8K_HLODLayer_Merged/Alpine8K_HLODLayer_Instanced_L0_X-12_Y-4
    [ 31.2 min] 90/92  approve=90 reject=0  vram=9516 peak=9516  Alpine8K_HLODLayer_Merged/Alpine8K_HLODLayer_Instanced_L0_X-12_Y-4
    [ 31.5 min] 92/92  approve=92 reject=0  vram=10001 peak=10001  Alpine8K_HLODLayer_Merged/Alpine8K_HLODLayer_Instanced_L1_X-2_Y5
    [ 31.8 min] 92/92  approve=92 reject=0  vram=10001 peak=10001  Alpine8K_HLODLayer_Merged/Alpine8K_HLODLayer_Instanced_L1_X-2_Y5
    [ 32.2 min] 92/92  approve=92 reject=0  vram=7862 peak=10001  Alpine8K_HLODLayer_Merged/Alpine8K_HLODLayer_Instanced_L1_X-2_Y5
    done rc=1 in 32.3 min | approve=92 reject=0 | STALE 0 -> 0 (-0), current=1042 | vram peak 10001 MiB | true_exit=True | written=92 torn=0 last_write_to_exit=13.142s
  attribution  building-lines 92  decisions 92  approved 92  rejected 0
    Alpine8K_HLODLayer_Instanced       approve 49     reject 0       from Alpine8K_MainPartition x49
    Alpine8K_HLODLayer_Merged          approve 43     reject 0       from Alpine8K_HLODLayer_Instanced x43
warning: in the working copy of '_verify/hlod/build_20260914b/batches.json', CRLF will be replaced by LF the next time Git touches it
warning: in the working copy of '_verify/hlod/build_20260914b/run_console.log', LF will be replaced by CRLF the next time Git touches it
warning: in the working copy of '_verify/hlod/build_20260914b/batch_16.log', LF will be replaced by CRLF the next time Git touches it
[main 05ecec52] HLOD batch 16: 0 cells de-staled, 0 -> 0 left, 32.3 min, VRAM peak 10001 MiB
 4 files changed, 4686 insertions(+), 3 deletions(-)
 create mode 100644 _verify/hlod/build_20260914b/batch_16.log

=== batch_17 (attempt 1) ===
    cells in section: 92   stale(MeshMerge(1)) now: 0
    [  0.2 min] 0/0  approve=0 reject=0  vram=224 peak=224  -
    [  0.5 min] 3/92  approve=3 reject=0  vram=2935 peak=2935  Alpine8K_HLODLayer_Merged/Alpine8K_HLODLayer_Instanced_L0_X-9_Y-12
    [  0.9 min] 6/92  approve=6 reject=0  vram=2968 peak=2968  Alpine8K_HLODLayer_Merged/Alpine8K_HLODLayer_Instanced_L0_X7_Y-14
    [  1.2 min] 6/92  approve=6 reject=0  vram=3016 peak=3016  Alpine8K_HLODLayer_Merged/Alpine8K_HLODLayer_Instanced_L0_X7_Y-14
    [  1.5 min] 9/92  approve=9 reject=0  vram=3065 peak=3065  Alpine8K_HLODLayer_Merged/Alpine8K_HLODLayer_Instanced_L0_X-5_Y3
    [  1.9 min] 12/92  approve=12 reject=0  vram=3113 peak=3113  Alpine8K_HLODLayer_Merged/Alpine8K_HLODLayer_Instanced_L0_X-13_Y4
    [  2.2 min] 15/92  approve=15 reject=0  vram=3161 peak=3161  Alpine8K_HLODLayer_Merged/Alpine8K_HLODLayer_Instanced_L0_X-5_Y-11
    [  2.5 min] 18/92  approve=18 reject=0  vram=3210 peak=3210  Alpine8K_HLODLayer_Merged/Alpine8K_HLODLayer_Instanced_L0_X13_Y-3
    [  2.9 min] 18/92  approve=18 reject=0  vram=3210 peak=3210  Alpine8K_HLODLayer_Merged/Alpine8K_HLODLayer_Instanced_L0_X13_Y-3
    [  3.2 min] 20/92  approve=20 reject=0  vram=3210 peak=3210  Alpine8K_HLODLayer_Merged/Alpine8K_HLODLayer_Instanced_L0_X-14_Y-6
    [  3.5 min] 20/92  approve=20 reject=0  vram=3258 peak=3258  Alpine8K_HLODLayer_Merged/Alpine8K_HLODLayer_Instanced_L0_X-14_Y-6
    [  3.9 min] 20/92  approve=20 reject=0  vram=3258 peak=3258  Alpine8K_HLODLayer_Merged/Alpine8K_HLODLayer_Instanced_L0_X-14_Y-6
    [  4.2 min] 22/92  approve=22 reject=0  vram=3306 peak=3306  Alpine8K_HLODLayer_Merged/Alpine8K_HLODLayer_Instanced_L0_X-3_Y6
    [  4.5 min] 24/92  approve=24 reject=0  vram=3935 peak=3935  Alpine8K_HLODLayer_Merged/Alpine8K_HLODLayer_Instanced_L1_X5_Y0
    [  4.9 min] 24/92  approve=24 reject=0  vram=3935 peak=3935  Alpine8K_HLODLayer_Merged/Alpine8K_HLODLayer_Instanced_L1_X5_Y0
    [  5.2 min] 26/92  approve=26 reject=0  vram=3915 peak=3935  Alpine8K_HLODLayer_Merged/Alpine8K_HLODLayer_Instanced_L0_X5_Y1
    [  5.6 min] 26/92  approve=26 reject=0  vram=3964 peak=3964  Alpine8K_HLODLayer_Merged/Alpine8K_HLODLayer_Instanced_L0_X5_Y1
    [  5.9 min] 28/92  approve=28 reject=0  vram=4482 peak=4482  Alpine8K_HLODLayer_Merged/Alpine8K_HLODLayer_Instanced_L1_X-8_Y-3
    [  6.2 min] 28/92  approve=28 reject=0  vram=4482 peak=4482  Alpine8K_HLODLayer_Merged/Alpine8K_HLODLayer_Instanced_L1_X-8_Y-3
    [  6.6 min] 29/92  approve=28 reject=0  vram=5068 peak=5068  Alpine8K_HLODLayer_Instanced/Alpine8K_MainPartition_L2_X-3_Y5
    [  6.9 min] 30/92  approve=30 reject=0  vram=4948 peak=5068  Alpine8K_HLODLayer_Merged/Alpine8K_HLODLayer_Instanced_L1_X-3_Y5
    [  7.2 min] 30/92  approve=30 reject=0  vram=4948 peak=5068  Alpine8K_HLODLayer_Merged/Alpine8K_HLODLayer_Instanced_L1_X-3_Y5
    [  7.6 min] 32/92  approve=32 reject=0  vram=5413 peak=5413  Alpine8K_HLODLayer_Merged/Alpine8K_HLODLayer_Instanced_L1_X-3_Y-1
    [  7.9 min] 32/92  approve=32 reject=0  vram=5413 peak=5413  Alpine8K_HLODLayer_Merged/Alpine8K_HLODLayer_Instanced_L1_X-3_Y-1
    [  8.2 min] 34/92  approve=34 reject=0  vram=5909 peak=5909  Alpine8K_HLODLayer_Merged/Alpine8K_HLODLayer_Instanced_L1_X-6_Y-8
    [  8.6 min] 34/92  approve=34 reject=0  vram=5909 peak=5909  Alpine8K_HLODLayer_Merged/Alpine8K_HLODLayer_Instanced_L1_X-6_Y-8
    [  8.9 min] 35/92  approve=35 reject=0  vram=6857 peak=6857  Alpine8K_HLODLayer_Instanced/Alpine8K_MainPartition_L2_X6_Y6
    [  9.2 min] 36/92  approve=36 reject=0  vram=6502 peak=6857  Alpine8K_HLODLayer_Merged/Alpine8K_HLODLayer_Instanced_L1_X6_Y6
    [  9.6 min] 38/92  approve=38 reject=0  vram=6999 peak=6999  Alpine8K_HLODLayer_Merged/Alpine8K_HLODLayer_Instanced_L1_X-3_Y2
    [  9.9 min] 38/92  approve=38 reject=0  vram=6999 peak=6999  Alpine8K_HLODLayer_Merged/Alpine8K_HLODLayer_Instanced_L1_X-3_Y2
    [ 10.2 min] 40/92  approve=40 reject=0  vram=6979 peak=6999  Alpine8K_HLODLayer_Merged/Alpine8K_HLODLayer_Instanced_L0_X-7_Y-15
    [ 10.6 min] 40/92  approve=40 reject=0  vram=6979 peak=6999  Alpine8K_HLODLayer_Merged/Alpine8K_HLODLayer_Instanced_L0_X-7_Y-15
    [ 10.9 min] 40/92  approve=40 reject=0  vram=7028 peak=7028  Alpine8K_HLODLayer_Merged/Alpine8K_HLODLayer_Instanced_L0_X-7_Y-15
    [ 11.3 min] 40/92  approve=40 reject=0  vram=7028 peak=7028  Alpine8K_HLODLayer_Merged/Alpine8K_HLODLayer_Instanced_L0_X-7_Y-15
    [ 11.6 min] 42/92  approve=42 reject=0  vram=7513 peak=7513  Alpine8K_HLODLayer_Merged/Alpine8K_HLODLayer_Instanced_L1_X-7_Y7
    [ 11.9 min] 42/92  approve=42 reject=0  vram=7513 peak=7513  Alpine8K_HLODLayer_Merged/Alpine8K_HLODLayer_Instanced_L1_X-7_Y7
    [ 12.3 min] 44/92  approve=44 reject=0  vram=7978 peak=7978  Alpine8K_HLODLayer_Merged/Alpine8K_HLODLayer_Instanced_L1_X-3_Y1
    [ 12.6 min] 44/92  approve=44 reject=0  vram=7978 peak=7978  Alpine8K_HLODLayer_Merged/Alpine8K_HLODLayer_Instanced_L1_X-3_Y1
    [ 12.9 min] 46/92  approve=46 reject=0  vram=7958 peak=7978  Alpine8K_HLODLayer_Merged/Alpine8K_HLODLayer_Instanced_L0_X-14_Y8
    [ 13.3 min] 46/92  approve=46 reject=0  vram=8006 peak=8006  Alpine8K_HLODLayer_Merged/Alpine8K_HLODLayer_Instanced_L0_X-14_Y8
    [ 13.6 min] 46/92  approve=46 reject=0  vram=8006 peak=8006  Alpine8K_HLODLayer_Merged/Alpine8K_HLODLayer_Instanced_L0_X-14_Y8
    [ 13.9 min] 48/92  approve=48 reject=0  vram=8054 peak=8054  Alpine8K_HLODLayer_Merged/Alpine8K_HLODLayer_Instanced_L0_X-10_Y-2
    [ 14.3 min] 50/92  approve=50 reject=0  vram=8102 peak=8102  Alpine8K_HLODLayer_Merged/Alpine8K_HLODLayer_Instanced_L0_X-3_Y1
    [ 14.6 min] 52/92  approve=52 reject=0  vram=8151 peak=8151  Alpine8K_HLODLayer_Merged/Alpine8K_HLODLayer_Instanced_L0_X0_Y8
    [ 14.9 min] 54/92  approve=54 reject=0  vram=8636 peak=8636  Alpine8K_HLODLayer_Merged/Alpine8K_HLODLayer_Instanced_L1_X-2_Y0
    [ 15.3 min] 54/92  approve=54 reject=0  vram=8636 peak=8636  Alpine8K_HLODLayer_Merged/Alpine8K_HLODLayer_Instanced_L1_X-2_Y0
    [ 15.6 min] 56/92  approve=56 reject=0  vram=8664 peak=8664  Alpine8K_HLODLayer_Merged/Alpine8K_HLODLayer_Instanced_L0_X-12_Y5
    [ 15.9 min] 58/92  approve=58 reject=0  vram=8568 peak=8664  Alpine8K_HLODLayer_Merged/Alpine8K_HLODLayer_Instanced_L0_X-15_Y8
    [ 16.3 min] 58/92  approve=58 reject=0  vram=8616 peak=8664  Alpine8K_HLODLayer_Merged/Alpine8K_HLODLayer_Instanced_L0_X-15_Y8
    [ 16.6 min] 58/92  approve=58 reject=0  vram=8616 peak=8664  Alpine8K_HLODLayer_Merged/Alpine8K_HLODLayer_Instanced_L0_X-15_Y8
    [ 17.0 min] 60/92  approve=60 reject=0  vram=8616 peak=8664  Alpine8K_HLODLayer_Merged/Alpine8K_HLODLayer_Instanced_L0_X8_Y-3
    [ 17.3 min] 60/92  approve=60 reject=0  vram=8665 peak=8665  Alpine8K_HLODLayer_Merged/Alpine8K_HLODLayer_Instanced_L0_X8_Y-3
    [ 17.6 min] 62/92  approve=62 reject=0  vram=8713 peak=8713  Alpine8K_HLODLayer_Merged/Alpine8K_HLODLayer_Instanced_L0_X4_Y0
    [ 18.0 min] 64/92  approve=64 reject=0  vram=8713 peak=8713  Alpine8K_HLODLayer_Merged/Alpine8K_HLODLayer_Instanced_L0_X7_Y-3
    [ 18.3 min] 64/92  approve=64 reject=0  vram=8761 peak=8761  Alpine8K_HLODLayer_Merged/Alpine8K_HLODLayer_Instanced_L0_X7_Y-3
    [ 18.6 min] 64/92  approve=64 reject=0  vram=8761 peak=8761  Alpine8K_HLODLayer_Merged/Alpine8K_HLODLayer_Instanced_L0_X7_Y-3
    [ 19.0 min] 66/92  approve=66 reject=0  vram=8809 peak=8809  Alpine8K_HLODLayer_Merged/Alpine8K_HLODLayer_Instanced_L0_X-12_Y10
    [ 19.3 min] 66/92  approve=66 reject=0  vram=8809 peak=8809  Alpine8K_HLODLayer_Merged/Alpine8K_HLODLayer_Instanced_L0_X-12_Y10
    [ 19.6 min] 68/92  approve=68 reject=0  vram=9328 peak=9328  Alpine8K_HLODLayer_Merged/Alpine8K_HLODLayer_Instanced_L1_X7_Y2
    [ 20.0 min] 68/92  approve=68 reject=0  vram=9328 peak=9328  Alpine8K_HLODLayer_Merged/Alpine8K_HLODLayer_Instanced_L1_X7_Y2
    [ 20.3 min] 70/92  approve=70 reject=0  vram=9825 peak=9825  Alpine8K_HLODLayer_Merged/Alpine8K_HLODLayer_Instanced_L1_X-4_Y5
    [ 20.6 min] 70/92  approve=70 reject=0  vram=9825 peak=9825  Alpine8K_HLODLayer_Merged/Alpine8K_HLODLayer_Instanced_L1_X-4_Y5
    [ 21.0 min] 72/92  approve=72 reject=0  vram=9805 peak=9825  Alpine8K_HLODLayer_Merged/Alpine8K_HLODLayer_Instanced_L0_X0_Y14
    [ 21.3 min] 72/92  approve=72 reject=0  vram=9805 peak=9825  Alpine8K_HLODLayer_Merged/Alpine8K_HLODLayer_Instanced_L0_X0_Y14
    [ 21.7 min] 72/92  approve=72 reject=0  vram=9853 peak=9853  Alpine8K_HLODLayer_Merged/Alpine8K_HLODLayer_Instanced_L0_X0_Y14
    [ 22.0 min] 72/92  approve=72 reject=0  vram=9853 peak=9853  Alpine8K_HLODLayer_Merged/Alpine8K_HLODLayer_Instanced_L0_X0_Y14
    [ 22.3 min] 73/92  approve=72 reject=0  vram=9853 peak=9853  Alpine8K_HLODLayer_Instanced/Alpine8K_MainPartition_L2_X-8_Y-2
    [ 22.7 min] 74/92  approve=74 reject=0  vram=10338 peak=10338  Alpine8K_HLODLayer_Merged/Alpine8K_HLODLayer_Instanced_L1_X-8_Y-2
    [ 23.0 min] 74/92  approve=74 reject=0  vram=10338 peak=10338  Alpine8K_HLODLayer_Merged/Alpine8K_HLODLayer_Instanced_L1_X-8_Y-2
    [ 23.3 min] 76/92  approve=76 reject=0  vram=10318 peak=10338  Alpine8K_HLODLayer_Merged/Alpine8K_HLODLayer_Instanced_L0_X9_Y2
    [ 23.7 min] 76/92  approve=76 reject=0  vram=10366 peak=10366  Alpine8K_HLODLayer_Merged/Alpine8K_HLODLayer_Instanced_L0_X9_Y2
    [ 24.0 min] 76/92  approve=76 reject=0  vram=10366 peak=10366  Alpine8K_HLODLayer_Merged/Alpine8K_HLODLayer_Instanced_L0_X9_Y2
    [ 24.3 min] 78/92  approve=78 reject=0  vram=10852 peak=10852  Alpine8K_HLODLayer_Merged/Alpine8K_HLODLayer_Instanced_L1_X6_Y-3
    [ 24.7 min] 78/92  approve=78 reject=0  vram=10852 peak=10852  Alpine8K_HLODLayer_Merged/Alpine8K_HLODLayer_Instanced_L1_X6_Y-3
    [ 25.0 min] 80/92  approve=80 reject=0  vram=10832 peak=10852  Alpine8K_HLODLayer_Merged/Alpine8K_HLODLayer_Instanced_L0_X-5_Y-15
    [ 25.4 min] 80/92  approve=80 reject=0  vram=10880 peak=10880  Alpine8K_HLODLayer_Merged/Alpine8K_HLODLayer_Instanced_L0_X-5_Y-15
    [ 25.7 min] 82/92  approve=82 reject=0  vram=11431 peak=11431  Alpine8K_HLODLayer_Merged/Alpine8K_HLODLayer_Instanced_L1_X6_Y3
    [ 26.0 min] 82/92  approve=82 reject=0  vram=11431 peak=11431  Alpine8K_HLODLayer_Merged/Alpine8K_HLODLayer_Instanced_L1_X6_Y3
    [ 26.4 min] 84/92  approve=84 reject=0  vram=11411 peak=11431  Alpine8K_HLODLayer_Merged/Alpine8K_HLODLayer_Instanced_L0_X8_Y-14
    [ 26.7 min] 84/92  approve=84 reject=0  vram=11459 peak=11459  Alpine8K_HLODLayer_Merged/Alpine8K_HLODLayer_Instanced_L0_X8_Y-14
    [ 27.0 min] 84/92  approve=84 reject=0  vram=11459 peak=11459  Alpine8K_HLODLayer_Merged/Alpine8K_HLODLayer_Instanced_L0_X8_Y-14
    [ 27.4 min] 86/92  approve=86 reject=0  vram=11459 peak=11459  Alpine8K_HLODLayer_Merged/Alpine8K_HLODLayer_Instanced_L0_X-6_Y-13
    [ 27.7 min] 86/92  approve=86 reject=0  vram=11508 peak=11508  Alpine8K_HLODLayer_Merged/Alpine8K_HLODLayer_Instanced_L0_X-6_Y-13
    [ 28.0 min] 86/92  approve=86 reject=0  vram=11508 peak=11508  Alpine8K_HLODLayer_Merged/Alpine8K_HLODLayer_Instanced_L0_X-6_Y-13
    [ 28.4 min] 88/92  approve=88 reject=0  vram=11556 peak=11556  Alpine8K_HLODLayer_Merged/Alpine8K_HLODLayer_Instanced_L0_X-9_Y-15
    [ 28.7 min] 90/92  approve=90 reject=0  vram=11556 peak=11556  Alpine8K_HLODLayer_Merged/Alpine8K_HLODLayer_Instanced_L0_X-14_Y0
    [ 29.0 min] 90/92  approve=90 reject=0  vram=11604 peak=11604  Alpine8K_HLODLayer_Merged/Alpine8K_HLODLayer_Instanced_L0_X-14_Y0
    [ 29.4 min] 92/92  approve=92 reject=0  vram=11604 peak=11604  Alpine8K_HLODLayer_Merged/Alpine8K_HLODLayer_Instanced_L0_X0_Y13
    [ 29.7 min] 92/92  approve=92 reject=0  vram=11653 peak=11653  Alpine8K_HLODLayer_Merged/Alpine8K_HLODLayer_Instanced_L0_X0_Y13
    [ 30.0 min] 92/92  approve=92 reject=0  vram=11653 peak=11653  Alpine8K_HLODLayer_Merged/Alpine8K_HLODLayer_Instanced_L0_X0_Y13
    [ 30.4 min] 92/92  approve=92 reject=0  vram=9353 peak=11653  Alpine8K_HLODLayer_Merged/Alpine8K_HLODLayer_Instanced_L0_X0_Y13
    done rc=1 in 30.6 min | approve=92 reject=0 | STALE 0 -> 0 (-0), current=1042 | vram peak 11653 MiB | true_exit=True | written=92 torn=0 last_write_to_exit=13.464s
  attribution  building-lines 92  decisions 92  approved 92  rejected 0
    Alpine8K_HLODLayer_Instanced       approve 49     reject 0       from Alpine8K_MainPartition x49
    Alpine8K_HLODLayer_Merged          approve 43     reject 0       from Alpine8K_HLODLayer_Instanced x43
warning: in the working copy of '_verify/hlod/build_20260914b/batches.json', CRLF will be replaced by LF the next time Git touches it
warning: in the working copy of '_verify/hlod/build_20260914b/run_console.log', LF will be replaced by CRLF the next time Git touches it
warning: in the working copy of '_verify/hlod/build_20260914b/batch_17.log', LF will be replaced by CRLF the next time Git touches it
[main 91d567af] HLOD batch 17: 0 cells de-staled, 0 -> 0 left, 30.6 min, VRAM peak 11653 MiB
 4 files changed, 4866 insertions(+), 3 deletions(-)
 create mode 100644 _verify/hlod/build_20260914b/batch_17.log

=== batch_18 (attempt 1) ===
    cells in section: 92   stale(MeshMerge(1)) now: 0
    [  0.2 min] 0/0  approve=0 reject=0  vram=223 peak=223  -
    [  0.5 min] 3/92  approve=3 reject=0  vram=1495 peak=1495  Alpine8K_HLODLayer_Merged/Alpine8K_HLODLayer_Instanced_L0_X0_Y11
    [  0.8 min] 3/92  approve=3 reject=0  vram=2936 peak=2936  Alpine8K_HLODLayer_Merged/Alpine8K_HLODLayer_Instanced_L0_X0_Y11
    [  1.2 min] 6/92  approve=6 reject=0  vram=2969 peak=2969  Alpine8K_HLODLayer_Merged/Alpine8K_HLODLayer_Instanced_L0_X-4_Y-16
    [  1.5 min] 6/92  approve=6 reject=0  vram=3017 peak=3017  Alpine8K_HLODLayer_Merged/Alpine8K_HLODLayer_Instanced_L0_X-4_Y-16
    [  1.8 min] 9/92  approve=9 reject=0  vram=3066 peak=3066  Alpine8K_HLODLayer_Merged/Alpine8K_HLODLayer_Instanced_L0_X-12_Y-1
    [  2.2 min] 12/92  approve=12 reject=0  vram=3066 peak=3066  Alpine8K_HLODLayer_Merged/Alpine8K_HLODLayer_Instanced_L0_X-3_Y8
    [  2.5 min] 12/92  approve=12 reject=0  vram=3114 peak=3114  Alpine8K_HLODLayer_Merged/Alpine8K_HLODLayer_Instanced_L0_X-3_Y8
    [  2.9 min] 15/92  approve=15 reject=0  vram=3162 peak=3162  Alpine8K_HLODLayer_Merged/Alpine8K_HLODLayer_Instanced_L0_X1_Y-13
    [  3.2 min] 18/92  approve=18 reject=0  vram=3211 peak=3211  Alpine8K_HLODLayer_Merged/Alpine8K_HLODLayer_Instanced_L0_X2_Y11
    [  3.5 min] 18/92  approve=18 reject=0  vram=3211 peak=3211  Alpine8K_HLODLayer_Merged/Alpine8K_HLODLayer_Instanced_L0_X2_Y11
    [  3.9 min] 21/92  approve=20 reject=0  vram=3259 peak=3259  Alpine8K_HLODLayer_Instanced/Alpine8K_MainPartition_L2_X-4_Y-7
    [  4.2 min] 22/92  approve=22 reject=0  vram=3885 peak=3885  Alpine8K_HLODLayer_Merged/Alpine8K_HLODLayer_Instanced_L1_X-4_Y-7
    [  4.5 min] 22/92  approve=22 reject=0  vram=3885 peak=3885  Alpine8K_HLODLayer_Merged/Alpine8K_HLODLayer_Instanced_L1_X-4_Y-7
    [  4.9 min] 24/92  approve=24 reject=0  vram=3865 peak=3885  Alpine8K_HLODLayer_Merged/Alpine8K_HLODLayer_Instanced_L0_X6_Y-3
    [  5.2 min] 24/92  approve=24 reject=0  vram=3913 peak=3913  Alpine8K_HLODLayer_Merged/Alpine8K_HLODLayer_Instanced_L0_X6_Y-3
    [  5.5 min] 24/92  approve=24 reject=0  vram=3913 peak=3913  Alpine8K_HLODLayer_Merged/Alpine8K_HLODLayer_Instanced_L0_X6_Y-3
    [  5.9 min] 26/92  approve=26 reject=0  vram=3913 peak=3913  Alpine8K_HLODLayer_Merged/Alpine8K_HLODLayer_Instanced_L0_X-16_Y-9
    [  6.2 min] 26/92  approve=26 reject=0  vram=3962 peak=3962  Alpine8K_HLODLayer_Merged/Alpine8K_HLODLayer_Instanced_L0_X-16_Y-9
    [  6.6 min] 28/92  approve=28 reject=0  vram=3962 peak=3962  Alpine8K_HLODLayer_Merged/Alpine8K_HLODLayer_Instanced_L0_X12_Y-13
    [  6.9 min] 28/92  approve=28 reject=0  vram=4010 peak=4010  Alpine8K_HLODLayer_Merged/Alpine8K_HLODLayer_Instanced_L0_X12_Y-13
    [  7.2 min] 28/92  approve=28 reject=0  vram=4010 peak=4010  Alpine8K_HLODLayer_Merged/Alpine8K_HLODLayer_Instanced_L0_X12_Y-13
    [  7.6 min] 30/92  approve=30 reject=0  vram=4010 peak=4010  Alpine8K_HLODLayer_Merged/Alpine8K_HLODLayer_Instanced_L0_X-2_Y15
    [  7.9 min] 30/92  approve=30 reject=0  vram=4058 peak=4058  Alpine8K_HLODLayer_Merged/Alpine8K_HLODLayer_Instanced_L0_X-2_Y15
    [  8.3 min] 30/92  approve=30 reject=0  vram=4058 peak=4058  Alpine8K_HLODLayer_Merged/Alpine8K_HLODLayer_Instanced_L0_X-2_Y15
    [  8.6 min] 32/92  approve=32 reject=0  vram=4575 peak=4575  Alpine8K_HLODLayer_Merged/Alpine8K_HLODLayer_Instanced_L1_X-8_Y5
    [  8.9 min] 32/92  approve=32 reject=0  vram=4575 peak=4575  Alpine8K_HLODLayer_Merged/Alpine8K_HLODLayer_Instanced_L1_X-8_Y5
    [  9.3 min] 32/92  approve=32 reject=0  vram=4575 peak=4575  Alpine8K_HLODLayer_Merged/Alpine8K_HLODLayer_Instanced_L1_X-8_Y5
    [  9.6 min] 34/92  approve=34 reject=0  vram=4604 peak=4604  Alpine8K_HLODLayer_Merged/Alpine8K_HLODLayer_Instanced_L0_X-7_Y-12
    [  9.9 min] 36/92  approve=36 reject=0  vram=4604 peak=4604  Alpine8K_HLODLayer_Merged/Alpine8K_HLODLayer_Instanced_L0_X-12_Y9
    [ 10.3 min] 36/92  approve=36 reject=0  vram=4652 peak=4652  Alpine8K_HLODLayer_Merged/Alpine8K_HLODLayer_Instanced_L0_X-12_Y9
    [ 10.6 min] 36/92  approve=36 reject=0  vram=4652 peak=4652  Alpine8K_HLODLayer_Merged/Alpine8K_HLODLayer_Instanced_L0_X-12_Y9
    [ 11.0 min] 38/92  approve=38 reject=0  vram=5137 peak=5137  Alpine8K_HLODLayer_Merged/Alpine8K_HLODLayer_Instanced_L1_X4_Y0
    [ 11.3 min] 38/92  approve=38 reject=0  vram=5137 peak=5137  Alpine8K_HLODLayer_Merged/Alpine8K_HLODLayer_Instanced_L1_X4_Y0
    [ 11.6 min] 40/92  approve=40 reject=0  vram=5117 peak=5137  Alpine8K_HLODLayer_Merged/Alpine8K_HLODLayer_Instanced_L0_X8_Y1
    [ 12.0 min] 40/92  approve=40 reject=0  vram=5117 peak=5137  Alpine8K_HLODLayer_Merged/Alpine8K_HLODLayer_Instanced_L0_X8_Y1
    [ 12.3 min] 40/92  approve=40 reject=0  vram=5166 peak=5166  Alpine8K_HLODLayer_Merged/Alpine8K_HLODLayer_Instanced_L0_X8_Y1
    [ 12.7 min] 40/92  approve=40 reject=0  vram=5166 peak=5166  Alpine8K_HLODLayer_Merged/Alpine8K_HLODLayer_Instanced_L0_X8_Y1
    [ 13.0 min] 42/92  approve=42 reject=0  vram=5683 peak=5683  Alpine8K_HLODLayer_Merged/Alpine8K_HLODLayer_Instanced_L1_X-3_Y-5
    [ 13.3 min] 42/92  approve=42 reject=0  vram=5683 peak=5683  Alpine8K_HLODLayer_Merged/Alpine8K_HLODLayer_Instanced_L1_X-3_Y-5
    [ 13.7 min] 44/92  approve=44 reject=0  vram=6147 peak=6147  Alpine8K_HLODLayer_Merged/Alpine8K_HLODLayer_Instanced_L1_X-7_Y4
    [ 14.0 min] 44/92  approve=44 reject=0  vram=6147 peak=6147  Alpine8K_HLODLayer_Merged/Alpine8K_HLODLayer_Instanced_L1_X-7_Y4
    [ 14.3 min] 44/92  approve=44 reject=0  vram=6147 peak=6147  Alpine8K_HLODLayer_Merged/Alpine8K_HLODLayer_Instanced_L1_X-7_Y4
    [ 14.7 min] 47/92  approve=46 reject=0  vram=6176 peak=6176  Alpine8K_HLODLayer_Instanced/Alpine8K_MainPartition_L2_X-2_Y2
    [ 15.0 min] 48/92  approve=48 reject=0  vram=6660 peak=6660  Alpine8K_HLODLayer_Merged/Alpine8K_HLODLayer_Instanced_L1_X-2_Y2
    [ 15.3 min] 48/92  approve=48 reject=0  vram=6660 peak=6660  Alpine8K_HLODLayer_Merged/Alpine8K_HLODLayer_Instanced_L1_X-2_Y2
    [ 15.7 min] 50/92  approve=50 reject=0  vram=7157 peak=7157  Alpine8K_HLODLayer_Merged/Alpine8K_HLODLayer_Instanced_L1_X6_Y-8
    [ 16.0 min] 50/92  approve=50 reject=0  vram=7157 peak=7157  Alpine8K_HLODLayer_Merged/Alpine8K_HLODLayer_Instanced_L1_X6_Y-8
    [ 16.3 min] 50/92  approve=50 reject=0  vram=7157 peak=7157  Alpine8K_HLODLayer_Merged/Alpine8K_HLODLayer_Instanced_L1_X6_Y-8
    [ 16.7 min] 52/92  approve=52 reject=0  vram=7622 peak=7622  Alpine8K_HLODLayer_Merged/Alpine8K_HLODLayer_Instanced_L1_X5_Y1
    [ 17.0 min] 52/92  approve=52 reject=0  vram=7622 peak=7622  Alpine8K_HLODLayer_Merged/Alpine8K_HLODLayer_Instanced_L1_X5_Y1
    [ 17.3 min] 54/92  approve=54 reject=0  vram=7602 peak=7622  Alpine8K_HLODLayer_Merged/Alpine8K_HLODLayer_Instanced_L0_X-12_Y6
    [ 17.7 min] 54/92  approve=54 reject=0  vram=7650 peak=7650  Alpine8K_HLODLayer_Merged/Alpine8K_HLODLayer_Instanced_L0_X-12_Y6
    [ 18.0 min] 56/92  approve=56 reject=0  vram=7650 peak=7650  Alpine8K_HLODLayer_Merged/Alpine8K_HLODLayer_Instanced_L0_X10_Y-13
    [ 18.4 min] 56/92  approve=56 reject=0  vram=7650 peak=7650  Alpine8K_HLODLayer_Merged/Alpine8K_HLODLayer_Instanced_L0_X10_Y-13
    [ 18.7 min] 56/92  approve=56 reject=0  vram=7699 peak=7699  Alpine8K_HLODLayer_Merged/Alpine8K_HLODLayer_Instanced_L0_X10_Y-13
    [ 19.0 min] 56/92  approve=56 reject=0  vram=7699 peak=7699  Alpine8K_HLODLayer_Merged/Alpine8K_HLODLayer_Instanced_L0_X10_Y-13
    [ 19.4 min] 58/92  approve=58 reject=0  vram=7731 peak=7731  Alpine8K_HLODLayer_Merged/Alpine8K_HLODLayer_Instanced_L0_X1_Y13
    [ 19.7 min] 58/92  approve=58 reject=0  vram=7779 peak=7779  Alpine8K_HLODLayer_Merged/Alpine8K_HLODLayer_Instanced_L0_X1_Y13
    [ 20.1 min] 58/92  approve=58 reject=0  vram=7779 peak=7779  Alpine8K_HLODLayer_Merged/Alpine8K_HLODLayer_Instanced_L0_X1_Y13
    [ 20.4 min] 60/92  approve=60 reject=0  vram=7779 peak=7779  Alpine8K_HLODLayer_Merged/Alpine8K_HLODLayer_Instanced_L0_X-15_Y9
    [ 20.7 min] 60/92  approve=60 reject=0  vram=7779 peak=7779  Alpine8K_HLODLayer_Merged/Alpine8K_HLODLayer_Instanced_L0_X-15_Y9
    [ 21.1 min] 60/92  approve=60 reject=0  vram=7840 peak=7840  Alpine8K_HLODLayer_Merged/Alpine8K_HLODLayer_Instanced_L0_X-15_Y9
    [ 21.4 min] 60/92  approve=60 reject=0  vram=7827 peak=7840  Alpine8K_HLODLayer_Merged/Alpine8K_HLODLayer_Instanced_L0_X-15_Y9
    [ 21.7 min] 62/92  approve=62 reject=0  vram=8313 peak=8313  Alpine8K_HLODLayer_Merged/Alpine8K_HLODLayer_Instanced_L1_X-1_Y6
    [ 22.1 min] 62/92  approve=62 reject=0  vram=8313 peak=8313  Alpine8K_HLODLayer_Merged/Alpine8K_HLODLayer_Instanced_L1_X-1_Y6
    [ 22.4 min] 64/92  approve=64 reject=0  vram=8293 peak=8313  Alpine8K_HLODLayer_Merged/Alpine8K_HLODLayer_Instanced_L0_X10_Y1
    [ 22.8 min] 64/92  approve=64 reject=0  vram=8293 peak=8313  Alpine8K_HLODLayer_Merged/Alpine8K_HLODLayer_Instanced_L0_X10_Y1
    [ 23.1 min] 64/92  approve=64 reject=0  vram=8341 peak=8341  Alpine8K_HLODLayer_Merged/Alpine8K_HLODLayer_Instanced_L0_X10_Y1
    [ 23.4 min] 64/92  approve=64 reject=0  vram=8341 peak=8341  Alpine8K_HLODLayer_Merged/Alpine8K_HLODLayer_Instanced_L0_X10_Y1
    [ 23.8 min] 66/92  approve=66 reject=0  vram=8858 peak=8858  Alpine8K_HLODLayer_Merged/Alpine8K_HLODLayer_Instanced_L1_X-6_Y0
    [ 24.1 min] 66/92  approve=66 reject=0  vram=8858 peak=8858  Alpine8K_HLODLayer_Merged/Alpine8K_HLODLayer_Instanced_L1_X-6_Y0
    [ 24.4 min] 68/92  approve=68 reject=0  vram=8886 peak=8886  Alpine8K_HLODLayer_Merged/Alpine8K_HLODLayer_Instanced_L0_X4_Y15
    [ 24.8 min] 70/92  approve=70 reject=0  vram=9371 peak=9371  Alpine8K_HLODLayer_Merged/Alpine8K_HLODLayer_Instanced_L1_X-8_Y2
    [ 25.1 min] 70/92  approve=70 reject=0  vram=9371 peak=9371  Alpine8K_HLODLayer_Merged/Alpine8K_HLODLayer_Instanced_L1_X-8_Y2
    [ 25.4 min] 70/92  approve=70 reject=0  vram=9371 peak=9371  Alpine8K_HLODLayer_Merged/Alpine8K_HLODLayer_Instanced_L1_X-8_Y2
    [ 25.8 min] 72/92  approve=72 reject=0  vram=9836 peak=9836  Alpine8K_HLODLayer_Merged/Alpine8K_HLODLayer_Instanced_L1_X7_Y7
    [ 26.1 min] 72/92  approve=72 reject=0  vram=9836 peak=9836  Alpine8K_HLODLayer_Merged/Alpine8K_HLODLayer_Instanced_L1_X7_Y7
    [ 26.4 min] 74/92  approve=74 reject=0  vram=9864 peak=9864  Alpine8K_HLODLayer_Merged/Alpine8K_HLODLayer_Instanced_L0_X-3_Y-11
    [ 26.8 min] 76/92  approve=76 reject=0  vram=9912 peak=9912  Alpine8K_HLODLayer_Merged/Alpine8K_HLODLayer_Instanced_L0_X7_Y-10
    [ 27.1 min] 78/92  approve=78 reject=0  vram=9912 peak=9912  Alpine8K_HLODLayer_Merged/Alpine8K_HLODLayer_Instanced_L0_X14_Y-9
    [ 27.5 min] 78/92  approve=78 reject=0  vram=9912 peak=9912  Alpine8K_HLODLayer_Merged/Alpine8K_HLODLayer_Instanced_L0_X14_Y-9
    [ 27.8 min] 78/92  approve=78 reject=0  vram=9961 peak=9961  Alpine8K_HLODLayer_Merged/Alpine8K_HLODLayer_Instanced_L0_X14_Y-9
    [ 28.2 min] 78/92  approve=78 reject=0  vram=9961 peak=9961  Alpine8K_HLODLayer_Merged/Alpine8K_HLODLayer_Instanced_L0_X14_Y-9
    [ 28.5 min] 78/92  approve=78 reject=0  vram=9961 peak=9961  Alpine8K_HLODLayer_Merged/Alpine8K_HLODLayer_Instanced_L0_X14_Y-9
    [ 28.8 min] 80/92  approve=80 reject=0  vram=9961 peak=9961  Alpine8K_HLODLayer_Merged/Alpine8K_HLODLayer_Instanced_L0_X14_Y-2
    [ 29.2 min] 80/92  approve=80 reject=0  vram=9961 peak=9961  Alpine8K_HLODLayer_Merged/Alpine8K_HLODLayer_Instanced_L0_X14_Y-2
    [ 29.5 min] 80/92  approve=80 reject=0  vram=10009 peak=10009  Alpine8K_HLODLayer_Merged/Alpine8K_HLODLayer_Instanced_L0_X14_Y-2
    [ 29.8 min] 80/92  approve=80 reject=0  vram=10009 peak=10009  Alpine8K_HLODLayer_Merged/Alpine8K_HLODLayer_Instanced_L0_X14_Y-2
    [ 30.2 min] 80/92  approve=80 reject=0  vram=10009 peak=10009  Alpine8K_HLODLayer_Merged/Alpine8K_HLODLayer_Instanced_L0_X14_Y-2
    [ 30.5 min] 82/92  approve=82 reject=0  vram=10526 peak=10526  Alpine8K_HLODLayer_Merged/Alpine8K_HLODLayer_Instanced_L1_X2_Y5
    [ 30.8 min] 82/92  approve=82 reject=0  vram=10526 peak=10526  Alpine8K_HLODLayer_Merged/Alpine8K_HLODLayer_Instanced_L1_X2_Y5
    [ 31.2 min] 84/92  approve=84 reject=0  vram=10506 peak=10526  Alpine8K_HLODLayer_Merged/Alpine8K_HLODLayer_Instanced_L0_X-2_Y9
    [ 31.5 min] 84/92  approve=84 reject=0  vram=10506 peak=10526  Alpine8K_HLODLayer_Merged/Alpine8K_HLODLayer_Instanced_L0_X-2_Y9
    [ 31.9 min] 84/92  approve=84 reject=0  vram=10554 peak=10554  Alpine8K_HLODLayer_Merged/Alpine8K_HLODLayer_Instanced_L0_X-2_Y9
    [ 32.2 min] 84/92  approve=84 reject=0  vram=10554 peak=10554  Alpine8K_HLODLayer_Merged/Alpine8K_HLODLayer_Instanced_L0_X-2_Y9
    [ 32.5 min] 84/92  approve=84 reject=0  vram=10554 peak=10554  Alpine8K_HLODLayer_Merged/Alpine8K_HLODLayer_Instanced_L0_X-2_Y9
    [ 32.9 min] 86/92  approve=86 reject=0  vram=10602 peak=10602  Alpine8K_HLODLayer_Merged/Alpine8K_HLODLayer_Instanced_L0_X-11_Y2
    [ 33.2 min] 88/92  approve=88 reject=0  vram=10602 peak=10602  Alpine8K_HLODLayer_Merged/Alpine8K_HLODLayer_Instanced_L0_X4_Y-13
    [ 33.5 min] 88/92  approve=88 reject=0  vram=10651 peak=10651  Alpine8K_HLODLayer_Merged/Alpine8K_HLODLayer_Instanced_L0_X4_Y-13
    [ 33.9 min] 90/92  approve=90 reject=0  vram=10651 peak=10651  Alpine8K_HLODLayer_Merged/Alpine8K_HLODLayer_Instanced_L0_X-14_Y-16
    [ 34.2 min] 90/92  approve=90 reject=0  vram=10699 peak=10699  Alpine8K_HLODLayer_Merged/Alpine8K_HLODLayer_Instanced_L0_X-14_Y-16
    [ 34.5 min] 92/92  approve=92 reject=0  vram=10699 peak=10699  Alpine8K_HLODLayer_Merged/Alpine8K_HLODLayer_Instanced_L0_X-8_Y-1
    [ 34.9 min] 92/92  approve=92 reject=0  vram=8868 peak=10747  Alpine8K_HLODLayer_Merged/Alpine8K_HLODLayer_Instanced_L0_X-8_Y-1
    done rc=1 in 35.0 min | approve=92 reject=0 | STALE 0 -> 0 (-0), current=1042 | vram peak 10747 MiB | true_exit=True | written=92 torn=0 last_write_to_exit=11.475s
  attribution  building-lines 92  decisions 92  approved 92  rejected 0
    Alpine8K_HLODLayer_Instanced       approve 49     reject 0       from Alpine8K_MainPartition x49
    Alpine8K_HLODLayer_Merged          approve 43     reject 0       from Alpine8K_HLODLayer_Instanced x43
warning: in the working copy of '_verify/hlod/build_20260914b/batches.json', CRLF will be replaced by LF the next time Git touches it
warning: in the working copy of '_verify/hlod/build_20260914b/run_console.log', LF will be replaced by CRLF the next time Git touches it
warning: in the working copy of '_verify/hlod/build_20260914b/batch_18.log', LF will be replaced by CRLF the next time Git touches it
[main f8d4f1fa] HLOD batch 18: 0 cells de-staled, 0 -> 0 left, 35.0 min, VRAM peak 10747 MiB
 4 files changed, 4844 insertions(+), 3 deletions(-)
 create mode 100644 _verify/hlod/build_20260914b/batch_18.log

=== batch_19 (attempt 1) ===
    cells in section: 92   stale(MeshMerge(1)) now: 0
    [  0.2 min] 0/0  approve=0 reject=0  vram=223 peak=223  -
    [  0.5 min] 3/92  approve=3 reject=0  vram=1495 peak=1495  Alpine8K_HLODLayer_Merged/Alpine8K_HLODLayer_Instanced_L0_X12_Y-9
    [  0.8 min] 3/92  approve=3 reject=0  vram=2935 peak=2935  Alpine8K_HLODLayer_Merged/Alpine8K_HLODLayer_Instanced_L0_X12_Y-9
    [  1.2 min] 3/92  approve=3 reject=0  vram=2936 peak=2936  Alpine8K_HLODLayer_Merged/Alpine8K_HLODLayer_Instanced_L0_X12_Y-9
    [  1.5 min] 6/92  approve=6 reject=0  vram=3017 peak=3017  Alpine8K_HLODLayer_Merged/Alpine8K_HLODLayer_Instanced_L0_X4_Y14
    [  1.8 min] 9/92  approve=9 reject=0  vram=3065 peak=3065  Alpine8K_HLODLayer_Merged/Alpine8K_HLODLayer_Instanced_L0_X-7_Y-2
    [  2.2 min] 12/92  approve=12 reject=0  vram=3113 peak=3113  Alpine8K_HLODLayer_Merged/Alpine8K_HLODLayer_Instanced_L0_X13_Y15
    [  2.5 min] 15/92  approve=15 reject=0  vram=3162 peak=3162  Alpine8K_HLODLayer_Merged/Alpine8K_HLODLayer_Instanced_L0_X-9_Y-9
    [  2.9 min] 18/92  approve=18 reject=0  vram=3162 peak=3162  Alpine8K_HLODLayer_Merged/Alpine8K_HLODLayer_Instanced_L0_X11_Y1
    [  3.2 min] 18/92  approve=18 reject=0  vram=3210 peak=3210  Alpine8K_HLODLayer_Merged/Alpine8K_HLODLayer_Instanced_L0_X11_Y1
    [  3.5 min] 18/92  approve=18 reject=0  vram=3210 peak=3210  Alpine8K_HLODLayer_Merged/Alpine8K_HLODLayer_Instanced_L0_X11_Y1
    [  3.9 min] 18/92  approve=18 reject=0  vram=3210 peak=3210  Alpine8K_HLODLayer_Merged/Alpine8K_HLODLayer_Instanced_L0_X11_Y1
    [  4.2 min] 20/92  approve=20 reject=0  vram=3837 peak=3837  Alpine8K_HLODLayer_Merged/Alpine8K_HLODLayer_Instanced_L1_X-6_Y-6
    [  4.5 min] 20/92  approve=20 reject=0  vram=3837 peak=3837  Alpine8K_HLODLayer_Merged/Alpine8K_HLODLayer_Instanced_L1_X-6_Y-6
    [  4.9 min] 22/92  approve=22 reject=0  vram=3865 peak=3865  Alpine8K_HLODLayer_Merged/Alpine8K_HLODLayer_Instanced_L0_X-1_Y-15
    [  5.2 min] 24/92  approve=24 reject=0  vram=4415 peak=4415  Alpine8K_HLODLayer_Merged/Alpine8K_HLODLayer_Instanced_L1_X6_Y4
    [  5.5 min] 24/92  approve=24 reject=0  vram=4415 peak=4415  Alpine8K_HLODLayer_Merged/Alpine8K_HLODLayer_Instanced_L1_X6_Y4
    [  5.9 min] 26/92  approve=26 reject=0  vram=4395 peak=4415  Alpine8K_HLODLayer_Merged/Alpine8K_HLODLayer_Instanced_L0_X9_Y-9
    [  6.2 min] 26/92  approve=26 reject=0  vram=4444 peak=4444  Alpine8K_HLODLayer_Merged/Alpine8K_HLODLayer_Instanced_L0_X9_Y-9
    [  6.6 min] 28/92  approve=28 reject=0  vram=4444 peak=4444  Alpine8K_HLODLayer_Merged/Alpine8K_HLODLayer_Instanced_L0_X14_Y-10
    [  6.9 min] 28/92  approve=28 reject=0  vram=4492 peak=4492  Alpine8K_HLODLayer_Merged/Alpine8K_HLODLayer_Instanced_L0_X14_Y-10
    [  7.2 min] 28/92  approve=28 reject=0  vram=4492 peak=4492  Alpine8K_HLODLayer_Merged/Alpine8K_HLODLayer_Instanced_L0_X14_Y-10
    [  7.6 min] 28/92  approve=28 reject=0  vram=4492 peak=4492  Alpine8K_HLODLayer_Merged/Alpine8K_HLODLayer_Instanced_L0_X14_Y-10
    [  7.9 min] 30/92  approve=30 reject=0  vram=4492 peak=4492  Alpine8K_HLODLayer_Merged/Alpine8K_HLODLayer_Instanced_L0_X-16_Y-14
    [  8.2 min] 30/92  approve=30 reject=0  vram=4540 peak=4540  Alpine8K_HLODLayer_Merged/Alpine8K_HLODLayer_Instanced_L0_X-16_Y-14
    [  8.6 min] 30/92  approve=30 reject=0  vram=4540 peak=4540  Alpine8K_HLODLayer_Merged/Alpine8K_HLODLayer_Instanced_L0_X-16_Y-14
    [  8.9 min] 32/92  approve=32 reject=0  vram=4540 peak=4540  Alpine8K_HLODLayer_Merged/Alpine8K_HLODLayer_Instanced_L0_X15_Y0
    [  9.2 min] 32/92  approve=32 reject=0  vram=4589 peak=4589  Alpine8K_HLODLayer_Merged/Alpine8K_HLODLayer_Instanced_L0_X15_Y0
    [  9.6 min] 32/92  approve=32 reject=0  vram=4589 peak=4589  Alpine8K_HLODLayer_Merged/Alpine8K_HLODLayer_Instanced_L0_X15_Y0
    [  9.9 min] 32/92  approve=32 reject=0  vram=4589 peak=4589  Alpine8K_HLODLayer_Merged/Alpine8K_HLODLayer_Instanced_L0_X15_Y0
    [ 10.3 min] 34/92  approve=34 reject=0  vram=4637 peak=4637  Alpine8K_HLODLayer_Merged/Alpine8K_HLODLayer_Instanced_L0_X-15_Y6
    [ 10.6 min] 36/92  approve=36 reject=0  vram=4637 peak=4637  Alpine8K_HLODLayer_Merged/Alpine8K_HLODLayer_Instanced_L0_X-8_Y-2
    [ 10.9 min] 36/92  approve=36 reject=0  vram=4685 peak=4685  Alpine8K_HLODLayer_Merged/Alpine8K_HLODLayer_Instanced_L0_X-8_Y-2
    [ 11.3 min] 38/92  approve=38 reject=0  vram=4734 peak=4734  Alpine8K_HLODLayer_Merged/Alpine8K_HLODLayer_Instanced_L0_X-9_Y-5
    [ 11.6 min] 40/92  approve=40 reject=0  vram=4734 peak=4734  Alpine8K_HLODLayer_Merged/Alpine8K_HLODLayer_Instanced_L0_X6_Y-5
    [ 11.9 min] 40/92  approve=40 reject=0  vram=4782 peak=4782  Alpine8K_HLODLayer_Merged/Alpine8K_HLODLayer_Instanced_L0_X6_Y-5
    [ 12.3 min] 40/92  approve=40 reject=0  vram=4782 peak=4782  Alpine8K_HLODLayer_Merged/Alpine8K_HLODLayer_Instanced_L0_X6_Y-5
    [ 12.6 min] 42/92  approve=42 reject=0  vram=4782 peak=4782  Alpine8K_HLODLayer_Merged/Alpine8K_HLODLayer_Instanced_L0_X-1_Y11
    [ 12.9 min] 42/92  approve=42 reject=0  vram=4830 peak=4830  Alpine8K_HLODLayer_Merged/Alpine8K_HLODLayer_Instanced_L0_X-1_Y11
    [ 13.3 min] 42/92  approve=42 reject=0  vram=4830 peak=4830  Alpine8K_HLODLayer_Merged/Alpine8K_HLODLayer_Instanced_L0_X-1_Y11
    [ 13.6 min] 44/92  approve=44 reject=0  vram=4830 peak=4830  Alpine8K_HLODLayer_Merged/Alpine8K_HLODLayer_Instanced_L0_X-10_Y-7
    [ 13.9 min] 44/92  approve=44 reject=0  vram=4878 peak=4878  Alpine8K_HLODLayer_Merged/Alpine8K_HLODLayer_Instanced_L0_X-10_Y-7
    [ 14.3 min] 46/92  approve=46 reject=0  vram=5331 peak=5331  Alpine8K_HLODLayer_Merged/Alpine8K_HLODLayer_Instanced_L1_X5_Y-6
    [ 14.6 min] 46/92  approve=46 reject=0  vram=5331 peak=5331  Alpine8K_HLODLayer_Merged/Alpine8K_HLODLayer_Instanced_L1_X5_Y-6
    [ 14.9 min] 47/92  approve=46 reject=0  vram=5311 peak=5331  Alpine8K_HLODLayer_Instanced/Alpine8K_MainPartition_L1_X-9_Y13
    [ 15.3 min] 48/92  approve=48 reject=0  vram=5311 peak=5331  Alpine8K_HLODLayer_Merged/Alpine8K_HLODLayer_Instanced_L0_X-9_Y13
    [ 15.6 min] 48/92  approve=48 reject=0  vram=5360 peak=5360  Alpine8K_HLODLayer_Merged/Alpine8K_HLODLayer_Instanced_L0_X-9_Y13
    [ 16.0 min] 48/92  approve=48 reject=0  vram=5360 peak=5360  Alpine8K_HLODLayer_Merged/Alpine8K_HLODLayer_Instanced_L0_X-9_Y13
    [ 16.3 min] 50/92  approve=50 reject=0  vram=5408 peak=5408  Alpine8K_HLODLayer_Merged/Alpine8K_HLODLayer_Instanced_L0_X-13_Y-15
    [ 16.6 min] 50/92  approve=50 reject=0  vram=5408 peak=5408  Alpine8K_HLODLayer_Merged/Alpine8K_HLODLayer_Instanced_L0_X-13_Y-15
    [ 17.0 min] 52/92  approve=52 reject=0  vram=5408 peak=5408  Alpine8K_HLODLayer_Merged/Alpine8K_HLODLayer_Instanced_L0_X15_Y-13
    [ 17.3 min] 52/92  approve=52 reject=0  vram=5456 peak=5456  Alpine8K_HLODLayer_Merged/Alpine8K_HLODLayer_Instanced_L0_X15_Y-13
    [ 17.6 min] 52/92  approve=52 reject=0  vram=5456 peak=5456  Alpine8K_HLODLayer_Merged/Alpine8K_HLODLayer_Instanced_L0_X15_Y-13
    [ 18.0 min] 53/92  approve=52 reject=0  vram=5456 peak=5456  Alpine8K_HLODLayer_Instanced/Alpine8K_MainPartition_L2_X1_Y5
    [ 18.3 min] 54/92  approve=54 reject=0  vram=5973 peak=5973  Alpine8K_HLODLayer_Merged/Alpine8K_HLODLayer_Instanced_L1_X1_Y5
    [ 18.7 min] 54/92  approve=54 reject=0  vram=5973 peak=5973  Alpine8K_HLODLayer_Merged/Alpine8K_HLODLayer_Instanced_L1_X1_Y5
    [ 19.0 min] 56/92  approve=56 reject=0  vram=6438 peak=6438  Alpine8K_HLODLayer_Merged/Alpine8K_HLODLayer_Instanced_L1_X5_Y-3
    [ 19.3 min] 56/92  approve=56 reject=0  vram=6438 peak=6438  Alpine8K_HLODLayer_Merged/Alpine8K_HLODLayer_Instanced_L1_X5_Y-3
    [ 19.7 min] 58/92  approve=58 reject=0  vram=6935 peak=6935  Alpine8K_HLODLayer_Merged/Alpine8K_HLODLayer_Instanced_L1_X-6_Y4
    [ 20.0 min] 58/92  approve=58 reject=0  vram=6935 peak=6935  Alpine8K_HLODLayer_Merged/Alpine8K_HLODLayer_Instanced_L1_X-6_Y4
    [ 20.3 min] 60/92  approve=60 reject=0  vram=6915 peak=6935  Alpine8K_HLODLayer_Merged/Alpine8K_HLODLayer_Instanced_L0_X7_Y1
    [ 20.7 min] 60/92  approve=60 reject=0  vram=6915 peak=6935  Alpine8K_HLODLayer_Merged/Alpine8K_HLODLayer_Instanced_L0_X7_Y1
    [ 21.0 min] 60/92  approve=60 reject=0  vram=6963 peak=6963  Alpine8K_HLODLayer_Merged/Alpine8K_HLODLayer_Instanced_L0_X7_Y1
    [ 21.3 min] 62/92  approve=62 reject=0  vram=6963 peak=6963  Alpine8K_HLODLayer_Merged/Alpine8K_HLODLayer_Instanced_L0_X-11_Y7
    [ 21.7 min] 62/92  approve=62 reject=0  vram=7012 peak=7012  Alpine8K_HLODLayer_Merged/Alpine8K_HLODLayer_Instanced_L0_X-11_Y7
    [ 22.0 min] 62/92  approve=62 reject=0  vram=7012 peak=7012  Alpine8K_HLODLayer_Merged/Alpine8K_HLODLayer_Instanced_L0_X-11_Y7
    [ 22.4 min] 64/92  approve=64 reject=0  vram=7528 peak=7528  Alpine8K_HLODLayer_Merged/Alpine8K_HLODLayer_Instanced_L1_X-2_Y7
    [ 22.7 min] 64/92  approve=64 reject=0  vram=7528 peak=7528  Alpine8K_HLODLayer_Merged/Alpine8K_HLODLayer_Instanced_L1_X-2_Y7
    [ 23.0 min] 66/92  approve=66 reject=0  vram=7508 peak=7528  Alpine8K_HLODLayer_Merged/Alpine8K_HLODLayer_Instanced_L0_X-5_Y12
    [ 23.4 min] 66/92  approve=66 reject=0  vram=7508 peak=7528  Alpine8K_HLODLayer_Merged/Alpine8K_HLODLayer_Instanced_L0_X-5_Y12
    [ 23.7 min] 66/92  approve=66 reject=0  vram=7557 peak=7557  Alpine8K_HLODLayer_Merged/Alpine8K_HLODLayer_Instanced_L0_X-5_Y12
    [ 24.0 min] 66/92  approve=66 reject=0  vram=7557 peak=7557  Alpine8K_HLODLayer_Merged/Alpine8K_HLODLayer_Instanced_L0_X-5_Y12
    [ 24.4 min] 66/92  approve=66 reject=0  vram=7557 peak=7557  Alpine8K_HLODLayer_Merged/Alpine8K_HLODLayer_Instanced_L0_X-5_Y12
    [ 24.7 min] 68/92  approve=68 reject=0  vram=7605 peak=7605  Alpine8K_HLODLayer_Merged/Alpine8K_HLODLayer_Instanced_L0_X8_Y-8
    [ 25.0 min] 68/92  approve=68 reject=0  vram=7605 peak=7605  Alpine8K_HLODLayer_Merged/Alpine8K_HLODLayer_Instanced_L0_X8_Y-8
    [ 25.4 min] 70/92  approve=70 reject=0  vram=7605 peak=7605  Alpine8K_HLODLayer_Merged/Alpine8K_HLODLayer_Instanced_L0_X-3_Y3
    [ 25.7 min] 70/92  approve=70 reject=0  vram=7653 peak=7653  Alpine8K_HLODLayer_Merged/Alpine8K_HLODLayer_Instanced_L0_X-3_Y3
    [ 26.1 min] 72/92  approve=72 reject=0  vram=7653 peak=7653  Alpine8K_HLODLayer_Merged/Alpine8K_HLODLayer_Instanced_L0_X-13_Y-16
    [ 26.4 min] 72/92  approve=72 reject=0  vram=7702 peak=7702  Alpine8K_HLODLayer_Merged/Alpine8K_HLODLayer_Instanced_L0_X-13_Y-16
    [ 26.7 min] 74/92  approve=74 reject=0  vram=7750 peak=7750  Alpine8K_HLODLayer_Merged/Alpine8K_HLODLayer_Instanced_L0_X-12_Y4
    [ 27.1 min] 76/92  approve=76 reject=0  vram=7750 peak=7750  Alpine8K_HLODLayer_Merged/Alpine8K_HLODLayer_Instanced_L0_X3_Y-16
    [ 27.4 min] 76/92  approve=76 reject=0  vram=7798 peak=7798  Alpine8K_HLODLayer_Merged/Alpine8K_HLODLayer_Instanced_L0_X3_Y-16
    [ 27.8 min] 78/92  approve=78 reject=0  vram=7798 peak=7798  Alpine8K_HLODLayer_Merged/Alpine8K_HLODLayer_Instanced_L0_X-11_Y-16
    [ 28.1 min] 78/92  approve=78 reject=0  vram=7846 peak=7846  Alpine8K_HLODLayer_Merged/Alpine8K_HLODLayer_Instanced_L0_X-11_Y-16
    [ 28.4 min] 80/92  approve=80 reject=0  vram=8331 peak=8331  Alpine8K_HLODLayer_Merged/Alpine8K_HLODLayer_Instanced_L1_X-4_Y4
    [ 28.8 min] 80/92  approve=80 reject=0  vram=8331 peak=8331  Alpine8K_HLODLayer_Merged/Alpine8K_HLODLayer_Instanced_L1_X-4_Y4
    [ 29.1 min] 82/92  approve=82 reject=0  vram=8360 peak=8360  Alpine8K_HLODLayer_Merged/Alpine8K_HLODLayer_Instanced_L0_X-9_Y-6
    [ 29.4 min] 84/92  approve=84 reject=0  vram=8876 peak=9200  Alpine8K_HLODLayer_Merged/Alpine8K_HLODLayer_Instanced_L1_X0_Y-8
    [ 29.8 min] 84/92  approve=84 reject=0  vram=8876 peak=9200  Alpine8K_HLODLayer_Merged/Alpine8K_HLODLayer_Instanced_L1_X0_Y-8
    [ 30.1 min] 86/92  approve=86 reject=0  vram=8856 peak=9200  Alpine8K_HLODLayer_Merged/Alpine8K_HLODLayer_Instanced_L0_X-14_Y10
    [ 30.5 min] 86/92  approve=86 reject=0  vram=8856 peak=9200  Alpine8K_HLODLayer_Merged/Alpine8K_HLODLayer_Instanced_L0_X-14_Y10
    [ 30.8 min] 86/92  approve=86 reject=0  vram=8905 peak=9200  Alpine8K_HLODLayer_Merged/Alpine8K_HLODLayer_Instanced_L0_X-14_Y10
    [ 31.1 min] 88/92  approve=88 reject=0  vram=8905 peak=9200  Alpine8K_HLODLayer_Merged/Alpine8K_HLODLayer_Instanced_L0_X-15_Y14
    [ 31.5 min] 88/92  approve=88 reject=0  vram=8905 peak=9200  Alpine8K_HLODLayer_Merged/Alpine8K_HLODLayer_Instanced_L0_X-15_Y14
    [ 31.8 min] 88/92  approve=88 reject=0  vram=8953 peak=9200  Alpine8K_HLODLayer_Merged/Alpine8K_HLODLayer_Instanced_L0_X-15_Y14
    [ 32.1 min] 88/92  approve=88 reject=0  vram=8953 peak=9200  Alpine8K_HLODLayer_Merged/Alpine8K_HLODLayer_Instanced_L0_X-15_Y14
    [ 32.5 min] 89/92  approve=88 reject=0  vram=8953 peak=9200  Alpine8K_HLODLayer_Instanced/Alpine8K_MainPartition_L1_X0_Y0
    [ 32.8 min] 92/92  approve=92 reject=0  vram=9001 peak=9200  Alpine8K_HLODLayer_Merged/Alpine8K_HLODLayer_Instanced_L0_X7_Y-8
    [ 33.2 min] 92/92  approve=92 reject=0  vram=9050 peak=9200  Alpine8K_HLODLayer_Merged/Alpine8K_HLODLayer_Instanced_L0_X7_Y-8
    [ 33.5 min] 92/92  approve=92 reject=0  vram=1527 peak=9200  Alpine8K_HLODLayer_Merged/Alpine8K_HLODLayer_Instanced_L0_X7_Y-8
    done rc=1 in 33.7 min | approve=92 reject=0 | STALE 0 -> 0 (-0), current=1042 | vram peak 9200 MiB | true_exit=True | written=92 torn=0 last_write_to_exit=18.44s
  attribution  building-lines 92  decisions 92  approved 92  rejected 0
    Alpine8K_HLODLayer_Instanced       approve 49     reject 0       from Alpine8K_MainPartition x49
    Alpine8K_HLODLayer_Merged          approve 43     reject 0       from Alpine8K_HLODLayer_Instanced x43
warning: in the working copy of '_verify/hlod/build_20260914b/batches.json', CRLF will be replaced by LF the next time Git touches it
warning: in the working copy of '_verify/hlod/build_20260914b/run_console.log', LF will be replaced by CRLF the next time Git touches it
warning: in the working copy of '_verify/hlod/build_20260914b/batch_19.log', LF will be replaced by CRLF the next time Git touches it
[main 439bedff] HLOD batch 19: 0 cells de-staled, 0 -> 0 left, 33.7 min, VRAM peak 9200 MiB
 4 files changed, 4496 insertions(+), 3 deletions(-)
 create mode 100644 _verify/hlod/build_20260914b/batch_19.log

=== batch_20 (attempt 1) ===
    cells in section: 92   stale(MeshMerge(1)) now: 0
    [  0.2 min] 0/0  approve=0 reject=0  vram=223 peak=223  -
    [  0.5 min] 3/92  approve=3 reject=0  vram=2934 peak=2934  Alpine8K_HLODLayer_Merged/Alpine8K_HLODLayer_Instanced_L0_X-11_Y-2
    [  0.8 min] 9/92  approve=9 reject=0  vram=3015 peak=3015  Alpine8K_HLODLayer_Merged/Alpine8K_HLODLayer_Instanced_L0_X4_Y-4
    [  1.2 min] 9/92  approve=9 reject=0  vram=3064 peak=3064  Alpine8K_HLODLayer_Merged/Alpine8K_HLODLayer_Instanced_L0_X4_Y-4
    [  1.5 min] 12/92  approve=12 reject=0  vram=3112 peak=3112  Alpine8K_HLODLayer_Merged/Alpine8K_HLODLayer_Instanced_L0_X0_Y9
    [  1.9 min] 15/92  approve=15 reject=0  vram=3112 peak=3112  Alpine8K_HLODLayer_Merged/Alpine8K_HLODLayer_Instanced_L0_X-16_Y-3
    [  2.2 min] 15/92  approve=15 reject=0  vram=3160 peak=3160  Alpine8K_HLODLayer_Merged/Alpine8K_HLODLayer_Instanced_L0_X-16_Y-3
    [  2.5 min] 15/92  approve=15 reject=0  vram=3160 peak=3160  Alpine8K_HLODLayer_Merged/Alpine8K_HLODLayer_Instanced_L0_X-16_Y-3
    [  2.9 min] 18/92  approve=18 reject=0  vram=3209 peak=3209  Alpine8K_HLODLayer_Merged/Alpine8K_HLODLayer_Instanced_L0_X-4_Y2
    [  3.2 min] 20/92  approve=20 reject=0  vram=3257 peak=3257  Alpine8K_HLODLayer_Merged/Alpine8K_HLODLayer_Instanced_L0_X-11_Y-14
    [  3.5 min] 22/92  approve=22 reject=0  vram=3884 peak=3884  Alpine8K_HLODLayer_Merged/Alpine8K_HLODLayer_Instanced_L1_X-1_Y-1
    [  3.9 min] 22/92  approve=22 reject=0  vram=3884 peak=3884  Alpine8K_HLODLayer_Merged/Alpine8K_HLODLayer_Instanced_L1_X-1_Y-1
    [  4.2 min] 24/92  approve=24 reject=0  vram=3864 peak=3884  Alpine8K_HLODLayer_Merged/Alpine8K_HLODLayer_Instanced_L0_X-10_Y-16
    [  4.5 min] 24/92  approve=24 reject=0  vram=3913 peak=3913  Alpine8K_HLODLayer_Merged/Alpine8K_HLODLayer_Instanced_L0_X-10_Y-16
    [  4.9 min] 26/92  approve=26 reject=0  vram=4590 peak=4590  Alpine8K_HLODLayer_Merged/Alpine8K_HLODLayer_Instanced_L1_X0_Y-4
    [  5.2 min] 26/92  approve=26 reject=0  vram=4590 peak=4590  Alpine8K_HLODLayer_Merged/Alpine8K_HLODLayer_Instanced_L1_X0_Y-4
    [  5.5 min] 28/92  approve=28 reject=0  vram=4570 peak=4590  Alpine8K_HLODLayer_Merged/Alpine8K_HLODLayer_Instanced_L0_X-6_Y12
    [  5.9 min] 28/92  approve=28 reject=0  vram=4618 peak=4618  Alpine8K_HLODLayer_Merged/Alpine8K_HLODLayer_Instanced_L0_X-6_Y12
    [  6.2 min] 28/92  approve=28 reject=0  vram=4618 peak=4618  Alpine8K_HLODLayer_Merged/Alpine8K_HLODLayer_Instanced_L0_X-6_Y12
    [  6.6 min] 30/92  approve=30 reject=0  vram=4618 peak=4618  Alpine8K_HLODLayer_Merged/Alpine8K_HLODLayer_Instanced_L0_X-12_Y-14
    [  6.9 min] 32/92  approve=32 reject=0  vram=4666 peak=4666  Alpine8K_HLODLayer_Merged/Alpine8K_HLODLayer_Instanced_L0_X-16_Y6
    [  7.2 min] 32/92  approve=32 reject=0  vram=4714 peak=4714  Alpine8K_HLODLayer_Merged/Alpine8K_HLODLayer_Instanced_L0_X-16_Y6
    [  7.6 min] 34/92  approve=34 reject=0  vram=4763 peak=4763  Alpine8K_HLODLayer_Merged/Alpine8K_HLODLayer_Instanced_L0_X3_Y1
    [  7.9 min] 36/92  approve=36 reject=0  vram=4763 peak=4763  Alpine8K_HLODLayer_Merged/Alpine8K_HLODLayer_Instanced_L0_X5_Y-4
    [  8.2 min] 36/92  approve=36 reject=0  vram=4811 peak=4811  Alpine8K_HLODLayer_Merged/Alpine8K_HLODLayer_Instanced_L0_X5_Y-4
    [  8.6 min] 36/92  approve=36 reject=0  vram=4811 peak=4811  Alpine8K_HLODLayer_Merged/Alpine8K_HLODLayer_Instanced_L0_X5_Y-4
    [  8.9 min] 38/92  approve=38 reject=0  vram=4811 peak=4811  Alpine8K_HLODLayer_Merged/Alpine8K_HLODLayer_Instanced_L0_X8_Y-6
    [  9.2 min] 38/92  approve=38 reject=0  vram=4860 peak=4860  Alpine8K_HLODLayer_Merged/Alpine8K_HLODLayer_Instanced_L0_X8_Y-6
    [  9.6 min] 42/92  approve=42 reject=0  vram=4909 peak=4909  Alpine8K_HLODLayer_Merged/Alpine8K_HLODLayer_Instanced_L0_X9_Y-10
    [  9.9 min] 42/92  approve=42 reject=0  vram=4957 peak=4957  Alpine8K_HLODLayer_Merged/Alpine8K_HLODLayer_Instanced_L0_X9_Y-10
    [ 10.2 min] 44/92  approve=44 reject=0  vram=5442 peak=5442  Alpine8K_HLODLayer_Merged/Alpine8K_HLODLayer_Instanced_L1_X5_Y-4
    [ 10.6 min] 44/92  approve=44 reject=0  vram=5442 peak=5442  Alpine8K_HLODLayer_Merged/Alpine8K_HLODLayer_Instanced_L1_X5_Y-4
    [ 10.9 min] 44/92  approve=44 reject=0  vram=5442 peak=5442  Alpine8K_HLODLayer_Merged/Alpine8K_HLODLayer_Instanced_L1_X5_Y-4
    [ 11.3 min] 46/92  approve=46 reject=0  vram=5454 peak=5454  Alpine8K_HLODLayer_Merged/Alpine8K_HLODLayer_Instanced_L0_X-12_Y13
    [ 11.6 min] 46/92  approve=46 reject=0  vram=5502 peak=5502  Alpine8K_HLODLayer_Merged/Alpine8K_HLODLayer_Instanced_L0_X-12_Y13
    [ 11.9 min] 46/92  approve=46 reject=0  vram=5502 peak=5502  Alpine8K_HLODLayer_Merged/Alpine8K_HLODLayer_Instanced_L0_X-12_Y13
    [ 12.3 min] 46/92  approve=46 reject=0  vram=5502 peak=5502  Alpine8K_HLODLayer_Merged/Alpine8K_HLODLayer_Instanced_L0_X-12_Y13
    [ 12.6 min] 48/92  approve=48 reject=0  vram=5391 peak=5502  Alpine8K_HLODLayer_Merged/Alpine8K_HLODLayer_Instanced_L0_X-4_Y-1
    [ 12.9 min] 50/92  approve=50 reject=0  vram=5391 peak=5502  Alpine8K_HLODLayer_Merged/Alpine8K_HLODLayer_Instanced_L0_X11_Y-16
    [ 13.3 min] 50/92  approve=50 reject=0  vram=5439 peak=5502  Alpine8K_HLODLayer_Merged/Alpine8K_HLODLayer_Instanced_L0_X11_Y-16
    [ 13.6 min] 52/92  approve=52 reject=0  vram=5439 peak=5502  Alpine8K_HLODLayer_Merged/Alpine8K_HLODLayer_Instanced_L0_X7_Y-2
    [ 13.9 min] 52/92  approve=52 reject=0  vram=5487 peak=5502  Alpine8K_HLODLayer_Merged/Alpine8K_HLODLayer_Instanced_L0_X7_Y-2
    [ 14.3 min] 52/92  approve=52 reject=0  vram=5487 peak=5502  Alpine8K_HLODLayer_Merged/Alpine8K_HLODLayer_Instanced_L0_X7_Y-2
    [ 14.6 min] 54/92  approve=54 reject=0  vram=5972 peak=5972  Alpine8K_HLODLayer_Merged/Alpine8K_HLODLayer_Instanced_L1_X2_Y-5
    [ 14.9 min] 54/92  approve=54 reject=0  vram=5972 peak=5972  Alpine8K_HLODLayer_Merged/Alpine8K_HLODLayer_Instanced_L1_X2_Y-5
    [ 15.3 min] 56/92  approve=56 reject=0  vram=5952 peak=5972  Alpine8K_HLODLayer_Merged/Alpine8K_HLODLayer_Instanced_L0_X14_Y-12
    [ 15.6 min] 56/92  approve=56 reject=0  vram=5952 peak=5972  Alpine8K_HLODLayer_Merged/Alpine8K_HLODLayer_Instanced_L0_X14_Y-12
    [ 16.0 min] 56/92  approve=56 reject=0  vram=6001 peak=6001  Alpine8K_HLODLayer_Merged/Alpine8K_HLODLayer_Instanced_L0_X14_Y-12
    [ 16.3 min] 56/92  approve=56 reject=0  vram=6001 peak=6001  Alpine8K_HLODLayer_Merged/Alpine8K_HLODLayer_Instanced_L0_X14_Y-12
    [ 16.6 min] 58/92  approve=58 reject=0  vram=6001 peak=6001  Alpine8K_HLODLayer_Merged/Alpine8K_HLODLayer_Instanced_L0_X-13_Y-6
    [ 17.0 min] 58/92  approve=58 reject=0  vram=6049 peak=6049  Alpine8K_HLODLayer_Merged/Alpine8K_HLODLayer_Instanced_L0_X-13_Y-6
    [ 17.3 min] 58/92  approve=58 reject=0  vram=6049 peak=6049  Alpine8K_HLODLayer_Merged/Alpine8K_HLODLayer_Instanced_L0_X-13_Y-6
    [ 17.6 min] 60/92  approve=60 reject=0  vram=6049 peak=6049  Alpine8K_HLODLayer_Merged/Alpine8K_HLODLayer_Instanced_L0_X11_Y-11
    [ 18.0 min] 60/92  approve=60 reject=0  vram=6097 peak=6097  Alpine8K_HLODLayer_Merged/Alpine8K_HLODLayer_Instanced_L0_X11_Y-11
    [ 18.3 min] 60/92  approve=60 reject=0  vram=6097 peak=6097  Alpine8K_HLODLayer_Merged/Alpine8K_HLODLayer_Instanced_L0_X11_Y-11
    [ 18.6 min] 62/92  approve=62 reject=0  vram=6146 peak=6146  Alpine8K_HLODLayer_Merged/Alpine8K_HLODLayer_Instanced_L0_X-3_Y-12
    [ 19.0 min] 64/92  approve=64 reject=0  vram=6146 peak=6146  Alpine8K_HLODLayer_Merged/Alpine8K_HLODLayer_Instanced_L0_X7_Y-5
    [ 19.3 min] 64/92  approve=64 reject=0  vram=6194 peak=6194  Alpine8K_HLODLayer_Merged/Alpine8K_HLODLayer_Instanced_L0_X7_Y-5
    [ 19.7 min] 66/92  approve=66 reject=0  vram=6711 peak=6711  Alpine8K_HLODLayer_Merged/Alpine8K_HLODLayer_Instanced_L1_X-6_Y3
    [ 20.0 min] 66/92  approve=66 reject=0  vram=6711 peak=6711  Alpine8K_HLODLayer_Merged/Alpine8K_HLODLayer_Instanced_L1_X-6_Y3
    [ 20.3 min] 66/92  approve=66 reject=0  vram=6711 peak=6711  Alpine8K_HLODLayer_Merged/Alpine8K_HLODLayer_Instanced_L1_X-6_Y3
    [ 20.7 min] 68/92  approve=68 reject=0  vram=7303 peak=7563  Alpine8K_HLODLayer_Merged/Alpine8K_HLODLayer_Instanced_L1_X-4_Y-4
    [ 21.0 min] 68/92  approve=68 reject=0  vram=7303 peak=7563  Alpine8K_HLODLayer_Merged/Alpine8K_HLODLayer_Instanced_L1_X-4_Y-4
    [ 21.3 min] 70/92  approve=70 reject=0  vram=7283 peak=7563  Alpine8K_HLODLayer_Merged/Alpine8K_HLODLayer_Instanced_L0_X-10_Y-6
    [ 21.7 min] 70/92  approve=70 reject=0  vram=7332 peak=7563  Alpine8K_HLODLayer_Merged/Alpine8K_HLODLayer_Instanced_L0_X-10_Y-6
    [ 22.0 min] 72/92  approve=72 reject=0  vram=7816 peak=7816  Alpine8K_HLODLayer_Merged/Alpine8K_HLODLayer_Instanced_L1_X0_Y5
    [ 22.4 min] 72/92  approve=72 reject=0  vram=7816 peak=7816  Alpine8K_HLODLayer_Merged/Alpine8K_HLODLayer_Instanced_L1_X0_Y5
    [ 22.7 min] 74/92  approve=74 reject=0  vram=8281 peak=8281  Alpine8K_HLODLayer_Merged/Alpine8K_HLODLayer_Instanced_L1_X-8_Y7
    [ 23.0 min] 74/92  approve=74 reject=0  vram=8281 peak=8281  Alpine8K_HLODLayer_Merged/Alpine8K_HLODLayer_Instanced_L1_X-8_Y7
    [ 23.4 min] 76/92  approve=76 reject=0  vram=8293 peak=8293  Alpine8K_HLODLayer_Merged/Alpine8K_HLODLayer_Instanced_L0_X7_Y-13
    [ 23.7 min] 76/92  approve=76 reject=0  vram=8293 peak=8293  Alpine8K_HLODLayer_Merged/Alpine8K_HLODLayer_Instanced_L0_X7_Y-13
    [ 24.1 min] 76/92  approve=76 reject=0  vram=8341 peak=8341  Alpine8K_HLODLayer_Merged/Alpine8K_HLODLayer_Instanced_L0_X7_Y-13
    [ 24.4 min] 78/92  approve=78 reject=0  vram=8390 peak=8390  Alpine8K_HLODLayer_Merged/Alpine8K_HLODLayer_Instanced_L0_X-13_Y0
    [ 24.7 min] 80/92  approve=80 reject=0  vram=8879 peak=9234  Alpine8K_HLODLayer_Merged/Alpine8K_HLODLayer_Instanced_L1_X2_Y-6
    [ 25.1 min] 80/92  approve=80 reject=0  vram=8879 peak=9234  Alpine8K_HLODLayer_Merged/Alpine8K_HLODLayer_Instanced_L1_X2_Y-6
    [ 25.4 min] 82/92  approve=82 reject=0  vram=8907 peak=9234  Alpine8K_HLODLayer_Merged/Alpine8K_HLODLayer_Instanced_L0_X-10_Y6
    [ 25.7 min] 84/92  approve=84 reject=0  vram=8907 peak=9234  Alpine8K_HLODLayer_Merged/Alpine8K_HLODLayer_Instanced_L0_X-13_Y-3
    [ 26.1 min] 84/92  approve=84 reject=0  vram=8956 peak=9234  Alpine8K_HLODLayer_Merged/Alpine8K_HLODLayer_Instanced_L0_X-13_Y-3
    [ 26.4 min] 86/92  approve=86 reject=0  vram=8956 peak=9234  Alpine8K_HLODLayer_Merged/Alpine8K_HLODLayer_Instanced_L0_X-12_Y-7
    [ 26.7 min] 86/92  approve=86 reject=0  vram=9004 peak=9234  Alpine8K_HLODLayer_Merged/Alpine8K_HLODLayer_Instanced_L0_X-12_Y-7
    [ 27.1 min] 88/92  approve=88 reject=0  vram=9004 peak=9234  Alpine8K_HLODLayer_Merged/Alpine8K_HLODLayer_Instanced_L0_X7_Y-7
    [ 27.4 min] 88/92  approve=88 reject=0  vram=9052 peak=9234  Alpine8K_HLODLayer_Merged/Alpine8K_HLODLayer_Instanced_L0_X7_Y-7
    [ 27.8 min] 90/92  approve=90 reject=0  vram=8956 peak=9234  Alpine8K_HLODLayer_Merged/Alpine8K_HLODLayer_Instanced_L0_X12_Y-5
    [ 28.1 min] 90/92  approve=90 reject=0  vram=9005 peak=9234  Alpine8K_HLODLayer_Merged/Alpine8K_HLODLayer_Instanced_L0_X12_Y-5
    [ 28.4 min] 92/92  approve=92 reject=0  vram=9005 peak=9234  Alpine8K_HLODLayer_Merged/Alpine8K_HLODLayer_Instanced_L0_X-3_Y9
    [ 28.8 min] 92/92  approve=92 reject=0  vram=9053 peak=9234  Alpine8K_HLODLayer_Merged/Alpine8K_HLODLayer_Instanced_L0_X-3_Y9
    [ 29.1 min] 92/92  approve=92 reject=0  vram=9053 peak=9234  Alpine8K_HLODLayer_Merged/Alpine8K_HLODLayer_Instanced_L0_X-3_Y9
    [ 29.4 min] 92/92  approve=92 reject=0  vram=9053 peak=9234  Alpine8K_HLODLayer_Merged/Alpine8K_HLODLayer_Instanced_L0_X-3_Y9
    [ 29.8 min] 92/92  approve=92 reject=0  vram=9053 peak=9234  Alpine8K_HLODLayer_Merged/Alpine8K_HLODLayer_Instanced_L0_X-3_Y9
    [ 30.1 min] 92/92  approve=92 reject=0  vram=11 peak=9234  Alpine8K_HLODLayer_Merged/Alpine8K_HLODLayer_Instanced_L0_X-3_Y9
    done rc=1 in 30.1 min | approve=92 reject=0 | STALE 0 -> 0 (-0), current=1042 | vram peak 9234 MiB | true_exit=True | written=92 torn=0 last_write_to_exit=16.055s
  attribution  building-lines 92  decisions 92  approved 92  rejected 0
    Alpine8K_HLODLayer_Instanced       approve 49     reject 0       from Alpine8K_MainPartition x49
    Alpine8K_HLODLayer_Merged          approve 43     reject 0       from Alpine8K_HLODLayer_Instanced x43
warning: in the working copy of '_verify/hlod/build_20260914b/batches.json', CRLF will be replaced by LF the next time Git touches it
warning: in the working copy of '_verify/hlod/build_20260914b/run_console.log', LF will be replaced by CRLF the next time Git touches it
warning: in the working copy of '_verify/hlod/build_20260914b/batch_20.log', LF will be replaced by CRLF the next time Git touches it
[main 194d426c] HLOD batch 20: 0 cells de-staled, 0 -> 0 left, 30.1 min, VRAM peak 9234 MiB
 4 files changed, 4455 insertions(+), 3 deletions(-)
 create mode 100644 _verify/hlod/build_20260914b/batch_20.log

=== batch_21 (attempt 1) ===
    cells in section: 92   stale(MeshMerge(1)) now: 0
    [  0.2 min] 0/0  approve=0 reject=0  vram=223 peak=223  -
    [  0.5 min] 3/92  approve=3 reject=0  vram=1495 peak=1495  Alpine8K_HLODLayer_Merged/Alpine8K_HLODLayer_Instanced_L0_X-15_Y-2
    [  0.8 min] 3/92  approve=3 reject=0  vram=2934 peak=2934  Alpine8K_HLODLayer_Merged/Alpine8K_HLODLayer_Instanced_L0_X-15_Y-2
    [  1.2 min] 3/92  approve=3 reject=0  vram=2934 peak=2934  Alpine8K_HLODLayer_Merged/Alpine8K_HLODLayer_Instanced_L0_X-15_Y-2
    [  1.5 min] 6/92  approve=6 reject=0  vram=2999 peak=2999  Alpine8K_HLODLayer_Merged/Alpine8K_HLODLayer_Instanced_L0_X-14_Y-13
    [  1.8 min] 6/92  approve=6 reject=0  vram=3015 peak=3015  Alpine8K_HLODLayer_Merged/Alpine8K_HLODLayer_Instanced_L0_X-14_Y-13
    [  2.2 min] 9/92  approve=9 reject=0  vram=3064 peak=3064  Alpine8K_HLODLayer_Merged/Alpine8K_HLODLayer_Instanced_L0_X7_Y-11
    [  2.5 min] 12/92  approve=12 reject=0  vram=3064 peak=3064  Alpine8K_HLODLayer_Merged/Alpine8K_HLODLayer_Instanced_L0_X-14_Y-1
    [  2.9 min] 12/92  approve=12 reject=0  vram=3112 peak=3112  Alpine8K_HLODLayer_Merged/Alpine8K_HLODLayer_Instanced_L0_X-14_Y-1
    [  3.2 min] 12/92  approve=12 reject=0  vram=3112 peak=3112  Alpine8K_HLODLayer_Merged/Alpine8K_HLODLayer_Instanced_L0_X-14_Y-1
    [  3.5 min] 15/92  approve=15 reject=0  vram=3160 peak=3160  Alpine8K_HLODLayer_Merged/Alpine8K_HLODLayer_Instanced_L0_X4_Y-5
    [  3.9 min] 18/92  approve=18 reject=0  vram=3209 peak=3209  Alpine8K_HLODLayer_Merged/Alpine8K_HLODLayer_Instanced_L0_X-4_Y8
    [  4.2 min] 20/92  approve=20 reject=0  vram=3257 peak=3257  Alpine8K_HLODLayer_Merged/Alpine8K_HLODLayer_Instanced_L0_X-16_Y15
    [  4.5 min] 20/92  approve=20 reject=0  vram=3257 peak=3257  Alpine8K_HLODLayer_Merged/Alpine8K_HLODLayer_Instanced_L0_X-16_Y15
    [  4.9 min] 22/92  approve=22 reject=0  vram=3883 peak=3883  Alpine8K_HLODLayer_Merged/Alpine8K_HLODLayer_Instanced_L1_X5_Y7
    [  5.2 min] 22/92  approve=22 reject=0  vram=3883 peak=3883  Alpine8K_HLODLayer_Merged/Alpine8K_HLODLayer_Instanced_L1_X5_Y7
    [  5.5 min] 23/92  approve=23 reject=0  vram=4705 peak=4705  Alpine8K_HLODLayer_Instanced/Alpine8K_MainPartition_L2_X-2_Y-1
    [  5.9 min] 24/92  approve=24 reject=0  vram=4382 peak=4705  Alpine8K_HLODLayer_Merged/Alpine8K_HLODLayer_Instanced_L1_X-2_Y-1
    [  6.2 min] 24/92  approve=24 reject=0  vram=4382 peak=4705  Alpine8K_HLODLayer_Merged/Alpine8K_HLODLayer_Instanced_L1_X-2_Y-1
    [  6.5 min] 26/92  approve=26 reject=0  vram=4362 peak=4705  Alpine8K_HLODLayer_Merged/Alpine8K_HLODLayer_Instanced_L0_X-16_Y-12
    [  6.9 min] 26/92  approve=26 reject=0  vram=4410 peak=4705  Alpine8K_HLODLayer_Merged/Alpine8K_HLODLayer_Instanced_L0_X-16_Y-12
    [  7.2 min] 28/92  approve=28 reject=0  vram=4459 peak=4705  Alpine8K_HLODLayer_Merged/Alpine8K_HLODLayer_Instanced_L0_X-4_Y-10
    [  7.6 min] 30/92  approve=30 reject=0  vram=4507 peak=4705  Alpine8K_HLODLayer_Merged/Alpine8K_HLODLayer_Instanced_L0_X1_Y4
    [  7.9 min] 32/92  approve=32 reject=0  vram=4555 peak=4705  Alpine8K_HLODLayer_Merged/Alpine8K_HLODLayer_Instanced_L0_X-7_Y4
    [  8.2 min] 34/92  approve=34 reject=0  vram=4555 peak=4705  Alpine8K_HLODLayer_Merged/Alpine8K_HLODLayer_Instanced_L0_X-16_Y-1
    [  8.6 min] 34/92  approve=34 reject=0  vram=4604 peak=4705  Alpine8K_HLODLayer_Merged/Alpine8K_HLODLayer_Instanced_L0_X-16_Y-1
    [  8.9 min] 34/92  approve=34 reject=0  vram=4604 peak=4705  Alpine8K_HLODLayer_Merged/Alpine8K_HLODLayer_Instanced_L0_X-16_Y-1
    [  9.2 min] 36/92  approve=36 reject=0  vram=5090 peak=5090  Alpine8K_HLODLayer_Merged/Alpine8K_HLODLayer_Instanced_L1_X-7_Y-1
    [  9.6 min] 36/92  approve=36 reject=0  vram=5090 peak=5090  Alpine8K_HLODLayer_Merged/Alpine8K_HLODLayer_Instanced_L1_X-7_Y-1
    [  9.9 min] 38/92  approve=38 reject=0  vram=5554 peak=5554  Alpine8K_HLODLayer_Merged/Alpine8K_HLODLayer_Instanced_L1_X-2_Y-5
    [ 10.2 min] 38/92  approve=38 reject=0  vram=5554 peak=5554  Alpine8K_HLODLayer_Merged/Alpine8K_HLODLayer_Instanced_L1_X-2_Y-5
    [ 10.6 min] 40/92  approve=40 reject=0  vram=5534 peak=5554  Alpine8K_HLODLayer_Merged/Alpine8K_HLODLayer_Instanced_L0_X-16_Y-13
    [ 10.9 min] 40/92  approve=40 reject=0  vram=5583 peak=5583  Alpine8K_HLODLayer_Merged/Alpine8K_HLODLayer_Instanced_L0_X-16_Y-13
    [ 11.2 min] 40/92  approve=40 reject=0  vram=5583 peak=5583  Alpine8K_HLODLayer_Merged/Alpine8K_HLODLayer_Instanced_L0_X-16_Y-13
    [ 11.6 min] 42/92  approve=42 reject=0  vram=5583 peak=5583  Alpine8K_HLODLayer_Merged/Alpine8K_HLODLayer_Instanced_L0_X-3_Y-13
    [ 11.9 min] 42/92  approve=42 reject=0  vram=5631 peak=5631  Alpine8K_HLODLayer_Merged/Alpine8K_HLODLayer_Instanced_L0_X-3_Y-13
    [ 12.3 min] 44/92  approve=44 reject=0  vram=6148 peak=6148  Alpine8K_HLODLayer_Merged/Alpine8K_HLODLayer_Instanced_L1_X-2_Y-7
    [ 12.6 min] 44/92  approve=44 reject=0  vram=6148 peak=6148  Alpine8K_HLODLayer_Merged/Alpine8K_HLODLayer_Instanced_L1_X-2_Y-7
    [ 12.9 min] 46/92  approve=46 reject=0  vram=6128 peak=6148  Alpine8K_HLODLayer_Merged/Alpine8K_HLODLayer_Instanced_L0_X-16_Y-15
    [ 13.3 min] 46/92  approve=46 reject=0  vram=6176 peak=6176  Alpine8K_HLODLayer_Merged/Alpine8K_HLODLayer_Instanced_L0_X-16_Y-15
    [ 13.6 min] 46/92  approve=46 reject=0  vram=6176 peak=6176  Alpine8K_HLODLayer_Merged/Alpine8K_HLODLayer_Instanced_L0_X-16_Y-15
    [ 13.9 min] 48/92  approve=48 reject=0  vram=6225 peak=6225  Alpine8K_HLODLayer_Merged/Alpine8K_HLODLayer_Instanced_L0_X2_Y-12
    [ 14.3 min] 51/92  approve=50 reject=0  vram=6273 peak=6273  Alpine8K_HLODLayer_Instanced/Alpine8K_MainPartition_L2_X7_Y6
    [ 14.6 min] 52/92  approve=52 reject=0  vram=6758 peak=6758  Alpine8K_HLODLayer_Merged/Alpine8K_HLODLayer_Instanced_L1_X7_Y6
    [ 14.9 min] 52/92  approve=52 reject=0  vram=6758 peak=6758  Alpine8K_HLODLayer_Merged/Alpine8K_HLODLayer_Instanced_L1_X7_Y6
    [ 15.3 min] 54/92  approve=54 reject=0  vram=6786 peak=6786  Alpine8K_HLODLayer_Merged/Alpine8K_HLODLayer_Instanced_L0_X6_Y3
    [ 15.6 min] 56/92  approve=56 reject=0  vram=7495 peak=7495  Alpine8K_HLODLayer_Merged/Alpine8K_HLODLayer_Instanced_L1_X2_Y4
    [ 15.9 min] 58/92  approve=58 reject=0  vram=7475 peak=7495  Alpine8K_HLODLayer_Merged/Alpine8K_HLODLayer_Instanced_L0_X11_Y-12
    [ 16.3 min] 58/92  approve=58 reject=0  vram=7475 peak=7495  Alpine8K_HLODLayer_Merged/Alpine8K_HLODLayer_Instanced_L0_X11_Y-12
    [ 16.6 min] 58/92  approve=58 reject=0  vram=7523 peak=7523  Alpine8K_HLODLayer_Merged/Alpine8K_HLODLayer_Instanced_L0_X11_Y-12
    [ 17.0 min] 60/92  approve=60 reject=0  vram=7555 peak=7555  Alpine8K_HLODLayer_Merged/Alpine8K_HLODLayer_Instanced_L0_X2_Y-15
    [ 17.3 min] 62/92  approve=62 reject=0  vram=7603 peak=7603  Alpine8K_HLODLayer_Merged/Alpine8K_HLODLayer_Instanced_L0_X-10_Y-8
    [ 17.6 min] 64/92  approve=64 reject=0  vram=8139 peak=8139  Alpine8K_HLODLayer_Merged/Alpine8K_HLODLayer_Instanced_L1_X1_Y7
    [ 18.0 min] 64/92  approve=64 reject=0  vram=8139 peak=8139  Alpine8K_HLODLayer_Merged/Alpine8K_HLODLayer_Instanced_L1_X1_Y7
    [ 18.3 min] 64/92  approve=64 reject=0  vram=8139 peak=8139  Alpine8K_HLODLayer_Merged/Alpine8K_HLODLayer_Instanced_L1_X1_Y7
    [ 18.6 min] 66/92  approve=66 reject=0  vram=8119 peak=8139  Alpine8K_HLODLayer_Merged/Alpine8K_HLODLayer_Instanced_L0_X8_Y-12
    [ 19.0 min] 66/92  approve=66 reject=0  vram=8167 peak=8167  Alpine8K_HLODLayer_Merged/Alpine8K_HLODLayer_Instanced_L0_X8_Y-12
    [ 19.3 min] 68/92  approve=68 reject=0  vram=8652 peak=8652  Alpine8K_HLODLayer_Merged/Alpine8K_HLODLayer_Instanced_L1_X-8_Y-8
    [ 19.6 min] 68/92  approve=68 reject=0  vram=8652 peak=8652  Alpine8K_HLODLayer_Merged/Alpine8K_HLODLayer_Instanced_L1_X-8_Y-8
    [ 20.0 min] 68/92  approve=68 reject=0  vram=8652 peak=8652  Alpine8K_HLODLayer_Merged/Alpine8K_HLODLayer_Instanced_L1_X-8_Y-8
    [ 20.3 min] 70/92  approve=70 reject=0  vram=8680 peak=8680  Alpine8K_HLODLayer_Merged/Alpine8K_HLODLayer_Instanced_L0_X-9_Y-2
    [ 20.6 min] 72/92  approve=72 reject=0  vram=8728 peak=8728  Alpine8K_HLODLayer_Merged/Alpine8K_HLODLayer_Instanced_L0_X-7_Y-3
    [ 21.0 min] 74/92  approve=74 reject=0  vram=8728 peak=8728  Alpine8K_HLODLayer_Merged/Alpine8K_HLODLayer_Instanced_L0_X5_Y-3
    [ 21.3 min] 74/92  approve=74 reject=0  vram=8777 peak=8777  Alpine8K_HLODLayer_Merged/Alpine8K_HLODLayer_Instanced_L0_X5_Y-3
    [ 21.7 min] 74/92  approve=74 reject=0  vram=8777 peak=8777  Alpine8K_HLODLayer_Merged/Alpine8K_HLODLayer_Instanced_L0_X5_Y-3
    [ 22.0 min] 76/92  approve=76 reject=0  vram=8825 peak=8825  Alpine8K_HLODLayer_Merged/Alpine8K_HLODLayer_Instanced_L0_X4_Y-14
    [ 22.3 min] 78/92  approve=78 reject=0  vram=9150 peak=9150  Alpine8K_HLODLayer_Merged/Alpine8K_HLODLayer_Instanced_L1_X3_Y1
    [ 22.7 min] 78/92  approve=78 reject=0  vram=9150 peak=9150  Alpine8K_HLODLayer_Merged/Alpine8K_HLODLayer_Instanced_L1_X3_Y1
    [ 23.0 min] 80/92  approve=80 reject=0  vram=9130 peak=9150  Alpine8K_HLODLayer_Merged/Alpine8K_HLODLayer_Instanced_L0_X-11_Y6
    [ 23.3 min] 80/92  approve=80 reject=0  vram=9178 peak=9178  Alpine8K_HLODLayer_Merged/Alpine8K_HLODLayer_Instanced_L0_X-11_Y6
    [ 23.7 min] 82/92  approve=82 reject=0  vram=9664 peak=9664  Alpine8K_HLODLayer_Merged/Alpine8K_HLODLayer_Instanced_L1_X-6_Y6
    [ 24.0 min] 82/92  approve=82 reject=0  vram=9664 peak=9664  Alpine8K_HLODLayer_Merged/Alpine8K_HLODLayer_Instanced_L1_X-6_Y6
    [ 24.3 min] 84/92  approve=84 reject=0  vram=10161 peak=10161  Alpine8K_HLODLayer_Merged/Alpine8K_HLODLayer_Instanced_L1_X-6_Y5
    [ 24.7 min] 84/92  approve=84 reject=0  vram=10161 peak=10161  Alpine8K_HLODLayer_Merged/Alpine8K_HLODLayer_Instanced_L1_X-6_Y5
    [ 25.0 min] 86/92  approve=86 reject=0  vram=10141 peak=10161  Alpine8K_HLODLayer_Merged/Alpine8K_HLODLayer_Instanced_L0_X-9_Y5
    [ 25.3 min] 86/92  approve=86 reject=0  vram=10189 peak=10189  Alpine8K_HLODLayer_Merged/Alpine8K_HLODLayer_Instanced_L0_X-9_Y5
    [ 25.7 min] 86/92  approve=86 reject=0  vram=10189 peak=10189  Alpine8K_HLODLayer_Merged/Alpine8K_HLODLayer_Instanced_L0_X-9_Y5
    [ 26.0 min] 88/92  approve=88 reject=0  vram=10674 peak=10674  Alpine8K_HLODLayer_Merged/Alpine8K_HLODLayer_Instanced_L1_X2_Y7
    [ 26.3 min] 88/92  approve=88 reject=0  vram=10674 peak=10674  Alpine8K_HLODLayer_Merged/Alpine8K_HLODLayer_Instanced_L1_X2_Y7
    [ 26.7 min] 90/92  approve=90 reject=0  vram=10654 peak=10674  Alpine8K_HLODLayer_Merged/Alpine8K_HLODLayer_Instanced_L0_X-15_Y-7
    [ 27.0 min] 90/92  approve=90 reject=0  vram=10654 peak=10674  Alpine8K_HLODLayer_Merged/Alpine8K_HLODLayer_Instanced_L0_X-15_Y-7
    [ 27.4 min] 90/92  approve=90 reject=0  vram=10702 peak=10702  Alpine8K_HLODLayer_Merged/Alpine8K_HLODLayer_Instanced_L0_X-15_Y-7
    [ 27.7 min] 90/92  approve=90 reject=0  vram=10702 peak=10702  Alpine8K_HLODLayer_Merged/Alpine8K_HLODLayer_Instanced_L0_X-15_Y-7
    [ 28.0 min] 92/92  approve=92 reject=0  vram=11219 peak=11219  Alpine8K_HLODLayer_Merged/Alpine8K_HLODLayer_Instanced_L1_X-6_Y-1
    [ 28.4 min] 92/92  approve=92 reject=0  vram=11219 peak=11219  Alpine8K_HLODLayer_Merged/Alpine8K_HLODLayer_Instanced_L1_X-6_Y-1
    [ 28.7 min] 92/92  approve=92 reject=0  vram=8959 peak=11219  Alpine8K_HLODLayer_Merged/Alpine8K_HLODLayer_Instanced_L1_X-6_Y-1
    done rc=1 in 28.9 min | approve=92 reject=0 | STALE 0 -> 0 (-0), current=1042 | vram peak 11219 MiB | true_exit=True | written=92 torn=0 last_write_to_exit=12.475s
  attribution  building-lines 92  decisions 92  approved 92  rejected 0
    Alpine8K_HLODLayer_Instanced       approve 49     reject 0       from Alpine8K_MainPartition x49
    Alpine8K_HLODLayer_Merged          approve 43     reject 0       from Alpine8K_HLODLayer_Instanced x43
warning: in the working copy of '_verify/hlod/build_20260914b/batches.json', CRLF will be replaced by LF the next time Git touches it
warning: in the working copy of '_verify/hlod/build_20260914b/run_console.log', LF will be replaced by CRLF the next time Git touches it
warning: in the working copy of '_verify/hlod/build_20260914b/batch_21.log', LF will be replaced by CRLF the next time Git touches it
[main e1b1369f] HLOD batch 21: 0 cells de-staled, 0 -> 0 left, 28.9 min, VRAM peak 11219 MiB
 4 files changed, 4856 insertions(+), 3 deletions(-)
 create mode 100644 _verify/hlod/build_20260914b/batch_21.log

=== batch_22 (attempt 1) ===
    cells in section: 92   stale(MeshMerge(1)) now: 0
    [  0.2 min] 0/0  approve=0 reject=0  vram=223 peak=223  -
    [  0.5 min] 6/92  approve=6 reject=0  vram=2966 peak=2966  Alpine8K_HLODLayer_Merged/Alpine8K_HLODLayer_Instanced_L0_X-7_Y13
    [  0.8 min] 6/92  approve=6 reject=0  vram=2966 peak=2966  Alpine8K_HLODLayer_Merged/Alpine8K_HLODLayer_Instanced_L0_X-7_Y13
    [  1.2 min] 6/92  approve=6 reject=0  vram=3015 peak=3015  Alpine8K_HLODLayer_Merged/Alpine8K_HLODLayer_Instanced_L0_X-7_Y13
    [  1.5 min] 6/92  approve=6 reject=0  vram=3015 peak=3015  Alpine8K_HLODLayer_Merged/Alpine8K_HLODLayer_Instanced_L0_X-7_Y13
    [  1.8 min] 9/92  approve=9 reject=0  vram=3015 peak=3015  Alpine8K_HLODLayer_Merged/Alpine8K_HLODLayer_Instanced_L0_X10_Y-6
    [  2.2 min] 9/92  approve=9 reject=0  vram=3063 peak=3063  Alpine8K_HLODLayer_Merged/Alpine8K_HLODLayer_Instanced_L0_X10_Y-6
    [  2.5 min] 9/92  approve=9 reject=0  vram=3063 peak=3063  Alpine8K_HLODLayer_Merged/Alpine8K_HLODLayer_Instanced_L0_X10_Y-6
    [  2.9 min] 12/92  approve=12 reject=0  vram=3111 peak=3111  Alpine8K_HLODLayer_Merged/Alpine8K_HLODLayer_Instanced_L0_X-1_Y5
    [  3.2 min] 15/92  approve=15 reject=0  vram=3160 peak=3160  Alpine8K_HLODLayer_Merged/Alpine8K_HLODLayer_Instanced_L0_X-10_Y9
    [  3.5 min] 18/92  approve=18 reject=0  vram=3160 peak=3160  Alpine8K_HLODLayer_Merged/Alpine8K_HLODLayer_Instanced_L0_X7_Y2
    [  3.9 min] 18/92  approve=18 reject=0  vram=3208 peak=3208  Alpine8K_HLODLayer_Merged/Alpine8K_HLODLayer_Instanced_L0_X7_Y2
    [  4.2 min] 20/92  approve=20 reject=0  vram=3208 peak=3208  Alpine8K_HLODLayer_Merged/Alpine8K_HLODLayer_Instanced_L0_X12_Y-14
    [  4.5 min] 20/92  approve=20 reject=0  vram=3256 peak=3256  Alpine8K_HLODLayer_Merged/Alpine8K_HLODLayer_Instanced_L0_X12_Y-14
    [  4.9 min] 20/92  approve=20 reject=0  vram=3256 peak=3256  Alpine8K_HLODLayer_Merged/Alpine8K_HLODLayer_Instanced_L0_X12_Y-14
    [  5.2 min] 21/92  approve=20 reject=0  vram=3256 peak=3256  Alpine8K_HLODLayer_Instanced/Alpine8K_MainPartition_L2_X4_Y6
    [  5.5 min] 22/92  approve=22 reject=0  vram=3916 peak=3916  Alpine8K_HLODLayer_Merged/Alpine8K_HLODLayer_Instanced_L1_X4_Y6
    [  5.9 min] 22/92  approve=22 reject=0  vram=3916 peak=3916  Alpine8K_HLODLayer_Merged/Alpine8K_HLODLayer_Instanced_L1_X4_Y6
    [  6.2 min] 24/92  approve=24 reject=0  vram=3896 peak=3916  Alpine8K_HLODLayer_Merged/Alpine8K_HLODLayer_Instanced_L0_X-8_Y15
    [  6.5 min] 24/92  approve=24 reject=0  vram=3944 peak=3944  Alpine8K_HLODLayer_Merged/Alpine8K_HLODLayer_Instanced_L0_X-8_Y15
    [  6.9 min] 26/92  approve=26 reject=0  vram=4589 peak=4589  Alpine8K_HLODLayer_Merged/Alpine8K_HLODLayer_Instanced_L1_X-3_Y-4
    [  7.2 min] 26/92  approve=26 reject=0  vram=4589 peak=4589  Alpine8K_HLODLayer_Merged/Alpine8K_HLODLayer_Instanced_L1_X-3_Y-4
    [  7.5 min] 28/92  approve=28 reject=0  vram=4569 peak=4589  Alpine8K_HLODLayer_Merged/Alpine8K_HLODLayer_Instanced_L0_X14_Y-13
    [  7.9 min] 28/92  approve=28 reject=0  vram=4569 peak=4589  Alpine8K_HLODLayer_Merged/Alpine8K_HLODLayer_Instanced_L0_X14_Y-13
    [  8.2 min] 28/92  approve=28 reject=0  vram=4618 peak=4618  Alpine8K_HLODLayer_Merged/Alpine8K_HLODLayer_Instanced_L0_X14_Y-13
    [  8.6 min] 28/92  approve=28 reject=0  vram=4618 peak=4618  Alpine8K_HLODLayer_Merged/Alpine8K_HLODLayer_Instanced_L0_X14_Y-13
    [  8.9 min] 30/92  approve=30 reject=0  vram=4618 peak=4618  Alpine8K_HLODLayer_Merged/Alpine8K_HLODLayer_Instanced_L0_X-5_Y0
    [  9.2 min] 30/92  approve=30 reject=0  vram=4666 peak=4666  Alpine8K_HLODLayer_Merged/Alpine8K_HLODLayer_Instanced_L0_X-5_Y0
    [  9.6 min] 32/92  approve=32 reject=0  vram=4666 peak=4666  Alpine8K_HLODLayer_Merged/Alpine8K_HLODLayer_Instanced_L0_X-4_Y15
    [  9.9 min] 32/92  approve=32 reject=0  vram=4714 peak=4714  Alpine8K_HLODLayer_Merged/Alpine8K_HLODLayer_Instanced_L0_X-4_Y15
    [ 10.2 min] 34/92  approve=34 reject=0  vram=4763 peak=4763  Alpine8K_HLODLayer_Merged/Alpine8K_HLODLayer_Instanced_L0_X-10_Y7
    [ 10.6 min] 36/92  approve=36 reject=0  vram=5281 peak=5281  Alpine8K_HLODLayer_Merged/Alpine8K_HLODLayer_Instanced_L1_X-2_Y-3
    [ 10.9 min] 36/92  approve=36 reject=0  vram=5281 peak=5281  Alpine8K_HLODLayer_Merged/Alpine8K_HLODLayer_Instanced_L1_X-2_Y-3
    [ 11.3 min] 38/92  approve=38 reject=0  vram=5261 peak=5281  Alpine8K_HLODLayer_Merged/Alpine8K_HLODLayer_Instanced_L0_X-16_Y3
    [ 11.6 min] 38/92  approve=38 reject=0  vram=5309 peak=5309  Alpine8K_HLODLayer_Merged/Alpine8K_HLODLayer_Instanced_L0_X-16_Y3
    [ 11.9 min] 38/92  approve=38 reject=0  vram=5309 peak=5309  Alpine8K_HLODLayer_Merged/Alpine8K_HLODLayer_Instanced_L0_X-16_Y3
    [ 12.3 min] 40/92  approve=40 reject=0  vram=5357 peak=5357  Alpine8K_HLODLayer_Merged/Alpine8K_HLODLayer_Instanced_L0_X1_Y11
    [ 12.6 min] 42/92  approve=42 reject=0  vram=5357 peak=5357  Alpine8K_HLODLayer_Merged/Alpine8K_HLODLayer_Instanced_L0_X12_Y-4
    [ 12.9 min] 42/92  approve=42 reject=0  vram=5405 peak=5405  Alpine8K_HLODLayer_Merged/Alpine8K_HLODLayer_Instanced_L0_X12_Y-4
    [ 13.3 min] 44/92  approve=44 reject=0  vram=5890 peak=5890  Alpine8K_HLODLayer_Merged/Alpine8K_HLODLayer_Instanced_L1_X-1_Y5
    [ 13.6 min] 44/92  approve=44 reject=0  vram=5890 peak=5890  Alpine8K_HLODLayer_Merged/Alpine8K_HLODLayer_Instanced_L1_X-1_Y5
    [ 13.9 min] 46/92  approve=46 reject=0  vram=5870 peak=5890  Alpine8K_HLODLayer_Merged/Alpine8K_HLODLayer_Instanced_L0_X-6_Y-15
    [ 14.3 min] 46/92  approve=46 reject=0  vram=5870 peak=5890  Alpine8K_HLODLayer_Merged/Alpine8K_HLODLayer_Instanced_L0_X-6_Y-15
    [ 14.6 min] 46/92  approve=46 reject=0  vram=5919 peak=5919  Alpine8K_HLODLayer_Merged/Alpine8K_HLODLayer_Instanced_L0_X-6_Y-15
    [ 15.0 min] 46/92  approve=46 reject=0  vram=5919 peak=5919  Alpine8K_HLODLayer_Merged/Alpine8K_HLODLayer_Instanced_L0_X-6_Y-15
    [ 15.3 min] 48/92  approve=48 reject=0  vram=5967 peak=5967  Alpine8K_HLODLayer_Merged/Alpine8K_HLODLayer_Instanced_L0_X-5_Y-16
    [ 15.6 min] 50/92  approve=50 reject=0  vram=5967 peak=5967  Alpine8K_HLODLayer_Merged/Alpine8K_HLODLayer_Instanced_L0_X-7_Y-13
    [ 16.0 min] 50/92  approve=50 reject=0  vram=6015 peak=6015  Alpine8K_HLODLayer_Merged/Alpine8K_HLODLayer_Instanced_L0_X-7_Y-13
    [ 16.3 min] 52/92  approve=52 reject=0  vram=6015 peak=6015  Alpine8K_HLODLayer_Merged/Alpine8K_HLODLayer_Instanced_L0_X-14_Y12
    [ 16.7 min] 52/92  approve=52 reject=0  vram=6063 peak=6063  Alpine8K_HLODLayer_Merged/Alpine8K_HLODLayer_Instanced_L0_X-14_Y12
    [ 17.0 min] 52/92  approve=52 reject=0  vram=6063 peak=6063  Alpine8K_HLODLayer_Merged/Alpine8K_HLODLayer_Instanced_L0_X-14_Y12
    [ 17.3 min] 52/92  approve=52 reject=0  vram=6063 peak=6063  Alpine8K_HLODLayer_Merged/Alpine8K_HLODLayer_Instanced_L0_X-14_Y12
    [ 17.7 min] 54/92  approve=54 reject=0  vram=6063 peak=6063  Alpine8K_HLODLayer_Merged/Alpine8K_HLODLayer_Instanced_L0_X15_Y-14
    [ 18.4 min] 54/92  approve=54 reject=0  vram=None peak=6063  Alpine8K_HLODLayer_Merged/Alpine8K_HLODLayer_Instanced_L0_X15_Y-14
    [ 18.7 min] 54/92  approve=54 reject=0  vram=6127 peak=6127  Alpine8K_HLODLayer_Merged/Alpine8K_HLODLayer_Instanced_L0_X15_Y-14
    [ 19.1 min] 56/92  approve=56 reject=0  vram=6127 peak=6127  Alpine8K_HLODLayer_Merged/Alpine8K_HLODLayer_Instanced_L0_X-13_Y3
    [ 19.4 min] 56/92  approve=56 reject=0  vram=6175 peak=6175  Alpine8K_HLODLayer_Merged/Alpine8K_HLODLayer_Instanced_L0_X-13_Y3
    [ 19.7 min] 58/92  approve=58 reject=0  vram=6084 peak=6175  Alpine8K_HLODLayer_Merged/Alpine8K_HLODLayer_Instanced_L0_X-6_Y1
    [ 20.1 min] 60/92  approve=60 reject=0  vram=6084 peak=6175  Alpine8K_HLODLayer_Merged/Alpine8K_HLODLayer_Instanced_L0_X-6_Y8
    [ 20.4 min] 60/92  approve=60 reject=0  vram=6133 peak=6175  Alpine8K_HLODLayer_Merged/Alpine8K_HLODLayer_Instanced_L0_X-6_Y8
    [ 20.8 min] 60/92  approve=60 reject=0  vram=6133 peak=6175  Alpine8K_HLODLayer_Merged/Alpine8K_HLODLayer_Instanced_L0_X-6_Y8
    [ 21.1 min] 60/92  approve=60 reject=0  vram=6133 peak=6175  Alpine8K_HLODLayer_Merged/Alpine8K_HLODLayer_Instanced_L0_X-6_Y8
    [ 21.4 min] 62/92  approve=62 reject=0  vram=6165 peak=6175  Alpine8K_HLODLayer_Merged/Alpine8K_HLODLayer_Instanced_L0_X6_Y-7
    [ 21.8 min] 62/92  approve=62 reject=0  vram=6213 peak=6213  Alpine8K_HLODLayer_Merged/Alpine8K_HLODLayer_Instanced_L0_X6_Y-7
    [ 22.1 min] 64/92  approve=64 reject=0  vram=6213 peak=6213  Alpine8K_HLODLayer_Merged/Alpine8K_HLODLayer_Instanced_L0_X15_Y-2
    [ 22.5 min] 64/92  approve=64 reject=0  vram=6213 peak=6213  Alpine8K_HLODLayer_Merged/Alpine8K_HLODLayer_Instanced_L0_X15_Y-2
    [ 22.8 min] 64/92  approve=64 reject=0  vram=6261 peak=6261  Alpine8K_HLODLayer_Merged/Alpine8K_HLODLayer_Instanced_L0_X15_Y-2
    [ 23.1 min] 64/92  approve=64 reject=0  vram=6261 peak=6261  Alpine8K_HLODLayer_Merged/Alpine8K_HLODLayer_Instanced_L0_X15_Y-2
    [ 23.5 min] 66/92  approve=66 reject=0  vram=6261 peak=6261  Alpine8K_HLODLayer_Merged/Alpine8K_HLODLayer_Instanced_L0_X8_Y0
    [ 23.8 min] 66/92  approve=66 reject=0  vram=6309 peak=6309  Alpine8K_HLODLayer_Merged/Alpine8K_HLODLayer_Instanced_L0_X8_Y0
    [ 24.1 min] 66/92  approve=66 reject=0  vram=6309 peak=6309  Alpine8K_HLODLayer_Merged/Alpine8K_HLODLayer_Instanced_L0_X8_Y0
    [ 24.5 min] 68/92  approve=68 reject=0  vram=6309 peak=6309  Alpine8K_HLODLayer_Merged/Alpine8K_HLODLayer_Instanced_L0_X-15_Y13
    [ 24.8 min] 68/92  approve=68 reject=0  vram=6358 peak=6358  Alpine8K_HLODLayer_Merged/Alpine8K_HLODLayer_Instanced_L0_X-15_Y13
    [ 25.1 min] 68/92  approve=68 reject=0  vram=6358 peak=6358  Alpine8K_HLODLayer_Merged/Alpine8K_HLODLayer_Instanced_L0_X-15_Y13
    [ 25.5 min] 70/92  approve=70 reject=0  vram=6406 peak=6406  Alpine8K_HLODLayer_Merged/Alpine8K_HLODLayer_Instanced_L0_X-11_Y5
    [ 25.8 min] 72/92  approve=72 reject=0  vram=6406 peak=6406  Alpine8K_HLODLayer_Merged/Alpine8K_HLODLayer_Instanced_L0_X8_Y-5
    [ 26.2 min] 72/92  approve=72 reject=0  vram=6454 peak=6454  Alpine8K_HLODLayer_Merged/Alpine8K_HLODLayer_Instanced_L0_X8_Y-5
    [ 26.5 min] 74/92  approve=74 reject=0  vram=6454 peak=6454  Alpine8K_HLODLayer_Merged/Alpine8K_HLODLayer_Instanced_L0_X8_Y-9
    [ 26.8 min] 74/92  approve=74 reject=0  vram=6503 peak=6503  Alpine8K_HLODLayer_Merged/Alpine8K_HLODLayer_Instanced_L0_X8_Y-9
    [ 27.2 min] 76/92  approve=76 reject=0  vram=7054 peak=7054  Alpine8K_HLODLayer_Merged/Alpine8K_HLODLayer_Instanced_L1_X-6_Y7
    [ 27.5 min] 76/92  approve=76 reject=0  vram=7054 peak=7054  Alpine8K_HLODLayer_Merged/Alpine8K_HLODLayer_Instanced_L1_X-6_Y7
    [ 27.8 min] 76/92  approve=76 reject=0  vram=7054 peak=7054  Alpine8K_HLODLayer_Merged/Alpine8K_HLODLayer_Instanced_L1_X-6_Y7
    [ 28.2 min] 78/92  approve=78 reject=0  vram=7066 peak=7066  Alpine8K_HLODLayer_Merged/Alpine8K_HLODLayer_Instanced_L0_X-10_Y13
    [ 28.5 min] 78/92  approve=78 reject=0  vram=7079 peak=7079  Alpine8K_HLODLayer_Merged/Alpine8K_HLODLayer_Instanced_L0_X-10_Y13
    [ 28.9 min] 78/92  approve=78 reject=0  vram=7079 peak=7079  Alpine8K_HLODLayer_Merged/Alpine8K_HLODLayer_Instanced_L0_X-10_Y13
    [ 29.2 min] 78/92  approve=78 reject=0  vram=7079 peak=7079  Alpine8K_HLODLayer_Merged/Alpine8K_HLODLayer_Instanced_L0_X-10_Y13
    [ 29.5 min] 79/92  approve=78 reject=0  vram=7079 peak=7079  Alpine8K_HLODLayer_Instanced/Alpine8K_MainPartition_L2_X-7_Y-6
    [ 29.9 min] 80/92  approve=80 reject=0  vram=7564 peak=7564  Alpine8K_HLODLayer_Merged/Alpine8K_HLODLayer_Instanced_L1_X-7_Y-6
    [ 30.2 min] 80/92  approve=80 reject=0  vram=7564 peak=7564  Alpine8K_HLODLayer_Merged/Alpine8K_HLODLayer_Instanced_L1_X-7_Y-6
    [ 30.5 min] 82/92  approve=82 reject=0  vram=7544 peak=7564  Alpine8K_HLODLayer_Merged/Alpine8K_HLODLayer_Instanced_L0_X12_Y-11
    [ 30.9 min] 82/92  approve=82 reject=0  vram=7593 peak=7593  Alpine8K_HLODLayer_Merged/Alpine8K_HLODLayer_Instanced_L0_X12_Y-11
    [ 31.2 min] 84/92  approve=84 reject=0  vram=7593 peak=7593  Alpine8K_HLODLayer_Merged/Alpine8K_HLODLayer_Instanced_L0_X7_Y-4
    [ 31.5 min] 84/92  approve=84 reject=0  vram=7641 peak=7641  Alpine8K_HLODLayer_Merged/Alpine8K_HLODLayer_Instanced_L0_X7_Y-4
    [ 31.9 min] 84/92  approve=84 reject=0  vram=7641 peak=7641  Alpine8K_HLODLayer_Merged/Alpine8K_HLODLayer_Instanced_L0_X7_Y-4
    [ 32.2 min] 86/92  approve=86 reject=0  vram=7689 peak=7689  Alpine8K_HLODLayer_Merged/Alpine8K_HLODLayer_Instanced_L0_X-8_Y4
    [ 32.5 min] 88/92  approve=88 reject=0  vram=8174 peak=8174  Alpine8K_HLODLayer_Merged/Alpine8K_HLODLayer_Instanced_L1_X7_Y0
    [ 32.9 min] 88/92  approve=88 reject=0  vram=8174 peak=8174  Alpine8K_HLODLayer_Merged/Alpine8K_HLODLayer_Instanced_L1_X7_Y0
    [ 33.2 min] 90/92  approve=90 reject=0  vram=8154 peak=8174  Alpine8K_HLODLayer_Merged/Alpine8K_HLODLayer_Instanced_L0_X-14_Y1
    [ 33.6 min] 90/92  approve=90 reject=0  vram=8202 peak=8202  Alpine8K_HLODLayer_Merged/Alpine8K_HLODLayer_Instanced_L0_X-14_Y1
    [ 33.9 min] 90/92  approve=90 reject=0  vram=8202 peak=8202  Alpine8K_HLODLayer_Merged/Alpine8K_HLODLayer_Instanced_L0_X-14_Y1
    [ 34.2 min] 92/92  approve=92 reject=0  vram=8202 peak=8202  Alpine8K_HLODLayer_Merged/Alpine8K_HLODLayer_Instanced_L0_X-16_Y9
    [ 34.6 min] 92/92  approve=92 reject=0  vram=8251 peak=8251  Alpine8K_HLODLayer_Merged/Alpine8K_HLODLayer_Instanced_L0_X-16_Y9
    [ 34.9 min] 92/92  approve=92 reject=0  vram=8251 peak=8251  Alpine8K_HLODLayer_Merged/Alpine8K_HLODLayer_Instanced_L0_X-16_Y9
    [ 35.2 min] 92/92  approve=92 reject=0  vram=11 peak=8251  Alpine8K_HLODLayer_Merged/Alpine8K_HLODLayer_Instanced_L0_X-16_Y9
    done rc=1 in 35.2 min | approve=92 reject=0 | STALE 0 -> 0 (-0), current=1042 | vram peak 8251 MiB | true_exit=True | written=92 torn=0 last_write_to_exit=16.69s
  attribution  building-lines 92  decisions 92  approved 92  rejected 0
    Alpine8K_HLODLayer_Instanced       approve 49     reject 0       from Alpine8K_MainPartition x49
    Alpine8K_HLODLayer_Merged          approve 43     reject 0       from Alpine8K_HLODLayer_Instanced x43
warning: in the working copy of '_verify/hlod/build_20260914b/batches.json', CRLF will be replaced by LF the next time Git touches it
warning: in the working copy of '_verify/hlod/build_20260914b/run_console.log', LF will be replaced by CRLF the next time Git touches it
warning: in the working copy of '_verify/hlod/build_20260914b/batch_22.log', LF will be replaced by CRLF the next time Git touches it
[main 26ce3a06] HLOD batch 22: 0 cells de-staled, 0 -> 0 left, 35.2 min, VRAM peak 8251 MiB
 4 files changed, 4428 insertions(+), 3 deletions(-)
 create mode 100644 _verify/hlod/build_20260914b/batch_22.log

=== batch_23 (attempt 1) ===
    cells in section: 92   stale(MeshMerge(1)) now: 0
    [  0.2 min] 0/0  approve=0 reject=0  vram=223 peak=223  -
    [  0.5 min] 3/92  approve=3 reject=0  vram=2936 peak=2936  Alpine8K_HLODLayer_Merged/Alpine8K_HLODLayer_Instanced_L0_X-8_Y-12
    [  0.8 min] 6/92  approve=6 reject=0  vram=2969 peak=2969  Alpine8K_HLODLayer_Merged/Alpine8K_HLODLayer_Instanced_L0_X5_Y-5
    [  1.2 min] 6/92  approve=6 reject=0  vram=3017 peak=3017  Alpine8K_HLODLayer_Merged/Alpine8K_HLODLayer_Instanced_L0_X5_Y-5
    [  1.5 min] 7/92  approve=6 reject=0  vram=3017 peak=3017  Alpine8K_HLODLayer_Instanced/Alpine8K_MainPartition_L0_X24_Y7
    [  1.8 min] 9/92  approve=9 reject=0  vram=3066 peak=3066  Alpine8K_HLODLayer_Merged/Alpine8K_HLODLayer_Instanced_L0_X12_Y3
    [  2.2 min] 12/92  approve=12 reject=0  vram=3114 peak=3114  Alpine8K_HLODLayer_Merged/Alpine8K_HLODLayer_Instanced_L0_X-14_Y-9
    [  2.5 min] 15/92  approve=15 reject=0  vram=3114 peak=3114  Alpine8K_HLODLayer_Merged/Alpine8K_HLODLayer_Instanced_L0_X-11_Y-15
    [  2.9 min] 15/92  approve=15 reject=0  vram=3162 peak=3162  Alpine8K_HLODLayer_Merged/Alpine8K_HLODLayer_Instanced_L0_X-11_Y-15
    [  3.2 min] 18/92  approve=18 reject=0  vram=3211 peak=3211  Alpine8K_HLODLayer_Merged/Alpine8K_HLODLayer_Instanced_L0_X-12_Y-2
    [  3.5 min] 20/92  approve=20 reject=0  vram=3259 peak=3259  Alpine8K_HLODLayer_Merged/Alpine8K_HLODLayer_Instanced_L0_X10_Y3
    [  3.9 min] 21/92  approve=21 reject=0  vram=3269 peak=3269  Alpine8K_HLODLayer_Instanced/Alpine8K_MainPartition_L2_X7_Y3
    [  4.2 min] 22/92  approve=22 reject=0  vram=3886 peak=3886  Alpine8K_HLODLayer_Merged/Alpine8K_HLODLayer_Instanced_L1_X7_Y3
    [  4.5 min] 22/92  approve=22 reject=0  vram=3886 peak=3886  Alpine8K_HLODLayer_Merged/Alpine8K_HLODLayer_Instanced_L1_X7_Y3
    [  4.9 min] 24/92  approve=24 reject=0  vram=3914 peak=3914  Alpine8K_HLODLayer_Merged/Alpine8K_HLODLayer_Instanced_L0_X5_Y2
    [  5.2 min] 26/92  approve=26 reject=0  vram=4431 peak=4431  Alpine8K_HLODLayer_Merged/Alpine8K_HLODLayer_Instanced_L1_X1_Y-6
    [  5.5 min] 26/92  approve=26 reject=0  vram=4431 peak=4431  Alpine8K_HLODLayer_Merged/Alpine8K_HLODLayer_Instanced_L1_X1_Y-6
    [  5.9 min] 28/92  approve=28 reject=0  vram=4411 peak=4431  Alpine8K_HLODLayer_Merged/Alpine8K_HLODLayer_Instanced_L0_X-15_Y-14
    [  6.2 min] 28/92  approve=28 reject=0  vram=4459 peak=4459  Alpine8K_HLODLayer_Merged/Alpine8K_HLODLayer_Instanced_L0_X-15_Y-14
    [  6.5 min] 28/92  approve=28 reject=0  vram=4459 peak=4459  Alpine8K_HLODLayer_Merged/Alpine8K_HLODLayer_Instanced_L0_X-15_Y-14
    [  6.9 min] 30/92  approve=30 reject=0  vram=4508 peak=4508  Alpine8K_HLODLayer_Merged/Alpine8K_HLODLayer_Instanced_L0_X11_Y4
    [  7.2 min] 32/92  approve=32 reject=0  vram=4556 peak=4556  Alpine8K_HLODLayer_Merged/Alpine8K_HLODLayer_Instanced_L0_X7_Y-16
    [  7.6 min] 34/92  approve=34 reject=0  vram=5046 peak=5046  Alpine8K_HLODLayer_Merged/Alpine8K_HLODLayer_Instanced_L1_X3_Y7
    [  7.9 min] 34/92  approve=34 reject=0  vram=5046 peak=5046  Alpine8K_HLODLayer_Merged/Alpine8K_HLODLayer_Instanced_L1_X3_Y7
    [  8.2 min] 36/92  approve=36 reject=0  vram=5026 peak=5046  Alpine8K_HLODLayer_Merged/Alpine8K_HLODLayer_Instanced_L0_X6_Y-16
    [  8.6 min] 36/92  approve=36 reject=0  vram=5074 peak=5074  Alpine8K_HLODLayer_Merged/Alpine8K_HLODLayer_Instanced_L0_X6_Y-16
    [  8.9 min] 38/92  approve=38 reject=0  vram=5074 peak=5074  Alpine8K_HLODLayer_Merged/Alpine8K_HLODLayer_Instanced_L0_X-6_Y13
    [  9.2 min] 38/92  approve=38 reject=0  vram=5122 peak=5122  Alpine8K_HLODLayer_Merged/Alpine8K_HLODLayer_Instanced_L0_X-6_Y13
    [  9.6 min] 38/92  approve=38 reject=0  vram=5122 peak=5122  Alpine8K_HLODLayer_Merged/Alpine8K_HLODLayer_Instanced_L0_X-6_Y13
    [  9.9 min] 40/92  approve=40 reject=0  vram=5122 peak=5122  Alpine8K_HLODLayer_Merged/Alpine8K_HLODLayer_Instanced_L0_X-15_Y-13
    [ 10.2 min] 40/92  approve=40 reject=0  vram=5122 peak=5122  Alpine8K_HLODLayer_Merged/Alpine8K_HLODLayer_Instanced_L0_X-15_Y-13
    [ 10.6 min] 40/92  approve=40 reject=0  vram=5171 peak=5171  Alpine8K_HLODLayer_Merged/Alpine8K_HLODLayer_Instanced_L0_X-15_Y-13
    [ 10.9 min] 40/92  approve=40 reject=0  vram=5171 peak=5171  Alpine8K_HLODLayer_Merged/Alpine8K_HLODLayer_Instanced_L0_X-15_Y-13
    [ 11.3 min] 42/92  approve=42 reject=0  vram=5655 peak=5655  Alpine8K_HLODLayer_Merged/Alpine8K_HLODLayer_Instanced_L1_X2_Y-2
    [ 11.6 min] 42/92  approve=42 reject=0  vram=5655 peak=5655  Alpine8K_HLODLayer_Merged/Alpine8K_HLODLayer_Instanced_L1_X2_Y-2
    [ 11.9 min] 44/92  approve=44 reject=0  vram=5635 peak=5655  Alpine8K_HLODLayer_Merged/Alpine8K_HLODLayer_Instanced_L0_X-11_Y3
    [ 12.3 min] 46/92  approve=46 reject=0  vram=5716 peak=5716  Alpine8K_HLODLayer_Merged/Alpine8K_HLODLayer_Instanced_L0_X8_Y2
    [ 12.6 min] 46/92  approve=46 reject=0  vram=5764 peak=5764  Alpine8K_HLODLayer_Merged/Alpine8K_HLODLayer_Instanced_L0_X8_Y2
    [ 12.9 min] 48/92  approve=48 reject=0  vram=5764 peak=5764  Alpine8K_HLODLayer_Merged/Alpine8K_HLODLayer_Instanced_L0_X-15_Y10
    [ 13.3 min] 48/92  approve=48 reject=0  vram=5812 peak=5812  Alpine8K_HLODLayer_Merged/Alpine8K_HLODLayer_Instanced_L0_X-15_Y10
    [ 13.6 min] 48/92  approve=48 reject=0  vram=5812 peak=5812  Alpine8K_HLODLayer_Merged/Alpine8K_HLODLayer_Instanced_L0_X-15_Y10
    [ 13.9 min] 50/92  approve=50 reject=0  vram=6426 peak=6426  Alpine8K_HLODLayer_Merged/Alpine8K_HLODLayer_Instanced_L1_X-3_Y-3
    [ 14.3 min] 50/92  approve=50 reject=0  vram=6426 peak=6426  Alpine8K_HLODLayer_Merged/Alpine8K_HLODLayer_Instanced_L1_X-3_Y-3
    [ 14.6 min] 52/92  approve=52 reject=0  vram=6455 peak=6455  Alpine8K_HLODLayer_Merged/Alpine8K_HLODLayer_Instanced_L0_X-11_Y10
    [ 14.9 min] 54/92  approve=54 reject=0  vram=6972 peak=6972  Alpine8K_HLODLayer_Merged/Alpine8K_HLODLayer_Instanced_L1_X-2_Y-8
    [ 15.3 min] 54/92  approve=54 reject=0  vram=6972 peak=6972  Alpine8K_HLODLayer_Merged/Alpine8K_HLODLayer_Instanced_L1_X-2_Y-8
    [ 15.6 min] 56/92  approve=56 reject=0  vram=6952 peak=6972  Alpine8K_HLODLayer_Merged/Alpine8K_HLODLayer_Instanced_L0_X15_Y-10
    [ 15.9 min] 56/92  approve=56 reject=0  vram=6952 peak=6972  Alpine8K_HLODLayer_Merged/Alpine8K_HLODLayer_Instanced_L0_X15_Y-10
    [ 16.3 min] 56/92  approve=56 reject=0  vram=7001 peak=7001  Alpine8K_HLODLayer_Merged/Alpine8K_HLODLayer_Instanced_L0_X15_Y-10
    [ 16.6 min] 56/92  approve=56 reject=0  vram=7001 peak=7001  Alpine8K_HLODLayer_Merged/Alpine8K_HLODLayer_Instanced_L0_X15_Y-10
    [ 17.0 min] 57/92  approve=57 reject=0  vram=7009 peak=7009  Alpine8K_HLODLayer_Instanced/Alpine8K_MainPartition_L2_X7_Y-8
    [ 17.3 min] 58/92  approve=58 reject=0  vram=7517 peak=7517  Alpine8K_HLODLayer_Merged/Alpine8K_HLODLayer_Instanced_L1_X7_Y-8
    [ 17.6 min] 58/92  approve=58 reject=0  vram=7517 peak=7517  Alpine8K_HLODLayer_Merged/Alpine8K_HLODLayer_Instanced_L1_X7_Y-8
    [ 18.0 min] 60/92  approve=60 reject=0  vram=7497 peak=7517  Alpine8K_HLODLayer_Merged/Alpine8K_HLODLayer_Instanced_L0_X-13_Y-4
    [ 18.3 min] 60/92  approve=60 reject=0  vram=7546 peak=7546  Alpine8K_HLODLayer_Merged/Alpine8K_HLODLayer_Instanced_L0_X-13_Y-4
    [ 18.6 min] 60/92  approve=60 reject=0  vram=7546 peak=7546  Alpine8K_HLODLayer_Merged/Alpine8K_HLODLayer_Instanced_L0_X-13_Y-4
    [ 19.0 min] 60/92  approve=60 reject=0  vram=7546 peak=7546  Alpine8K_HLODLayer_Merged/Alpine8K_HLODLayer_Instanced_L0_X-13_Y-4
    [ 19.3 min] 62/92  approve=62 reject=0  vram=7546 peak=7546  Alpine8K_HLODLayer_Merged/Alpine8K_HLODLayer_Instanced_L0_X12_Y1
    [ 19.6 min] 62/92  approve=62 reject=0  vram=7594 peak=7594  Alpine8K_HLODLayer_Merged/Alpine8K_HLODLayer_Instanced_L0_X12_Y1
    [ 20.0 min] 62/92  approve=62 reject=0  vram=7594 peak=7594  Alpine8K_HLODLayer_Merged/Alpine8K_HLODLayer_Instanced_L0_X12_Y1
    [ 20.3 min] 64/92  approve=64 reject=0  vram=7594 peak=7594  Alpine8K_HLODLayer_Merged/Alpine8K_HLODLayer_Instanced_L0_X-15_Y-10
    [ 20.6 min] 64/92  approve=64 reject=0  vram=7642 peak=7642  Alpine8K_HLODLayer_Merged/Alpine8K_HLODLayer_Instanced_L0_X-15_Y-10
    [ 21.0 min] 66/92  approve=66 reject=0  vram=7642 peak=7642  Alpine8K_HLODLayer_Merged/Alpine8K_HLODLayer_Instanced_L0_X15_Y-15
    [ 21.3 min] 66/92  approve=66 reject=0  vram=7691 peak=7691  Alpine8K_HLODLayer_Merged/Alpine8K_HLODLayer_Instanced_L0_X15_Y-15
    [ 21.7 min] 66/92  approve=66 reject=0  vram=7691 peak=7691  Alpine8K_HLODLayer_Merged/Alpine8K_HLODLayer_Instanced_L0_X15_Y-15
    [ 22.0 min] 68/92  approve=68 reject=0  vram=8175 peak=8175  Alpine8K_HLODLayer_Merged/Alpine8K_HLODLayer_Instanced_L1_X2_Y-7
    [ 22.3 min] 68/92  approve=68 reject=0  vram=8175 peak=8175  Alpine8K_HLODLayer_Merged/Alpine8K_HLODLayer_Instanced_L1_X2_Y-7
    [ 22.7 min] 68/92  approve=68 reject=0  vram=8175 peak=8175  Alpine8K_HLODLayer_Merged/Alpine8K_HLODLayer_Instanced_L1_X2_Y-7
    [ 23.0 min] 70/92  approve=70 reject=0  vram=8204 peak=8204  Alpine8K_HLODLayer_Merged/Alpine8K_HLODLayer_Instanced_L0_X3_Y4
    [ 23.3 min] 72/92  approve=72 reject=0  vram=8624 peak=8624  Alpine8K_HLODLayer_Merged/Alpine8K_HLODLayer_Instanced_L1_X2_Y1
    [ 23.7 min] 72/92  approve=72 reject=0  vram=8624 peak=8624  Alpine8K_HLODLayer_Merged/Alpine8K_HLODLayer_Instanced_L1_X2_Y1
    [ 24.0 min] 74/92  approve=74 reject=0  vram=8604 peak=8624  Alpine8K_HLODLayer_Merged/Alpine8K_HLODLayer_Instanced_L0_X-16_Y7
    [ 24.3 min] 74/92  approve=74 reject=0  vram=8653 peak=8653  Alpine8K_HLODLayer_Merged/Alpine8K_HLODLayer_Instanced_L0_X-16_Y7
    [ 24.7 min] 76/92  approve=76 reject=0  vram=9138 peak=9138  Alpine8K_HLODLayer_Merged/Alpine8K_HLODLayer_Instanced_L1_X7_Y4
    [ 25.0 min] 76/92  approve=76 reject=0  vram=9138 peak=9138  Alpine8K_HLODLayer_Merged/Alpine8K_HLODLayer_Instanced_L1_X7_Y4
    [ 25.3 min] 76/92  approve=76 reject=0  vram=9138 peak=9138  Alpine8K_HLODLayer_Merged/Alpine8K_HLODLayer_Instanced_L1_X7_Y4
    [ 25.7 min] 78/92  approve=78 reject=0  vram=9166 peak=9166  Alpine8K_HLODLayer_Merged/Alpine8K_HLODLayer_Instanced_L0_X-1_Y2
    [ 26.0 min] 80/92  approve=80 reject=0  vram=9166 peak=9166  Alpine8K_HLODLayer_Merged/Alpine8K_HLODLayer_Instanced_L0_X12_Y-12
    [ 26.4 min] 80/92  approve=80 reject=0  vram=9214 peak=9214  Alpine8K_HLODLayer_Merged/Alpine8K_HLODLayer_Instanced_L0_X12_Y-12
    [ 26.7 min] 80/92  approve=80 reject=0  vram=9214 peak=9214  Alpine8K_HLODLayer_Merged/Alpine8K_HLODLayer_Instanced_L0_X12_Y-12
    [ 27.0 min] 82/92  approve=82 reject=0  vram=9214 peak=9214  Alpine8K_HLODLayer_Merged/Alpine8K_HLODLayer_Instanced_L0_X9_Y-5
    [ 27.4 min] 82/92  approve=82 reject=0  vram=9262 peak=9262  Alpine8K_HLODLayer_Merged/Alpine8K_HLODLayer_Instanced_L0_X9_Y-5
    [ 27.7 min] 84/92  approve=84 reject=0  vram=9747 peak=9747  Alpine8K_HLODLayer_Merged/Alpine8K_HLODLayer_Instanced_L1_X3_Y-6
    [ 28.0 min] 84/92  approve=84 reject=0  vram=9747 peak=9747  Alpine8K_HLODLayer_Merged/Alpine8K_HLODLayer_Instanced_L1_X3_Y-6
    [ 28.4 min] 84/92  approve=84 reject=0  vram=9747 peak=9747  Alpine8K_HLODLayer_Merged/Alpine8K_HLODLayer_Instanced_L1_X3_Y-6
    [ 28.7 min] 86/92  approve=86 reject=0  vram=9727 peak=9747  Alpine8K_HLODLayer_Merged/Alpine8K_HLODLayer_Instanced_L0_X-14_Y7
    [ 29.0 min] 86/92  approve=86 reject=0  vram=9776 peak=9776  Alpine8K_HLODLayer_Merged/Alpine8K_HLODLayer_Instanced_L0_X-14_Y7
    [ 29.4 min] 86/92  approve=86 reject=0  vram=9776 peak=9776  Alpine8K_HLODLayer_Merged/Alpine8K_HLODLayer_Instanced_L0_X-14_Y7
    [ 29.7 min] 88/92  approve=88 reject=0  vram=9776 peak=9776  Alpine8K_HLODLayer_Merged/Alpine8K_HLODLayer_Instanced_L0_X-14_Y-14
    [ 30.0 min] 88/92  approve=88 reject=0  vram=9824 peak=9824  Alpine8K_HLODLayer_Merged/Alpine8K_HLODLayer_Instanced_L0_X-14_Y-14
    [ 30.4 min] 88/92  approve=88 reject=0  vram=9824 peak=9824  Alpine8K_HLODLayer_Merged/Alpine8K_HLODLayer_Instanced_L0_X-14_Y-14
    [ 30.7 min] 90/92  approve=90 reject=0  vram=9872 peak=9872  Alpine8K_HLODLayer_Merged/Alpine8K_HLODLayer_Instanced_L0_X0_Y-16
    [ 31.0 min] 92/92  approve=92 reject=0  vram=9872 peak=9872  Alpine8K_HLODLayer_Merged/Alpine8K_HLODLayer_Instanced_L0_X-15_Y0
    [ 31.4 min] 92/92  approve=92 reject=0  vram=9872 peak=9872  Alpine8K_HLODLayer_Merged/Alpine8K_HLODLayer_Instanced_L0_X-15_Y0
    [ 31.7 min] 92/92  approve=92 reject=0  vram=9920 peak=9920  Alpine8K_HLODLayer_Merged/Alpine8K_HLODLayer_Instanced_L0_X-15_Y0
    [ 32.1 min] 92/92  approve=92 reject=0  vram=9920 peak=9920  Alpine8K_HLODLayer_Merged/Alpine8K_HLODLayer_Instanced_L0_X-15_Y0
    [ 32.4 min] 92/92  approve=92 reject=0  vram=11 peak=9920  Alpine8K_HLODLayer_Merged/Alpine8K_HLODLayer_Instanced_L0_X-15_Y0
    done rc=1 in 32.4 min | approve=92 reject=0 | STALE 0 -> 0 (-0), current=1042 | vram peak 9920 MiB | true_exit=True | written=92 torn=0 last_write_to_exit=10.249s
  attribution  building-lines 92  decisions 92  approved 92  rejected 0
    Alpine8K_HLODLayer_Instanced       approve 49     reject 0       from Alpine8K_MainPartition x49
    Alpine8K_HLODLayer_Merged          approve 43     reject 0       from Alpine8K_HLODLayer_Instanced x43
warning: in the working copy of '_verify/hlod/build_20260914b/batches.json', CRLF will be replaced by LF the next time Git touches it
warning: in the working copy of '_verify/hlod/build_20260914b/run_console.log', LF will be replaced by CRLF the next time Git touches it
warning: in the working copy of '_verify/hlod/build_20260914b/batch_23.log', LF will be replaced by CRLF the next time Git touches it
[main 269a4189] HLOD batch 23: 0 cells de-staled, 0 -> 0 left, 32.4 min, VRAM peak 9920 MiB
 4 files changed, 4625 insertions(+), 3 deletions(-)
 create mode 100644 _verify/hlod/build_20260914b/batch_23.log

FINAL size census:  {"packages_listed": 2267, "packages_present": 2267, "packages_missing": 0, "missing_sample": [], "over_5mb": 0, "under_3mb": 2008, "shorter_than_1kb": 0, "total_bytes": 2554055148, "total_gb": 2.554}
FINAL layer census: {"Instancing(0)": 1225, "MeshApproximate(3)": 1042}
stride: [
  {
    "package": "LandscapeLab/Content/__ExternalActors__/Alpine8K/0/0Q/DKJMHCNOJVQ3B91V5L9MBR.uasset",
    "bytes": 83312,
    "band": "rebuilt<3MB"
  },
  {
    "package": "LandscapeLab/Content/__ExternalActors__/Alpine8K/1/CE/DO6QC5AL64EY5SIU10UUS9.uasset",
    "bytes": 74361,
    "band": "rebuilt<3MB"
  },
  {
    "package": "LandscapeLab/Content/__ExternalActors__/Alpine8K/2/PI/SZVE7ZGLCX2FMHCVGFETCT.uasset",
    "bytes": 1274728,
    "band": "rebuilt<3MB"
  },
  {
    "package": "LandscapeLab/Content/__ExternalActors__/Alpine8K/3/W1/9D380KWAFQT5NTIDCGJ1OI.uasset",
    "bytes": 54113,
    "band": "rebuilt<3MB"
  },
  {
    "package": "LandscapeLab/Content/__ExternalActors__/Alpine8K/5/4R/56DLZH2YIZ2V1EPMRRH951.uasset",
    "bytes": 3516119,
    "band": "middle"
  },
  {
    "package": "LandscapeLab/Content/__ExternalActors__/Alpine8K/6/8U/9I7XOABPKG20YVAK77BRC7.uasset",
    "bytes": 113773,
    "band": "rebuilt<3MB"
  },
  {
    "package": "LandscapeLab/Content/__ExternalActors__/Alpine8K/7/A6/CDROMIEJQ3EN6AEAKDCOLF.uasset",
    "bytes": 1306738,
    "band": "rebuilt<3MB"
  },
  {
    "package": "LandscapeLab/Content/__ExternalActors__/Alpine8K/8/MY/6IIL0NHEG83W6FBD8WLGZN.uasset",
    "bytes": 1186899,
    "band": "rebuilt<3MB"
  },
  {
    "package": "LandscapeLab/Content/__ExternalActors__/Alpine8K/9/RT/68FRW6C10MPDDKZZNNIX8F.uasset",
    "bytes": 76079,
    "band": "rebuilt<3MB"
  },
  {
    "package": "LandscapeLab/Content/__ExternalActors__/Alpine8K/B/0R/ISYU0YC9C5QHDYGLW3PS6U.uasset",
    "bytes": 1072845,
    "band": "rebuilt<3MB"
  },
  {
    "package": "LandscapeLab/Content/__ExternalActors__/Alpine8K/C/CW/R8BH2GDZ5SEUVMVG81LJYH.uasset",
    "bytes": 3962403,
    "band": "middle"
  },
  {
    "package": "LandscapeLab/Content/__ExternalActors__/Alpine8K/D/Q3/JAT3HKZ0RHXZSVOEDHODVC.uasset",
    "bytes": 1125989,
    "band": "rebuilt<3MB"
  }
]

WORLD UNIFORM: no cell records MeshMerge(1), all 2267 packages present.
